best_branch_score,branch_a_score,branch_b_score,branch_gap,branch_id,common_score,confidence,decision_kind,expected_label,graph_degraded,junction_score,method,query_id,reason,selected_windows,session_id
0.6471851865450541,0.6471851865450541,0.16248190899689993,0.4847032775481541,BRANCH_A,0.19720801214377084,0.9193341906821019,known_branch,BRANCH_A,False,0.06258795286218326,vxn_default,synthetic-branch_a-00,Acceptable evidence for BRANCH_A.,3,synthetic-branch_a-00
0.6475829482078552,0.6475829482078552,0.15530707438786825,0.49227587381998694,BRANCH_A,0.20330021778742471,0.9195392688132327,known_branch,BRANCH_A,False,0.059168064345916115,vxn_default,synthetic-branch_a-01,Acceptable evidence for BRANCH_A.,3,synthetic-branch_a-01
0.6466831564903259,0.6466831564903259,0.1540562311808268,0.49262692530949914,BRANCH_A,0.1869694540898005,0.9193419141666329,known_branch,BRANCH_A,False,0.06791281700134277,vxn_default,synthetic-branch_a-02,Acceptable evidence for BRANCH_A.,3,synthetic-branch_a-02
0.6428929368654887,0.6428929368654887,0.16820440193017325,0.4746885349353154,BRANCH_A,0.18666782478491464,0.9181978587790474,known_branch,BRANCH_A,False,0.050198366244633995,vxn_default,synthetic-branch_a-03,Acceptable evidence for BRANCH_A.,3,synthetic-branch_a-03
0.6427762111028036,0.6427762111028036,0.15598885218302408,0.48678735891977953,BRANCH_A,0.19056389729181925,0.9183750746688482,known_branch,BRANCH_A,False,0.0572496068974336,vxn_default,synthetic-branch_a-04,Acceptable evidence for BRANCH_A.,3,synthetic-branch_a-04
0.6424476703008016,0.6424476703008016,0.1559594472249349,0.4864882230758667,BRANCH_A,0.19065767029921213,0.9182964825167848,known_branch,BRANCH_A,False,0.05768387640515963,vxn_default,synthetic-branch_a-05,Acceptable evidence for BRANCH_A.,3,synthetic-branch_a-05
0.6466608842213949,0.6466608842213949,0.1551449199517568,0.49151596426963806,BRANCH_A,0.19481667379538217,0.9193206912804228,known_branch,BRANCH_A,False,0.06091801325480143,vxn_default,synthetic-branch_a-06,Acceptable evidence for BRANCH_A.,3,synthetic-branch_a-06
0.6478424072265625,0.6478424072265625,0.16610883673032126,0.4817335704962412,BRANCH_A,0.19491497675577799,0.9194336808035766,known_branch,BRANCH_A,False,0.06729137773315112,vxn_default,synthetic-branch_a-07,Acceptable evidence for BRANCH_A.,3,synthetic-branch_a-07
0.6458820899327596,0.6458820899327596,0.15476627151171365,0.491115818421046,BRANCH_A,0.1925173948208491,0.919139568334054,known_branch,BRANCH_A,False,0.06319897000988324,vxn_default,synthetic-branch_a-08,Acceptable evidence for BRANCH_A.,3,synthetic-branch_a-08
0.6457983454068502,0.6457983454068502,0.15859474738438925,0.48720359802246094,BRANCH_A,0.18697292109330496,0.9190615248598444,known_branch,BRANCH_A,False,0.0688317393263181,vxn_default,synthetic-branch_a-09,Acceptable evidence for BRANCH_A.,3,synthetic-branch_a-09
0.6438230077425638,0.6438230077425638,0.15488516290982565,0.48893784483273817,BRANCH_A,0.1879409452279409,0.9186436730196684,known_branch,BRANCH_A,False,0.047213305408755936,vxn_default,synthetic-branch_a-10,Acceptable evidence for BRANCH_A.,3,synthetic-branch_a-10
0.6498281558354696,0.6498281558354696,0.1502943386634191,0.4995338171720505,BRANCH_A,0.21328642964363098,0.9201454497751638,known_branch,BRANCH_A,False,0.05037334002554417,vxn_default,synthetic-branch_a-11,Acceptable evidence for BRANCH_A.,3,synthetic-branch_a-11
0.6459763050079346,0.6459763050079346,0.1596665233373642,0.4863097816705704,BRANCH_A,0.1903467228015264,0.9190876309929346,known_branch,BRANCH_A,False,0.05784367645780245,vxn_default,synthetic-branch_a-12,Acceptable evidence for BRANCH_A.,3,synthetic-branch_a-12
0.6451150178909302,0.6451150178909302,0.1576155424118042,0.487499475479126,BRANCH_A,0.18805421888828278,0.9189123549196483,known_branch,BRANCH_A,False,0.06524660065770149,vxn_default,synthetic-branch_a-13,Acceptable evidence for BRANCH_A.,3,synthetic-branch_a-13
0.6440469026565552,0.6440469026565552,0.16079970200856528,0.48324720064798987,BRANCH_A,0.18722370763619742,0.9186045767189195,known_branch,BRANCH_A,False,0.05983827883998553,vxn_default,synthetic-branch_a-14,Acceptable evidence for BRANCH_A.,3,synthetic-branch_a-14
0.6481019258499146,0.6481019258499146,0.15680051843325296,0.4913014074166616,BRANCH_A,0.19970358411471048,0.9196417688302483,known_branch,BRANCH_A,False,0.0692942850291729,vxn_default,synthetic-branch_a-15,Acceptable evidence for BRANCH_A.,3,synthetic-branch_a-15
0.6391605138778687,0.6391605138778687,0.15462027986844382,0.4845402340094248,BRANCH_A,0.19745115439097086,0.9175260290365972,known_branch,BRANCH_A,False,0.04484518803656101,vxn_default,synthetic-branch_a-16,Acceptable evidence for BRANCH_A.,3,synthetic-branch_a-16
0.650761087735494,0.650761087735494,0.14425269762674967,0.5065083901087444,BRANCH_A,0.20084003607432047,0.9204441919913333,known_branch,BRANCH_A,False,0.06381452704469363,vxn_default,synthetic-branch_a-17,Acceptable evidence for BRANCH_A.,3,synthetic-branch_a-17
0.645602822303772,0.645602822303772,0.14995462695757547,0.49564819534619653,BRANCH_A,0.20212479929129282,0.9191418094491209,known_branch,BRANCH_A,False,0.059691657622655235,vxn_default,synthetic-branch_a-18,Acceptable evidence for BRANCH_A.,3,synthetic-branch_a-18
0.6402556697527567,0.6402556697527567,0.1584770530462265,0.4817786167065302,BRANCH_A,0.1945227086544037,0.9177274122272101,known_branch,BRANCH_A,False,0.056643929332494736,vxn_default,synthetic-branch_a-19,Acceptable evidence for BRANCH_A.,3,synthetic-branch_a-19
0.647787352403005,0.647787352403005,0.15626108149687448,0.49152627090613055,BRANCH_A,0.19292799135049185,0.9195742980527246,known_branch,BRANCH_A,False,0.06028721978267034,vxn_default,synthetic-branch_a-20,Acceptable evidence for BRANCH_A.,3,synthetic-branch_a-20
0.6433740059534708,0.6433740059534708,0.15091866751511893,0.4924553384383519,BRANCH_A,0.19310207664966583,0.9185948660404004,known_branch,BRANCH_A,False,0.06097064291437467,vxn_default,synthetic-branch_a-21,Acceptable evidence for BRANCH_A.,3,synthetic-branch_a-21
0.649614175160726,0.649614175160726,0.1573030650615692,0.49231111009915673,BRANCH_A,0.18884589771429697,0.9199968076375082,known_branch,BRANCH_A,False,0.05858484283089638,vxn_default,synthetic-branch_a-22,Acceptable evidence for BRANCH_A.,3,synthetic-branch_a-22
0.6466106573740641,0.6466106573740641,0.15454729398091635,0.4920633633931477,BRANCH_A,0.18775280813376108,0.9193174061419374,known_branch,BRANCH_A,False,0.057388381411631904,vxn_default,synthetic-branch_a-23,Acceptable evidence for BRANCH_A.,3,synthetic-branch_a-23
0.655653735001882,0.1743935892979304,0.655653735001882,0.4812601457039516,BRANCH_B,0.1452192688981692,0.9211833496490128,known_branch,BRANCH_B,False,0.0987378458182017,vxn_default,synthetic-branch_b-00,Acceptable evidence for BRANCH_B.,3,synthetic-branch_b-00
0.6622414191563925,0.16973944505055746,0.6622414191563925,0.49250197410583496,BRANCH_B,0.13454769551753998,0.9228407110930383,known_branch,BRANCH_B,False,0.09748952339092891,vxn_default,synthetic-branch_b-01,Acceptable evidence for BRANCH_B.,3,synthetic-branch_b-01
0.655336876710256,0.16713475187619528,0.655336876710256,0.48820212483406067,BRANCH_B,0.13191885004440942,0.9212230794478524,known_branch,BRANCH_B,False,0.09088203310966492,vxn_default,synthetic-branch_b-02,Acceptable evidence for BRANCH_B.,3,synthetic-branch_b-02
0.657278041044871,0.17498179773489633,0.657278041044871,0.48229624330997467,BRANCH_B,0.12408686677614848,0.921566003648959,known_branch,BRANCH_B,False,0.08201753472288449,vxn_default,synthetic-branch_b-03,Acceptable evidence for BRANCH_B.,3,synthetic-branch_b-03
0.6553046902020773,0.1625929574171702,0.6553046902020773,0.4927117327849071,BRANCH_B,0.1348827282587687,0.9212829876140862,known_branch,BRANCH_B,False,0.09242103745539983,vxn_default,synthetic-branch_b-04,Acceptable evidence for BRANCH_B.,3,synthetic-branch_b-04
0.6563387314478556,0.16371267040570578,0.6563387314478556,0.4926260610421498,BRANCH_B,0.1302055890361468,0.9215144060072424,known_branch,BRANCH_B,False,0.09234915673732758,vxn_default,synthetic-branch_b-05,Acceptable evidence for BRANCH_B.,3,synthetic-branch_b-05
0.6588379144668579,0.1643642634153366,0.6588379144668579,0.4944736510515213,BRANCH_B,0.1373375654220581,0.922103191790056,known_branch,BRANCH_B,False,0.10107756654421489,vxn_default,synthetic-branch_b-06,Acceptable evidence for BRANCH_B.,3,synthetic-branch_b-06
0.6595104138056437,0.16845843692620596,0.6595104138056437,0.4910519768794377,BRANCH_B,0.13048377136389414,0.922204998087957,known_branch,BRANCH_B,False,0.09719465424617131,vxn_default,synthetic-branch_b-07,Acceptable evidence for BRANCH_B.,3,synthetic-branch_b-07
0.6574689745903015,0.1626138985157013,0.6574689745903015,0.4948550760746002,BRANCH_B,0.1399048219124476,0.9218005694232029,known_branch,BRANCH_B,False,0.1030593290925026,vxn_default,synthetic-branch_b-08,Acceptable evidence for BRANCH_B.,3,synthetic-branch_b-08
0.6575835148493449,0.17742657661437988,0.6575835148493449,0.48015693823496497,BRANCH_B,0.13100134829680124,0.9215990067503287,known_branch,BRANCH_B,False,0.08973654483755429,vxn_default,synthetic-branch_b-09,Acceptable evidence for BRANCH_B.,3,synthetic-branch_b-09
0.6544797221819559,0.17142900824546814,0.6544797221819559,0.4830507139364878,BRANCH_B,0.12230358024438222,0.9209487572267996,known_branch,BRANCH_B,False,0.08433999369541804,vxn_default,synthetic-branch_b-10,Acceptable evidence for BRANCH_B.,3,synthetic-branch_b-10
0.6532674233118693,0.1673240065574646,0.6532674233118693,0.48594341675440467,BRANCH_B,0.153828427195549,0.9207223759761365,known_branch,BRANCH_B,False,0.10141960283120473,vxn_default,synthetic-branch_b-11,Acceptable evidence for BRANCH_B.,3,synthetic-branch_b-11
0.6564171314239502,0.16179999709129333,0.6564171314239502,0.49461713433265686,BRANCH_B,0.13683857023715973,0.9215605458653053,known_branch,BRANCH_B,False,0.11019868652025859,vxn_default,synthetic-branch_b-12,Acceptable evidence for BRANCH_B.,3,synthetic-branch_b-12
0.6561596790949503,0.15493682026863098,0.6561596790949503,0.5012228588263193,BRANCH_B,0.1454529364903768,0.9215922684102397,known_branch,BRANCH_B,False,0.0829478179415067,vxn_default,synthetic-branch_b-13,Acceptable evidence for BRANCH_B.,3,synthetic-branch_b-13
0.6590059200922648,0.16409359872341156,0.6590059200922648,0.4949123213688532,BRANCH_B,0.1315034901102384,0.9221471887664716,known_branch,BRANCH_B,False,0.10013252745072047,vxn_default,synthetic-branch_b-14,Acceptable evidence for BRANCH_B.,3,synthetic-branch_b-14
0.6528244018554688,0.15881700813770294,0.6528244018554688,0.4940073937177658,BRANCH_B,0.1462104320526123,0.920743528909787,known_branch,BRANCH_B,False,0.10204127182563145,vxn_default,synthetic-branch_b-15,Acceptable evidence for BRANCH_B.,3,synthetic-branch_b-15
0.6559661030769348,0.15875659883022308,0.6559661030769348,0.49720950424671173,BRANCH_B,0.14917372663815817,0.9214951281935595,known_branch,BRANCH_B,False,0.09170368313789368,vxn_default,synthetic-branch_b-16,Acceptable evidence for BRANCH_B.,3,synthetic-branch_b-16
0.6564271450042725,0.15432304640611014,0.6564271450042725,0.5021040985981623,BRANCH_B,0.14267790814240774,0.9216638601210114,known_branch,BRANCH_B,False,0.08571617305278778,vxn_default,synthetic-branch_b-17,Acceptable evidence for BRANCH_B.,3,synthetic-branch_b-17
0.6557602087656657,0.16583203772703806,0.6557602087656657,0.4899281710386276,BRANCH_B,0.13381556669871011,0.9213444769211607,known_branch,BRANCH_B,False,0.09145612517992656,vxn_default,synthetic-branch_b-18,Acceptable evidence for BRANCH_B.,3,synthetic-branch_b-18
0.6552366614341736,0.16642439365386963,0.6552366614341736,0.48881226778030396,BRANCH_B,0.1328043391307195,0.9212098382724261,known_branch,BRANCH_B,False,0.0983178938428561,vxn_default,synthetic-branch_b-19,Acceptable evidence for BRANCH_B.,3,synthetic-branch_b-19
0.6578112244606018,0.17333605885505676,0.6578112244606018,0.48447516560554504,BRANCH_B,0.14554164310296377,0.9217213957060448,known_branch,BRANCH_B,False,0.09290502468744914,vxn_default,synthetic-branch_b-20,Acceptable evidence for BRANCH_B.,3,synthetic-branch_b-20
0.6560758749643961,0.16086551050345102,0.6560758749643961,0.49521036446094513,BRANCH_B,0.1447703242301941,0.9214921188650314,known_branch,BRANCH_B,False,0.09425806254148483,vxn_default,synthetic-branch_b-21,Acceptable evidence for BRANCH_B.,3,synthetic-branch_b-21
0.6534180641174316,0.15576937794685364,0.6534180641174316,0.497648686170578,BRANCH_B,0.1492144912481308,0.9209278146321527,known_branch,BRANCH_B,False,0.09904306630293529,vxn_default,synthetic-branch_b-22,Acceptable evidence for BRANCH_B.,3,synthetic-branch_b-22
0.6578147610028585,0.1787294993797938,0.6578147610028585,0.47908526162306475,BRANCH_B,0.1239678884545962,0.9216327784647745,known_branch,BRANCH_B,False,0.09470319996277492,vxn_default,synthetic-branch_b-23,Acceptable evidence for BRANCH_B.,3,synthetic-branch_b-23
0.1941302369038264,0.1941302369038264,0.1452336460351944,0.04889659086863199,,0.1994525045156479,,unknown_route,UNKNOWN,False,0.13207651923100153,vxn_default,synthetic-unknown-00,Evidence is weak for both learned branches.,3,synthetic-unknown-00
0.19313234090805054,0.19313234090805054,0.17482339342435202,0.018308947483698518,,0.17025506496429443,,unknown_route,UNKNOWN,False,0.10558958848317464,vxn_default,synthetic-unknown-01,Evidence is weak for both learned branches.,3,synthetic-unknown-01
0.1851603090763092,0.18187670409679413,0.1851603090763092,0.0032836049795150757,,0.16297440230846405,,unknown_route,UNKNOWN,False,0.1326810692747434,vxn_default,synthetic-unknown-02,Evidence is weak for both learned branches.,3,synthetic-unknown-02
0.2062132010857264,0.2062132010857264,0.18018455306688944,0.026028648018836975,,0.17796697715918222,,unknown_route,UNKNOWN,False,0.10752864678700765,vxn_default,synthetic-unknown-03,Evidence is weak for both learned branches.,3,synthetic-unknown-03
0.17331943909327188,0.17331943909327188,0.13627052555481592,0.03704891353845596,,0.1765204519033432,,unknown_route,UNKNOWN,False,0.08791053543488185,vxn_default,synthetic-unknown-04,Evidence is weak for both learned branches.,3,synthetic-unknown-04
0.20529512067635855,0.20529512067635855,0.17906985183556876,0.026225268840789795,,0.17542443176110586,,unknown_route,UNKNOWN,False,0.1101854642232259,vxn_default,synthetic-unknown-05,Evidence is weak for both learned branches.,3,synthetic-unknown-05
0.19393273691336313,0.19393273691336313,0.17992739379405975,0.014005343119303376,,0.17349477112293243,,unknown_route,UNKNOWN,False,0.07672815521558125,vxn_default,synthetic-unknown-06,Evidence is weak for both learned branches.,3,synthetic-unknown-06
0.1917780637741089,0.1917780637741089,0.1423133114973704,0.049464752276738494,,0.2185125251611074,,unknown_route,UNKNOWN,False,0.1283418262998263,vxn_default,synthetic-unknown-07,Evidence is weak for both learned branches.,3,synthetic-unknown-07
0.20736568172772726,0.20736568172772726,0.16430425147215524,0.04306143025557202,,0.2084509233633677,,unknown_route,UNKNOWN,False,0.10505106300115585,vxn_default,synthetic-unknown-08,Evidence is weak for both learned branches.,3,synthetic-unknown-08
0.19262650609016418,0.19262650609016418,0.1794059524933497,0.013220553596814483,,0.1602241943279902,,unknown_route,UNKNOWN,False,0.1129043276111285,vxn_default,synthetic-unknown-09,Evidence is weak for both learned branches.,3,synthetic-unknown-09
0.19486160576343536,0.17431700229644775,0.19486160576343536,0.02054460346698761,,0.19290334979693094,,unknown_route,UNKNOWN,False,0.10981518278519313,vxn_default,synthetic-unknown-10,Evidence is weak for both learned branches.,3,synthetic-unknown-10
0.2023077110449473,0.16540981829166412,0.2023077110449473,0.036897892753283174,,0.17657976349194845,,unknown_route,UNKNOWN,False,0.11034338921308517,vxn_default,synthetic-unknown-11,Evidence is weak for both learned branches.,3,synthetic-unknown-11
0.18913667400678,0.18913667400678,0.17368821799755096,0.015448456009229034,,0.17714890340963999,,unknown_route,UNKNOWN,False,0.0990009034673373,vxn_default,synthetic-unknown-12,Evidence is weak for both learned branches.,3,synthetic-unknown-12
0.19556104143460593,0.17023504773775736,0.19556104143460593,0.02532599369684857,,0.15857485433419546,,unknown_route,UNKNOWN,False,0.10530444234609604,vxn_default,synthetic-unknown-13,Evidence is weak for both learned branches.,3,synthetic-unknown-13
0.18650399148464203,0.15944524109363556,0.18650399148464203,0.02705875039100647,,0.17643945415814719,,unknown_route,UNKNOWN,False,0.13208329180876413,vxn_default,synthetic-unknown-14,Evidence is weak for both learned branches.,3,synthetic-unknown-14
0.1838573863108953,0.1838573863108953,0.1641456037759781,0.019711782534917205,,0.17360219359397888,,unknown_route,UNKNOWN,False,0.10819748416543007,vxn_default,synthetic-unknown-15,Evidence is weak for both learned branches.,3,synthetic-unknown-15
0.21569299201170603,0.17443270484606424,0.21569299201170603,0.041260287165641785,,0.16544886430104574,,unknown_route,UNKNOWN,False,0.12342530240615208,vxn_default,synthetic-unknown-16,Evidence is weak for both learned branches.,3,synthetic-unknown-16
0.20666233698527017,0.20666233698527017,0.1475758651892344,0.05908647179603577,,0.19277347127596536,,unknown_route,UNKNOWN,False,0.14716915041208267,vxn_default,synthetic-unknown-17,Evidence is weak for both learned branches.,3,synthetic-unknown-17
0.19328407446543375,0.19328407446543375,0.17931724091370901,0.013966833551724733,,0.17999592423439026,,unknown_route,UNKNOWN,False,0.11960518856843312,vxn_default,synthetic-unknown-18,Evidence is weak for both learned branches.,3,synthetic-unknown-18
0.20410558581352234,0.20410558581352234,0.1568379799524943,0.047267605861028045,,0.18362065156300864,,unknown_route,UNKNOWN,False,0.1105715682109197,vxn_default,synthetic-unknown-19,Evidence is weak for both learned branches.,3,synthetic-unknown-19
0.1881334731976191,0.1881334731976191,0.16263181467851004,0.02550165851910907,,0.18502643207708994,,unknown_route,UNKNOWN,False,0.08815089116493861,vxn_default,synthetic-unknown-20,Evidence is weak for both learned branches.,3,synthetic-unknown-20
0.17885193725426993,0.17885193725426993,0.15889298915863037,0.019958948095639556,,0.1566697210073471,,unknown_route,UNKNOWN,False,0.08476607998212178,vxn_default,synthetic-unknown-21,Evidence is weak for both learned branches.,3,synthetic-unknown-21
0.19338790575663248,0.19338790575663248,0.15211066603660583,0.04127723972002664,,0.17771215736865997,,unknown_route,UNKNOWN,False,0.15426385899384817,vxn_default,synthetic-unknown-22,Evidence is weak for both learned branches.,3,synthetic-unknown-22
0.18823682268460593,0.17562665045261383,0.18823682268460593,0.012610172231992095,,0.18810687959194183,,unknown_route,UNKNOWN,False,0.12289601316054662,vxn_default,synthetic-unknown-23,Evidence is weak for both learned branches.,3,synthetic-unknown-23
0.4617879092693329,0.44830920298894245,0.4617879092693329,0.01347870628039044,,0.1538761854171753,,unknown_route,AMBIGUOUS,False,0.07282015557090442,vxn_default,synthetic-ambiguous-00,Evidence is weak for both learned branches.,3,synthetic-ambiguous-00
0.4645448128382365,0.4369079569975535,0.4645448128382365,0.027636855840682983,,0.15677768488725027,,unknown_route,AMBIGUOUS,False,0.07685209562381108,vxn_default,synthetic-ambiguous-01,Evidence is weak for both learned branches.,3,synthetic-ambiguous-01
0.4669789175192515,0.439208726088206,0.4669789175192515,0.027770191431045532,,0.15292485058307648,,unknown_route,AMBIGUOUS,False,0.08585495750109355,vxn_default,synthetic-ambiguous-02,Evidence is weak for both learned branches.,3,synthetic-ambiguous-02
0.45650218923886615,0.45650218923886615,0.45374757051467896,0.0027546187241871967,,0.17812609672546387,,unknown_route,AMBIGUOUS,False,0.07232219601670901,vxn_default,synthetic-ambiguous-03,Evidence is weak for both learned branches.,3,synthetic-ambiguous-03
0.4702185293038686,0.434363196293513,0.4702185293038686,0.035855333010355595,,0.14071187376976013,,unknown_route,AMBIGUOUS,False,0.08184868097305298,vxn_default,synthetic-ambiguous-04,Evidence is weak for both learned branches.,3,synthetic-ambiguous-04
0.4615899622440338,0.44231732686360675,0.4615899622440338,0.01927263538042706,,0.1611576626698176,,unknown_route,AMBIGUOUS,False,0.06963031614820163,vxn_default,synthetic-ambiguous-05,Evidence is weak for both learned branches.,3,synthetic-ambiguous-05
0.4677887757619222,0.4392043749491374,0.4677887757619222,0.028584400812784794,,0.16731625298659006,,unknown_route,AMBIGUOUS,False,0.07041889304916064,vxn_default,synthetic-ambiguous-06,Evidence is weak for both learned branches.,3,synthetic-ambiguous-06
0.4667271176973979,0.43601517875989276,0.4667271176973979,0.030711938937505123,,0.1644517034292221,,unknown_route,AMBIGUOUS,False,0.06959061697125435,vxn_default,synthetic-ambiguous-07,Evidence is weak for both learned branches.,3,synthetic-ambiguous-07
0.467574675877889,0.42994985977808636,0.467574675877889,0.037624816099802616,,0.15707155068715414,,unknown_route,AMBIGUOUS,False,0.08383737504482269,vxn_default,synthetic-ambiguous-08,Evidence is weak for both learned branches.,3,synthetic-ambiguous-08
0.47132229804992676,0.4360348383585612,0.47132229804992676,0.03528745969136554,,0.16150491933027902,,unknown_route,AMBIGUOUS,False,0.07193823779622714,vxn_default,synthetic-ambiguous-09,Evidence is weak for both learned branches.,3,synthetic-ambiguous-09
0.45928630232810974,0.44816939036051434,0.45928630232810974,0.0111169119675954,,0.1597711145877838,,unknown_route,AMBIGUOUS,False,0.0904645100235939,vxn_default,synthetic-ambiguous-10,Evidence is weak for both learned branches.,3,synthetic-ambiguous-10
0.4744724631309509,0.43035658200581867,0.4744724631309509,0.04411588112513226,,0.1540935536225637,,unknown_route,AMBIGUOUS,False,0.08995887885491054,vxn_default,synthetic-ambiguous-11,Evidence is weak for both learned branches.,3,synthetic-ambiguous-11
0.6471851865450541,0.6471851865450541,0.16248191396395364,0.48470327258110046,BRANCH_A,0.19720801214377084,0.9193341906026609,known_branch,BRANCH_A,False,0.06258795286218326,vxn_reference_windows,synthetic-branch_a-00,Acceptable evidence for BRANCH_A.,3,synthetic-branch_a-00
0.6475829482078552,0.6475829482078552,0.15530707438786825,0.49227587381998694,BRANCH_A,0.20330022275447845,0.9195392688132327,known_branch,BRANCH_A,False,0.059168064345916115,vxn_reference_windows,synthetic-branch_a-01,Acceptable evidence for BRANCH_A.,3,synthetic-branch_a-01
0.6466831564903259,0.6466831564903259,0.15405623614788055,0.4926269203424454,BRANCH_A,0.1869694540898005,0.9193419140946515,known_branch,BRANCH_A,False,0.06791281700134277,vxn_reference_windows,synthetic-branch_a-02,Acceptable evidence for BRANCH_A.,3,synthetic-branch_a-02
0.6428929567337036,0.6428929567337036,0.16820440193017325,0.47468855480353034,BRANCH_A,0.18666783471902212,0.9181978636093115,known_branch,BRANCH_A,False,0.050198366244633995,vxn_reference_windows,synthetic-branch_a-03,Acceptable evidence for BRANCH_A.,3,synthetic-branch_a-03
0.6427761912345886,0.6427761912345886,0.15598885218302408,0.48678733905156457,BRANCH_A,0.19056389232476553,0.9183750698888702,known_branch,BRANCH_A,False,0.0572496068974336,vxn_reference_windows,synthetic-branch_a-04,Acceptable evidence for BRANCH_A.,3,synthetic-branch_a-04
0.6424476703008016,0.6424476703008016,0.1559594472249349,0.4864882230758667,BRANCH_A,0.19065767526626587,0.9182964825167848,known_branch,BRANCH_A,False,0.05768387640515963,vxn_reference_windows,synthetic-branch_a-05,Acceptable evidence for BRANCH_A.,3,synthetic-branch_a-05
0.6466608842213949,0.6466608842213949,0.15514491498470306,0.49151596923669183,BRANCH_A,0.19481666386127472,0.9193206913534064,known_branch,BRANCH_A,False,0.06091801325480143,vxn_reference_windows,synthetic-branch_a-06,Acceptable evidence for BRANCH_A.,3,synthetic-branch_a-06
0.6478424072265625,0.6478424072265625,0.16610883673032126,0.4817335704962412,BRANCH_A,0.19491497675577799,0.9194336808035766,known_branch,BRANCH_A,False,0.06729137773315112,vxn_reference_windows,synthetic-branch_a-07,Acceptable evidence for BRANCH_A.,3,synthetic-branch_a-07
0.6458820501963297,0.6458820501963297,0.15476627151171365,0.4911157786846161,BRANCH_A,0.19251738488674164,0.9191395588065724,known_branch,BRANCH_A,False,0.06319897000988324,vxn_reference_windows,synthetic-branch_a-08,Acceptable evidence for BRANCH_A.,3,synthetic-branch_a-08
0.6457983454068502,0.6457983454068502,0.15859474738438925,0.48720359802246094,BRANCH_A,0.18697292606035867,0.9190615248598444,known_branch,BRANCH_A,False,0.0688317393263181,vxn_reference_windows,synthetic-branch_a-09,Acceptable evidence for BRANCH_A.,3,synthetic-branch_a-09
0.643822987874349,0.643822987874349,0.15488516290982565,0.4889378249645233,BRANCH_A,0.1879409452279409,0.9186436682478663,known_branch,BRANCH_A,False,0.047213305408755936,vxn_reference_windows,synthetic-branch_a-10,Acceptable evidence for BRANCH_A.,3,synthetic-branch_a-10
0.6498281558354696,0.6498281558354696,0.1502943386634191,0.4995338171720505,BRANCH_A,0.21328642467657724,0.9201454497751638,known_branch,BRANCH_A,False,0.05037334002554417,vxn_reference_windows,synthetic-branch_a-11,Acceptable evidence for BRANCH_A.,3,synthetic-branch_a-11
0.6459763050079346,0.6459763050079346,0.15966652830441794,0.4863097767035166,BRANCH_A,0.1903467377026876,0.9190876309150658,known_branch,BRANCH_A,False,0.05784367645780245,vxn_reference_windows,synthetic-branch_a-12,Acceptable evidence for BRANCH_A.,3,synthetic-branch_a-12
0.6451149781545004,0.6451149781545004,0.15761555234591165,0.48749942580858874,BRANCH_A,0.18805421888828278,0.9189123452117061,known_branch,BRANCH_A,False,0.06524660065770149,vxn_reference_windows,synthetic-branch_a-13,Acceptable evidence for BRANCH_A.,3,synthetic-branch_a-13
0.6440469225247701,0.6440469225247701,0.16079971690972647,0.48324720561504364,BRANCH_A,0.18722370763619742,0.9186045812701611,known_branch,BRANCH_A,False,0.05983827883998553,vxn_reference_windows,synthetic-branch_a-14,Acceptable evidence for BRANCH_A.,3,synthetic-branch_a-14
0.6481019059816996,0.6481019059816996,0.1568005234003067,0.4913013825813929,BRANCH_A,0.19970358908176422,0.9196417639940055,known_branch,BRANCH_A,False,0.0692942850291729,vxn_reference_windows,synthetic-branch_a-15,Acceptable evidence for BRANCH_A.,3,synthetic-branch_a-15
0.6391605138778687,0.6391605138778687,0.15462027986844382,0.4845402340094248,BRANCH_A,0.19745115439097086,0.9175260290365972,known_branch,BRANCH_A,False,0.04484518927832445,vxn_reference_windows,synthetic-branch_a-16,Acceptable evidence for BRANCH_A.,3,synthetic-branch_a-16
0.650761087735494,0.650761087735494,0.14425269762674967,0.5065083901087444,BRANCH_A,0.2008400410413742,0.9204441919913333,known_branch,BRANCH_A,False,0.06381452704469363,vxn_reference_windows,synthetic-branch_a-17,Acceptable evidence for BRANCH_A.,3,synthetic-branch_a-17
0.6456028620402018,0.6456028620402018,0.14995462199052176,0.49564824004968,BRANCH_A,0.2021248092254003,0.9191418190137381,known_branch,BRANCH_A,False,0.059691657622655235,vxn_reference_windows,synthetic-branch_a-18,Acceptable evidence for BRANCH_A.,3,synthetic-branch_a-18
0.6402556697527567,0.6402556697527567,0.15847705801328024,0.48177861173947645,BRANCH_A,0.19452271858851114,0.9177274121448256,known_branch,BRANCH_A,False,0.056643929332494736,vxn_reference_windows,synthetic-branch_a-19,Acceptable evidence for BRANCH_A.,3,synthetic-branch_a-19
0.64778733253479,0.64778733253479,0.15626108149687448,0.4915262510379156,BRANCH_A,0.19292799135049185,0.9195742932904789,known_branch,BRANCH_A,False,0.06028721978267034,vxn_reference_windows,synthetic-branch_a-20,Acceptable evidence for BRANCH_A.,3,synthetic-branch_a-20
0.643373986085256,0.643373986085256,0.15091866751511893,0.492455318570137,BRANCH_A,0.19310207664966583,0.9185948612815108,known_branch,BRANCH_A,False,0.06097064291437467,vxn_reference_windows,synthetic-branch_a-21,Acceptable evidence for BRANCH_A.,3,synthetic-branch_a-21
0.6496141950289408,0.6496141950289408,0.15730307002862295,0.4923111250003178,BRANCH_A,0.18884589771429697,0.9199968123246515,known_branch,BRANCH_A,False,0.05858484283089638,vxn_reference_windows,synthetic-branch_a-22,Acceptable evidence for BRANCH_A.,3,synthetic-branch_a-22
0.646610677242279,0.646610677242279,0.1545472890138626,0.49206338822841644,BRANCH_A,0.18775280813376108,0.9193174109747262,known_branch,BRANCH_A,False,0.057388381411631904,vxn_reference_windows,synthetic-branch_a-23,Acceptable evidence for BRANCH_A.,3,synthetic-branch_a-23
0.655653715133667,0.17439358433087668,0.655653715133667,0.4812601308027903,BRANCH_B,0.14521927138169607,0.9211833449299115,known_branch,BRANCH_B,False,0.0987378458182017,vxn_reference_windows,synthetic-branch_b-00,Acceptable evidence for BRANCH_B.,3,synthetic-branch_b-00
0.6622413992881775,0.16973944505055746,0.6622413992881775,0.49250195423762,BRANCH_B,0.13454770545164743,0.922840706334316,known_branch,BRANCH_B,False,0.09748952587445577,vxn_reference_windows,synthetic-branch_b-01,Acceptable evidence for BRANCH_B.,3,synthetic-branch_b-01
0.655336876710256,0.16713474690914154,0.655336876710256,0.48820212980111444,BRANCH_B,0.13191885004440942,0.9212230795239091,known_branch,BRANCH_B,False,0.09088202814261119,vxn_reference_windows,synthetic-branch_b-02,Acceptable evidence for BRANCH_B.,3,synthetic-branch_b-02
0.657278041044871,0.17498180270195007,0.657278041044871,0.4822962383429209,BRANCH_B,0.12408686180909474,0.9215660035671032,known_branch,BRANCH_B,False,0.08201753472288449,vxn_reference_windows,synthetic-branch_b-03,Acceptable evidence for BRANCH_B.,3,synthetic-branch_b-03
0.6553046902020773,0.16259295245011648,0.6553046902020773,0.49271173775196075,BRANCH_B,0.1348827282587687,0.9212829876859918,known_branch,BRANCH_B,False,0.09242103745539983,vxn_reference_windows,synthetic-branch_b-04,Acceptable evidence for BRANCH_B.,3,synthetic-branch_b-04
0.6563387115796407,0.1637126753727595,0.6563387115796407,0.4926260362068813,BRANCH_B,0.1302055890361468,0.9215144011769832,known_branch,BRANCH_B,False,0.09234915673732758,vxn_reference_windows,synthetic-branch_b-05,Acceptable evidence for BRANCH_B.,3,synthetic-branch_b-05
0.658837894598643,0.16436424851417542,0.658837894598643,0.49447364608446753,BRANCH_B,0.1373375654220581,0.922103187249362,known_branch,BRANCH_B,False,0.10107756654421489,vxn_reference_windows,synthetic-branch_b-06,Acceptable evidence for BRANCH_B.,3,synthetic-branch_b-06
0.6595103740692139,0.16845843692620596,0.6595103740692139,0.4910519371430079,BRANCH_B,0.13048376639684042,0.9222049885600091,known_branch,BRANCH_B,False,0.09719465424617131,vxn_reference_windows,synthetic-branch_b-07,Acceptable evidence for BRANCH_B.,3,synthetic-branch_b-07
0.6574689745903015,0.16261390348275503,0.6574689745903015,0.49485507110754645,BRANCH_B,0.1399048169453939,0.9218005693531904,known_branch,BRANCH_B,False,0.1030593290925026,vxn_reference_windows,synthetic-branch_b-08,Acceptable evidence for BRANCH_B.,3,synthetic-branch_b-08
0.6575835347175598,0.17742658158143362,0.6575835347175598,0.48015695313612616,BRANCH_B,0.13100134829680124,0.9215990114728669,known_branch,BRANCH_B,False,0.08973654483755429,vxn_reference_windows,synthetic-branch_b-09,Acceptable evidence for BRANCH_B.,3,synthetic-branch_b-09
0.6544797221819559,0.1714290032784144,0.6544797221819559,0.48305071890354156,BRANCH_B,0.12230358024438222,0.9209487573078907,known_branch,BRANCH_B,False,0.08433999369541804,vxn_reference_windows,synthetic-branch_b-10,Acceptable evidence for BRANCH_B.,3,synthetic-branch_b-10
0.6532674630482992,0.16732400159041086,0.6532674630482992,0.48594346145788836,BRANCH_B,0.153828427195549,0.9207223856208542,known_branch,BRANCH_B,False,0.10141960283120473,vxn_reference_windows,synthetic-branch_b-11,Acceptable evidence for BRANCH_B.,3,synthetic-branch_b-11
0.6564171314239502,0.16179999709129333,0.6564171314239502,0.49461713433265686,BRANCH_B,0.13683857023715973,0.9215605458653053,known_branch,BRANCH_B,False,0.11019868652025859,vxn_reference_windows,synthetic-branch_b-12,Acceptable evidence for BRANCH_B.,3,synthetic-branch_b-12
0.6561596790949503,0.15493682026863098,0.6561596790949503,0.5012228588263193,BRANCH_B,0.1454529364903768,0.9215922684102397,known_branch,BRANCH_B,False,0.0829478179415067,vxn_reference_windows,synthetic-branch_b-13,Acceptable evidence for BRANCH_B.,3,synthetic-branch_b-13
0.659005880355835,0.1640935887893041,0.659005880355835,0.4949122915665308,BRANCH_B,0.13150349507729212,0.9221471794059999,known_branch,BRANCH_B,False,0.10013252745072047,vxn_reference_windows,synthetic-branch_b-14,Acceptable evidence for BRANCH_B.,3,synthetic-branch_b-14
0.6528244018554688,0.15881700813770294,0.6528244018554688,0.4940073937177658,BRANCH_B,0.14621043701966605,0.920743528909787,known_branch,BRANCH_B,False,0.10204127430915833,vxn_reference_windows,synthetic-branch_b-15,Acceptable evidence for BRANCH_B.,3,synthetic-branch_b-15
0.6559661030769348,0.15875659883022308,0.6559661030769348,0.49720950424671173,BRANCH_B,0.14917372663815817,0.9214951281935595,known_branch,BRANCH_B,False,0.09170367817083995,vxn_reference_windows,synthetic-branch_b-16,Acceptable evidence for BRANCH_B.,3,synthetic-branch_b-16
0.6564271052678426,0.15432304640611014,0.6564271052678426,0.5021040588617325,BRANCH_B,0.1426779180765152,0.9216638506685539,known_branch,BRANCH_B,False,0.08571617305278778,vxn_reference_windows,synthetic-branch_b-17,Acceptable evidence for BRANCH_B.,3,synthetic-branch_b-17
0.6557602087656657,0.1658320426940918,0.6557602087656657,0.48992816607157386,BRANCH_B,0.13381556669871011,0.9213444768467204,known_branch,BRANCH_B,False,0.09145612517992656,vxn_reference_windows,synthetic-branch_b-18,Acceptable evidence for BRANCH_B.,3,synthetic-branch_b-18
0.6552366415659586,0.16642439365386963,0.6552366415659586,0.488812247912089,BRANCH_B,0.13280434409777322,0.9212098335001525,known_branch,BRANCH_B,False,0.09831789632638295,vxn_reference_windows,synthetic-branch_b-19,Acceptable evidence for BRANCH_B.,3,synthetic-branch_b-19
0.6578112045923868,0.17333605885505676,0.6578112045923868,0.4844751457373301,BRANCH_B,0.14554164310296377,0.9217213909170295,known_branch,BRANCH_B,False,0.09290502468744914,vxn_reference_windows,synthetic-branch_b-20,Acceptable evidence for BRANCH_B.,3,synthetic-branch_b-20
0.6560758948326111,0.16086551050345102,0.6560758948326111,0.4952103843291601,BRANCH_B,0.1447703242301941,0.9214921236141933,known_branch,BRANCH_B,False,0.09425806254148483,vxn_reference_windows,synthetic-branch_b-21,Acceptable evidence for BRANCH_B.,3,synthetic-branch_b-21
0.6534180641174316,0.15576939284801483,0.6534180641174316,0.4976486712694168,BRANCH_B,0.1492144912481308,0.9209278144292949,known_branch,BRANCH_B,False,0.09904306630293529,vxn_reference_windows,synthetic-branch_b-22,Acceptable evidence for BRANCH_B.,3,synthetic-branch_b-22
0.6578147212664286,0.17872950931390127,0.6578147212664286,0.4790852119525273,BRANCH_B,0.1239678884545962,0.9216327686721641,known_branch,BRANCH_B,False,0.09470319996277492,vxn_reference_windows,synthetic-branch_b-23,Acceptable evidence for BRANCH_B.,3,synthetic-branch_b-23
0.1941302369038264,0.1941302369038264,0.1452336460351944,0.04889659086863199,,0.19945250948270163,,unknown_route,UNKNOWN,False,0.13207651923100153,vxn_reference_windows,synthetic-unknown-00,Evidence is weak for both learned branches.,3,synthetic-unknown-00
0.19313234090805054,0.19313234090805054,0.17482339342435202,0.018308947483698518,,0.17025506496429443,,unknown_route,UNKNOWN,False,0.10558958848317464,vxn_reference_windows,synthetic-unknown-01,Evidence is weak for both learned branches.,3,synthetic-unknown-01
0.1851603090763092,0.18187671899795532,0.1851603090763092,0.003283590078353882,,0.1629743973414103,,unknown_route,UNKNOWN,False,0.1326810692747434,vxn_reference_windows,synthetic-unknown-02,Evidence is weak for both learned branches.,3,synthetic-unknown-02
0.20621320605278015,0.20621320605278015,0.18018455306688944,0.026028652985890716,,0.17796697715918222,,unknown_route,UNKNOWN,False,0.10752864927053452,vxn_reference_windows,synthetic-unknown-03,Evidence is weak for both learned branches.,3,synthetic-unknown-03
0.17331944902737936,0.17331944902737936,0.13627053052186966,0.037048918505509704,,0.1765204519033432,,unknown_route,UNKNOWN,False,0.08791053543488185,vxn_reference_windows,synthetic-unknown-04,Evidence is weak for both learned branches.,3,synthetic-unknown-04
0.20529510577519736,0.20529510577519736,0.1790698617696762,0.026225244005521148,,0.17542443176110586,,unknown_route,UNKNOWN,False,0.11018546670675278,vxn_reference_windows,synthetic-unknown-05,Evidence is weak for both learned branches.,3,synthetic-unknown-05
0.19393273691336313,0.19393273691336313,0.17992739379405975,0.014005343119303376,,0.17349477112293243,,unknown_route,UNKNOWN,False,0.07672815521558125,vxn_reference_windows,synthetic-unknown-06,Evidence is weak for both learned branches.,3,synthetic-unknown-06
0.19177806874116263,0.19177806874116263,0.14231331646442413,0.049464752276738494,,0.21851253509521484,,unknown_route,UNKNOWN,False,0.1283418262998263,vxn_reference_windows,synthetic-unknown-07,Evidence is weak for both learned branches.,3,synthetic-unknown-07
0.20736568172772726,0.20736568172772726,0.16430424650510153,0.04306143522262573,,0.2084509233633677,,unknown_route,UNKNOWN,False,0.10505106300115585,vxn_reference_windows,synthetic-unknown-08,Evidence is weak for both learned branches.,3,synthetic-unknown-08
0.19262651105721793,0.19262651105721793,0.1794059524933497,0.013220558563868223,,0.16022418439388275,,unknown_route,UNKNOWN,False,0.1129043276111285,vxn_reference_windows,synthetic-unknown-09,Evidence is weak for both learned branches.,3,synthetic-unknown-09
0.1948616107304891,0.1743170072635015,0.1948616107304891,0.02054460346698761,,0.19290334979693094,,unknown_route,UNKNOWN,False,0.10981518278519313,vxn_reference_windows,synthetic-unknown-10,Evidence is weak for both learned branches.,3,synthetic-unknown-10
0.2023077110449473,0.16540981829166412,0.2023077110449473,0.036897892753283174,,0.17657976845900217,,unknown_route,UNKNOWN,False,0.11034338921308517,vxn_reference_windows,synthetic-unknown-11,Evidence is weak for both learned branches.,3,synthetic-unknown-11
0.18913667400678,0.18913667400678,0.17368821799755096,0.015448456009229034,,0.17714890340963999,,unknown_route,UNKNOWN,False,0.0990009034673373,vxn_reference_windows,synthetic-unknown-12,Evidence is weak for both learned branches.,3,synthetic-unknown-12
0.19556104143460593,0.17023504277070364,0.19556104143460593,0.025325998663902283,,0.15857485930124918,,unknown_route,UNKNOWN,False,0.10530444234609604,vxn_reference_windows,synthetic-unknown-13,Evidence is weak for both learned branches.,3,synthetic-unknown-13
0.18650399148464203,0.15944524109363556,0.18650399148464203,0.02705875039100647,,0.17643945415814719,,unknown_route,UNKNOWN,False,0.13208329180876413,vxn_reference_windows,synthetic-unknown-14,Evidence is weak for both learned branches.,3,synthetic-unknown-14
0.18385738134384155,0.18385738134384155,0.16414560874303183,0.019711772600809724,,0.17360219359397888,,unknown_route,UNKNOWN,False,0.10819748416543007,vxn_reference_windows,synthetic-unknown-15,Evidence is weak for both learned branches.,3,synthetic-unknown-15
0.21569299201170603,0.17443270484606424,0.21569299201170603,0.041260287165641785,,0.16544886430104574,,unknown_route,UNKNOWN,False,0.12342529743909836,vxn_reference_windows,synthetic-unknown-16,Evidence is weak for both learned branches.,3,synthetic-unknown-16
0.20666233698527017,0.20666233698527017,0.14757585525512695,0.05908648173014322,,0.19277347127596536,,unknown_route,UNKNOWN,False,0.14716915041208267,vxn_reference_windows,synthetic-unknown-17,Evidence is weak for both learned branches.,3,synthetic-unknown-17
0.19328406949838003,0.19328406949838003,0.17931723594665527,0.013966833551724761,,0.17999591926733652,,unknown_route,UNKNOWN,False,0.11960518856843312,vxn_reference_windows,synthetic-unknown-18,Evidence is weak for both learned branches.,3,synthetic-unknown-18
0.20410558581352234,0.20410558581352234,0.15683797498544058,0.04726761082808176,,0.18362065156300864,,unknown_route,UNKNOWN,False,0.1105715682109197,vxn_reference_windows,synthetic-unknown-19,Evidence is weak for both learned branches.,3,synthetic-unknown-19
0.1881334731976191,0.1881334731976191,0.16263181467851004,0.02550165851910907,,0.18502643704414368,,unknown_route,UNKNOWN,False,0.08815089116493861,vxn_reference_windows,synthetic-unknown-20,Evidence is weak for both learned branches.,3,synthetic-unknown-20
0.17885193725426993,0.17885193725426993,0.15889298419157663,0.019958953062693296,,0.15666971604029337,,unknown_route,UNKNOWN,False,0.08476607998212178,vxn_reference_windows,synthetic-unknown-21,Evidence is weak for both learned branches.,3,synthetic-unknown-21
0.19338790575663248,0.19338790575663248,0.1521106610695521,0.04127724468708038,,0.17771215736865997,,unknown_route,UNKNOWN,False,0.15426385899384817,vxn_reference_windows,synthetic-unknown-22,Evidence is weak for both learned branches.,3,synthetic-unknown-22
0.18823682765165964,0.17562665045261383,0.18823682765165964,0.012610177199045808,,0.18810687959194183,,unknown_route,UNKNOWN,False,0.12289601316054662,vxn_reference_windows,synthetic-unknown-23,Evidence is weak for both learned branches.,3,synthetic-unknown-23
0.4617879092693329,0.44830920298894245,0.4617879092693329,0.01347870628039044,,0.1538761854171753,,unknown_route,AMBIGUOUS,False,0.07282015557090442,vxn_reference_windows,synthetic-ambiguous-00,Evidence is weak for both learned branches.,3,synthetic-ambiguous-00
0.4645448128382365,0.43690794706344604,0.4645448128382365,0.027636865774790464,,0.15677768488725027,,unknown_route,AMBIGUOUS,False,0.07685209562381108,vxn_reference_windows,synthetic-ambiguous-01,Evidence is weak for both learned branches.,3,synthetic-ambiguous-01
0.4669789175192515,0.439208726088206,0.4669789175192515,0.027770191431045532,,0.15292486051718393,,unknown_route,AMBIGUOUS,False,0.08585495750109355,vxn_reference_windows,synthetic-ambiguous-02,Evidence is weak for both learned branches.,3,synthetic-ambiguous-02
0.4565021793047587,0.4565021793047587,0.4537475605805715,0.002754618724187252,,0.1781261016925176,,unknown_route,AMBIGUOUS,False,0.07232219601670901,vxn_reference_windows,synthetic-ambiguous-03,Evidence is weak for both learned branches.,3,synthetic-ambiguous-03
0.4702185293038686,0.4343631664911906,0.4702185293038686,0.03585536281267798,,0.14071187128623328,,unknown_route,AMBIGUOUS,False,0.08184868097305298,vxn_reference_windows,synthetic-ambiguous-04,Evidence is weak for both learned branches.,3,synthetic-ambiguous-04
0.4615899423758189,0.4423173169294993,0.4615899423758189,0.01927262544631958,,0.1611576626698176,,unknown_route,AMBIGUOUS,False,0.06963031614820163,vxn_reference_windows,synthetic-ambiguous-05,Evidence is weak for both learned branches.,3,synthetic-ambiguous-05
0.4677887558937073,0.4392043749491374,0.4677887558937073,0.028584380944569887,,0.1673162430524826,,unknown_route,AMBIGUOUS,False,0.07041889304916064,vxn_reference_windows,synthetic-ambiguous-06,Evidence is weak for both learned branches.,3,synthetic-ambiguous-06
0.4667271276315053,0.43601517875989276,0.4667271276315053,0.03071194887161255,,0.16445169846216837,,unknown_route,AMBIGUOUS,False,0.06959061572949092,vxn_reference_windows,synthetic-ambiguous-07,Evidence is weak for both learned branches.,3,synthetic-ambiguous-07
0.46757466594378155,0.42994985977808636,0.46757466594378155,0.03762480616569519,,0.15707155565420786,,unknown_route,AMBIGUOUS,False,0.08383737256129582,vxn_reference_windows,synthetic-ambiguous-08,Evidence is weak for both learned branches.,3,synthetic-ambiguous-08
0.47132229804992676,0.43603482842445374,0.47132229804992676,0.03528746962547302,,0.16150491933027902,,unknown_route,AMBIGUOUS,False,0.07193823779622714,vxn_reference_windows,synthetic-ambiguous-09,Evidence is weak for both learned branches.,3,synthetic-ambiguous-09
0.45928628245989483,0.44816939036051434,0.45928628245989483,0.011116892099380493,,0.1597711145877838,,unknown_route,AMBIGUOUS,False,0.09046451499064763,vxn_reference_windows,synthetic-ambiguous-10,Evidence is weak for both learned branches.,3,synthetic-ambiguous-10
0.47447248299916583,0.43035656213760376,0.47447248299916583,0.044115920861562075,,0.15409354865550995,,unknown_route,AMBIGUOUS,False,0.08995887637138367,vxn_reference_windows,synthetic-ambiguous-11,Evidence is weak for both learned branches.,3,synthetic-ambiguous-11
0.6487924456596375,0.6487924456596375,0.15799260139465332,0.49079984426498413,BRANCH_A,0.20851750671863556,0.9197897232210914,known_branch,BRANCH_A,False,0.05075911059975624,vxn_disjoint_best,synthetic-branch_a-00,Acceptable evidence for BRANCH_A.,1,synthetic-branch_a-00
0.6517522931098938,0.6517522931098938,0.15483830869197845,0.49691398441791534,BRANCH_A,0.20730525255203247,0.9205429683657896,known_branch,BRANCH_A,False,0.03687802702188492,vxn_disjoint_best,synthetic-branch_a-01,Acceptable evidence for BRANCH_A.,1,synthetic-branch_a-01
0.6505252718925476,0.6505252718925476,0.15549471974372864,0.49503055214881897,BRANCH_A,0.1890268176794052,0.9202407070142983,known_branch,BRANCH_A,False,0.05293110013008118,vxn_disjoint_best,synthetic-branch_a-02,Acceptable evidence for BRANCH_A.,1,synthetic-branch_a-02
0.6409392356872559,0.6409392356872559,0.16653291881084442,0.47440631687641144,BRANCH_A,0.1724923998117447,0.9177531546068987,known_branch,BRANCH_A,False,0.057017382234334946,vxn_disjoint_best,synthetic-branch_a-03,Acceptable evidence for BRANCH_A.,1,synthetic-branch_a-03
0.6446416974067688,0.6446416974067688,0.1485692411661148,0.496072456240654,BRANCH_A,0.19295068085193634,0.9189314620915829,known_branch,BRANCH_A,False,0.041194427758455276,vxn_disjoint_best,synthetic-branch_a-04,Acceptable evidence for BRANCH_A.,1,synthetic-branch_a-04
0.6426481604576111,0.6426481604576111,0.1541403979063034,0.4885077625513077,BRANCH_A,0.19460980594158173,0.9183727893930105,known_branch,BRANCH_A,False,0.037763725966215134,vxn_disjoint_best,synthetic-branch_a-05,Acceptable evidence for BRANCH_A.,1,synthetic-branch_a-05
0.6486454606056213,0.6486454606056213,0.1522466391324997,0.49639882147312164,BRANCH_A,0.2040390968322754,0.9198368306608966,known_branch,BRANCH_A,False,0.04601624608039856,vxn_disjoint_best,synthetic-branch_a-06,Acceptable evidence for BRANCH_A.,1,synthetic-branch_a-06
0.6470661759376526,0.6470661759376526,0.1646568477153778,0.4824093282222748,BRANCH_A,0.1783766746520996,0.9192701963008577,known_branch,BRANCH_A,False,0.061597391963005066,vxn_disjoint_best,synthetic-branch_a-07,Acceptable evidence for BRANCH_A.,1,synthetic-branch_a-07
0.6433350443840027,0.6433350443840027,0.14817069470882416,0.49516434967517853,BRANCH_A,0.17898350954055786,0.9186247860670356,known_branch,BRANCH_A,False,0.06476946920156479,vxn_disjoint_best,synthetic-branch_a-08,Acceptable evidence for BRANCH_A.,1,synthetic-branch_a-08
0.6478270888328552,0.6478270888328552,0.15615026652812958,0.49167682230472565,BRANCH_A,0.18902386724948883,0.919585448530237,known_branch,BRANCH_A,False,0.053856536746025085,vxn_disjoint_best,synthetic-branch_a-09,Acceptable evidence for BRANCH_A.,1,synthetic-branch_a-09
0.6457330584526062,0.6457330584526062,0.15120486915111542,0.4945281893014908,BRANCH_A,0.19262449443340302,0.9191553713195011,known_branch,BRANCH_A,False,0.02820751629769802,vxn_disjoint_best,synthetic-branch_a-10,Acceptable evidence for BRANCH_A.,1,synthetic-branch_a-10
0.652437150478363,0.652437150478363,0.15647806227207184,0.4959590882062912,BRANCH_A,0.20370347797870636,0.9206838639936011,known_branch,BRANCH_A,False,0.027063356712460518,vxn_disjoint_best,synthetic-branch_a-11,Acceptable evidence for BRANCH_A.,1,synthetic-branch_a-11
0.647231936454773,0.647231936454773,0.15626788139343262,0.49096405506134033,BRANCH_A,0.19358867406845093,0.9194410406064315,known_branch,BRANCH_A,False,0.04309053346514702,vxn_disjoint_best,synthetic-branch_a-12,Acceptable evidence for BRANCH_A.,1,synthetic-branch_a-12
0.6494411826133728,0.6494411826133728,0.1548733413219452,0.4945678412914276,BRANCH_A,0.1935405135154724,0.9199902603050627,known_branch,BRANCH_A,False,0.04891997203230858,vxn_disjoint_best,synthetic-branch_a-13,Acceptable evidence for BRANCH_A.,1,synthetic-branch_a-13
0.6468924283981323,0.6468924283981323,0.15225212275981903,0.4946403056383133,BRANCH_A,0.19255344569683075,0.9194178152139012,known_branch,BRANCH_A,False,0.04411424323916435,vxn_disjoint_best,synthetic-branch_a-14,Acceptable evidence for BRANCH_A.,1,synthetic-branch_a-14
0.650755763053894,0.650755763053894,0.15701518952846527,0.49374057352542877,BRANCH_A,0.20440040528774261,0.920274278038616,known_branch,BRANCH_A,False,0.05825395509600639,vxn_disjoint_best,synthetic-branch_a-15,Acceptable evidence for BRANCH_A.,1,synthetic-branch_a-15
0.6420883536338806,0.6420883536338806,0.15357910096645355,0.48850925266742706,BRANCH_A,0.19485919177532196,0.9182468555878218,known_branch,BRANCH_A,False,0.021970314905047417,vxn_disjoint_best,synthetic-branch_a-16,Acceptable evidence for BRANCH_A.,1,synthetic-branch_a-16
0.6564258337020874,0.6564258337020874,0.14887988567352295,0.5075459480285645,BRANCH_A,0.19950436055660248,0.9217313277964566,known_branch,BRANCH_A,False,0.03377540782094002,vxn_disjoint_best,synthetic-branch_a-17,Acceptable evidence for BRANCH_A.,1,synthetic-branch_a-17
0.6479915380477905,0.6479915380477905,0.15351076424121857,0.49448077380657196,BRANCH_A,0.19586223363876343,0.9196628579668972,known_branch,BRANCH_A,False,0.03766844421625137,vxn_disjoint_best,synthetic-branch_a-18,Acceptable evidence for BRANCH_A.,1,synthetic-branch_a-18
0.6399165987968445,0.6399165987968445,0.1571936160326004,0.4827229827642441,BRANCH_A,0.18116408586502075,0.9176666930695611,known_branch,BRANCH_A,False,0.06239891052246094,vxn_disjoint_best,synthetic-branch_a-19,Acceptable evidence for BRANCH_A.,1,synthetic-branch_a-19
0.6505577564239502,0.6505577564239502,0.151250958442688,0.4993067979812622,BRANCH_A,0.1998002529144287,0.9203065867934243,known_branch,BRANCH_A,False,0.046556904911994934,vxn_disjoint_best,synthetic-branch_a-20,Acceptable evidence for BRANCH_A.,1,synthetic-branch_a-20
0.6444059014320374,0.6444059014320374,0.14786683022975922,0.49653907120227814,BRANCH_A,0.19991455972194672,0.9188848673952754,known_branch,BRANCH_A,False,0.05122847482562065,vxn_disjoint_best,synthetic-branch_a-21,Acceptable evidence for BRANCH_A.,1,synthetic-branch_a-21
0.6512546539306641,0.6512546539306641,0.1491442769765854,0.5021103769540787,BRANCH_A,0.19140022993087769,0.9205001304844629,known_branch,BRANCH_A,False,0.03899921849370003,vxn_disjoint_best,synthetic-branch_a-22,Acceptable evidence for BRANCH_A.,1,synthetic-branch_a-22
0.6501752734184265,0.6501752734184265,0.15482056140899658,0.49535471200942993,BRANCH_A,0.1915743201971054,0.9201665073491676,known_branch,BRANCH_A,False,0.038492728024721146,vxn_disjoint_best,synthetic-branch_a-23,Acceptable evidence for BRANCH_A.,1,synthetic-branch_a-23
0.6571100354194641,0.15569721162319183,0.6571100354194641,0.5014128237962723,BRANCH_B,0.12354352325201035,0.9218085691913656,known_branch,BRANCH_B,False,0.11076729744672775,vxn_disjoint_best,synthetic-branch_b-00,Acceptable evidence for BRANCH_B.,1,synthetic-branch_b-00
0.6624933481216431,0.14306341111660004,0.6624933481216431,0.519429937005043,BRANCH_B,0.13134247064590454,0.9232294575931118,known_branch,BRANCH_B,False,0.11125148087739944,vxn_disjoint_best,synthetic-branch_b-01,Acceptable evidence for BRANCH_B.,1,synthetic-branch_b-01
0.6572397351264954,0.14160822331905365,0.6572397351264954,0.5156315118074417,BRANCH_B,0.13196195662021637,0.9220070243939873,known_branch,BRANCH_B,False,0.1108555793762207,vxn_disjoint_best,synthetic-branch_b-02,Acceptable evidence for BRANCH_B.,1,synthetic-branch_b-02
0.6548057794570923,0.148268923163414,0.6548057794570923,0.5065368562936783,BRANCH_B,0.13468387722969055,0.9213545946116211,known_branch,BRANCH_B,False,0.09974491596221924,vxn_disjoint_best,synthetic-branch_b-03,Acceptable evidence for BRANCH_B.,1,synthetic-branch_b-03
0.6556742787361145,0.12882496416568756,0.6556742787361145,0.5268493145704269,BRANCH_B,0.13614879548549652,0.9217687167978358,known_branch,BRANCH_B,False,0.10744651407003403,vxn_disjoint_best,synthetic-branch_b-04,Acceptable evidence for BRANCH_B.,1,synthetic-branch_b-04
0.6566891074180603,0.13953131437301636,0.6566891074180603,0.517157793045044,BRANCH_B,0.1199786439538002,0.9218995847143321,known_branch,BRANCH_B,False,0.11086475104093552,vxn_disjoint_best,synthetic-branch_b-05,Acceptable evidence for BRANCH_B.,1,synthetic-branch_b-05
0.6587066650390625,0.1370263248682022,0.6587066650390625,0.5216803401708603,BRANCH_B,0.1332293599843979,0.9224004854697516,known_branch,BRANCH_B,False,0.11895102262496948,vxn_disjoint_best,synthetic-branch_b-06,Acceptable evidence for BRANCH_B.,1,synthetic-branch_b-06
0.6600461602210999,0.14710015058517456,0.6600461602210999,0.5129460096359253,BRANCH_B,0.1353941410779953,0.9226087528740343,known_branch,BRANCH_B,False,0.1196071058511734,vxn_disjoint_best,synthetic-branch_b-07,Acceptable evidence for BRANCH_B.,1,synthetic-branch_b-07
0.6600410342216492,0.1485898196697235,0.6600410342216492,0.5114512145519257,BRANCH_B,0.1317383497953415,0.9225906225888985,known_branch,BRANCH_B,False,0.11229436844587326,vxn_disjoint_best,synthetic-branch_b-08,Acceptable evidence for BRANCH_B.,1,synthetic-branch_b-08
0.6599462628364563,0.14558109641075134,0.6599462628364563,0.514365166425705,BRANCH_B,0.1318168044090271,0.9226021038835754,known_branch,BRANCH_B,False,0.11640410125255585,vxn_disjoint_best,synthetic-branch_b-09,Acceptable evidence for BRANCH_B.,1,synthetic-branch_b-09
0.6553575992584229,0.14437557756900787,0.6553575992584229,0.510982021689415,BRANCH_B,0.11751803755760193,0.9215314554038483,known_branch,BRANCH_B,False,0.10555996745824814,vxn_disjoint_best,synthetic-branch_b-10,Acceptable evidence for BRANCH_B.,1,synthetic-branch_b-10
0.6563511490821838,0.16033273935317993,0.6563511490821838,0.4960184097290039,BRANCH_B,0.148719921708107,0.9215653381195297,known_branch,BRANCH_B,False,0.11016061902046204,vxn_disjoint_best,synthetic-branch_b-11,Acceptable evidence for BRANCH_B.,1,synthetic-branch_b-11
0.6581144332885742,0.1360929310321808,0.6581144332885742,0.5220215022563934,BRANCH_B,0.1378406137228012,0.9222706688779062,known_branch,BRANCH_B,False,0.13274213671684265,vxn_disjoint_best,synthetic-branch_b-12,Acceptable evidence for BRANCH_B.,1,synthetic-branch_b-12
0.6548183560371399,0.1378098875284195,0.6548183560371399,0.5170084685087204,BRANCH_B,0.1331585794687271,0.9214770698801118,known_branch,BRANCH_B,False,0.0864926278591156,vxn_disjoint_best,synthetic-branch_b-13,Acceptable evidence for BRANCH_B.,1,synthetic-branch_b-13
0.6605474948883057,0.14741529524326324,0.6605474948883057,0.5131321996450424,BRANCH_B,0.12755170464515686,0.9227236457446721,known_branch,BRANCH_B,False,0.1173119843006134,vxn_disjoint_best,synthetic-branch_b-14,Acceptable evidence for BRANCH_B.,1,synthetic-branch_b-14
0.6528140902519226,0.13812988996505737,0.6528140902519226,0.5146842002868652,BRANCH_B,0.13948853313922882,0.9210008848856441,known_branch,BRANCH_B,False,0.12047486007213593,vxn_disjoint_best,synthetic-branch_b-15,Acceptable evidence for BRANCH_B.,1,synthetic-branch_b-15
0.6568521857261658,0.13486509025096893,0.6568521857261658,0.5219870954751968,BRANCH_B,0.13816390931606293,0.9219863173570124,known_branch,BRANCH_B,False,0.11237096041440964,vxn_disjoint_best,synthetic-branch_b-16,Acceptable evidence for BRANCH_B.,1,synthetic-branch_b-16
0.6573023200035095,0.13409371674060822,0.6573023200035095,0.5232086032629013,BRANCH_B,0.13122250139713287,0.9220997844588108,known_branch,BRANCH_B,False,0.09578049927949905,vxn_disjoint_best,synthetic-branch_b-17,Acceptable evidence for BRANCH_B.,1,synthetic-branch_b-17
0.6545096039772034,0.13696470856666565,0.6545096039772034,0.5175448954105377,BRANCH_B,0.13022305071353912,0.9214133194534871,known_branch,BRANCH_B,False,0.11337009072303772,vxn_disjoint_best,synthetic-branch_b-18,Acceptable evidence for BRANCH_B.,1,synthetic-branch_b-18
0.6571438908576965,0.13933099806308746,0.6571438908576965,0.5178128927946091,BRANCH_B,0.1323097199201584,0.9220088768034846,known_branch,BRANCH_B,False,0.11550996452569962,vxn_disjoint_best,synthetic-branch_b-19,Acceptable evidence for BRANCH_B.,1,synthetic-branch_b-19
0.6618386507034302,0.14955255389213562,0.6618386507034302,0.5122860968112946,BRANCH_B,0.13182590901851654,0.9230046073254341,known_branch,BRANCH_B,False,0.10149411857128143,vxn_disjoint_best,synthetic-branch_b-20,Acceptable evidence for BRANCH_B.,1,synthetic-branch_b-20
0.6586194038391113,0.13040967285633087,0.6586194038391113,0.5282097309827805,BRANCH_B,0.14421069622039795,0.9224441335255098,known_branch,BRANCH_B,False,0.10338618606328964,vxn_disjoint_best,synthetic-branch_b-21,Acceptable evidence for BRANCH_B.,1,synthetic-branch_b-21
0.651837944984436,0.1374107003211975,0.651837944984436,0.5144272446632385,BRANCH_B,0.12745340168476105,0.9207784183598589,known_branch,BRANCH_B,False,0.11534630507230759,vxn_disjoint_best,synthetic-branch_b-22,Acceptable evidence for BRANCH_B.,1,synthetic-branch_b-22
0.6593119502067566,0.15460917353630066,0.6593119502067566,0.5047027766704559,BRANCH_B,0.12220731377601624,0.9223458735814885,known_branch,BRANCH_B,False,0.1136714369058609,vxn_disjoint_best,synthetic-branch_b-23,Acceptable evidence for BRANCH_B.,1,synthetic-branch_b-23
0.19671855866909027,0.19671855866909027,0.14567767083644867,0.0510408878326416,,0.19851016998291016,,unknown_route,UNKNOWN,False,0.13145528733730316,vxn_disjoint_best,synthetic-unknown-00,Evidence is weak for both learned branches.,1,synthetic-unknown-00
0.19984714686870575,0.19984714686870575,0.17579403519630432,0.024053111672401428,,0.1661822646856308,,unknown_route,UNKNOWN,False,0.10259111225605011,vxn_disjoint_best,synthetic-unknown-01,Evidence is weak for both learned branches.,1,synthetic-unknown-01
0.19240471720695496,0.17874754965305328,0.19240471720695496,0.013657167553901672,,0.16614235937595367,,unknown_route,UNKNOWN,False,0.1484813094139099,vxn_disjoint_best,synthetic-unknown-02,Evidence is weak for both learned branches.,1,synthetic-unknown-02
0.21406441926956177,0.21406441926956177,0.18626560270786285,0.027798816561698914,,0.17312400043010712,,unknown_route,UNKNOWN,False,0.10991639643907547,vxn_disjoint_best,synthetic-unknown-03,Evidence is weak for both learned branches.,1,synthetic-unknown-03
0.1698114424943924,0.1698114424943924,0.11692487448453903,0.05288656800985336,,0.17451123893260956,,unknown_route,UNKNOWN,False,0.10532166063785553,vxn_disjoint_best,synthetic-unknown-04,Evidence is weak for both learned branches.,1,synthetic-unknown-04
0.2073897123336792,0.2073897123336792,0.1735621839761734,0.0338275283575058,,0.18789075314998627,,unknown_route,UNKNOWN,False,0.11957284063100815,vxn_disjoint_best,synthetic-unknown-05,Evidence is weak for both learned branches.,1,synthetic-unknown-05
0.19479288160800934,0.19479288160800934,0.17756877839565277,0.017224103212356567,,0.16932417452335358,,unknown_route,UNKNOWN,False,0.06421711295843124,vxn_disjoint_best,synthetic-unknown-06,Evidence is weak for both learned branches.,1,synthetic-unknown-06
0.20118406414985657,0.20118406414985657,0.1369318664073944,0.06425219774246216,,0.2244846373796463,,unknown_route,UNKNOWN,False,0.12136133760213852,vxn_disjoint_best,synthetic-unknown-07,Evidence is weak for both learned branches.,1,synthetic-unknown-07
0.2137816995382309,0.2137816995382309,0.15680168569087982,0.056980013847351074,,0.20781153440475464,,unknown_route,UNKNOWN,False,0.1175680086016655,vxn_disjoint_best,synthetic-unknown-08,Evidence is weak for both learned branches.,1,synthetic-unknown-08
0.20022189617156982,0.20022189617156982,0.18068261444568634,0.019539281725883484,,0.16435836255550385,,unknown_route,UNKNOWN,False,0.10272592306137085,vxn_disjoint_best,synthetic-unknown-09,Evidence is weak for both learned branches.,1,synthetic-unknown-09
0.20440280437469482,0.1779906004667282,0.20440280437469482,0.026412203907966614,,0.19868429005146027,,unknown_route,UNKNOWN,False,0.10347875207662582,vxn_disjoint_best,synthetic-unknown-10,Evidence is weak for both learned branches.,1,synthetic-unknown-10
0.20800364017486572,0.1614474356174469,0.20800364017486572,0.04655620455741882,,0.17232602834701538,,unknown_route,UNKNOWN,False,0.11204516887664795,vxn_disjoint_best,synthetic-unknown-11,Evidence is weak for both learned branches.,1,synthetic-unknown-11
0.19016721844673157,0.19016721844673157,0.17455707490444183,0.015610143542289734,,0.1808745414018631,,unknown_route,UNKNOWN,False,0.12556980550289154,vxn_disjoint_best,synthetic-unknown-12,Evidence is weak for both learned branches.,1,synthetic-unknown-12
0.19466671347618103,0.17016632854938507,0.19466671347618103,0.02450038492679596,,0.14611846208572388,,unknown_route,UNKNOWN,False,0.09898624569177628,vxn_disjoint_best,synthetic-unknown-13,Evidence is weak for both learned branches.,1,synthetic-unknown-13
0.1944696307182312,0.1589222103357315,0.1944696307182312,0.035547420382499695,,0.16964583098888397,,unknown_route,UNKNOWN,False,0.13235731422901154,vxn_disjoint_best,synthetic-unknown-14,Evidence is weak for both learned branches.,1,synthetic-unknown-14
0.20769430696964264,0.20769430696964264,0.14631353318691254,0.0613807737827301,,0.17115269601345062,,unknown_route,UNKNOWN,False,0.15156301856040955,vxn_disjoint_best,synthetic-unknown-15,Evidence is weak for both learned branches.,1,synthetic-unknown-15
0.22922758758068085,0.17324115335941315,0.22922758758068085,0.0559864342212677,,0.16540266573429108,,unknown_route,UNKNOWN,False,0.12951545417308807,vxn_disjoint_best,synthetic-unknown-16,Evidence is weak for both learned branches.,1,synthetic-unknown-16
0.21169798076152802,0.21169798076152802,0.14580599963665009,0.06589198112487793,,0.1882128119468689,,unknown_route,UNKNOWN,False,0.17253631353378296,vxn_disjoint_best,synthetic-unknown-17,Evidence is weak for both learned branches.,1,synthetic-unknown-17
0.20221996307373047,0.20221996307373047,0.17973564565181732,0.022484317421913147,,0.19326461851596832,,unknown_route,UNKNOWN,False,0.1090068593621254,vxn_disjoint_best,synthetic-unknown-18,Evidence is weak for both learned branches.,1,synthetic-unknown-18
0.19980931282043457,0.19980931282043457,0.14279837906360626,0.05701093375682831,,0.17739708721637726,,unknown_route,UNKNOWN,False,0.0983588695526123,vxn_disjoint_best,synthetic-unknown-19,Evidence is weak for both learned branches.,1,synthetic-unknown-19
0.19197578728199005,0.19197578728199005,0.15468865633010864,0.03728713095188141,,0.17860908806324005,,unknown_route,UNKNOWN,False,0.08886991441249847,vxn_disjoint_best,synthetic-unknown-20,Evidence is weak for both learned branches.,1,synthetic-unknown-20
0.1796635091304779,0.1796635091304779,0.1540190875530243,0.025644421577453613,,0.1602153778076172,,unknown_route,UNKNOWN,False,0.08028365671634674,vxn_disjoint_best,synthetic-unknown-21,Evidence is weak for both learned branches.,1,synthetic-unknown-21
0.20310300588607788,0.20310300588607788,0.152204692363739,0.05089831352233887,,0.1800135225057602,,unknown_route,UNKNOWN,False,0.13968726992607117,vxn_disjoint_best,synthetic-unknown-22,Evidence is weak for both learned branches.,1,synthetic-unknown-22
0.20037312805652618,0.16506128013134003,0.20037312805652618,0.03531184792518616,,0.19366925954818726,,unknown_route,UNKNOWN,False,0.1257864236831665,vxn_disjoint_best,synthetic-unknown-23,Evidence is weak for both learned branches.,1,synthetic-unknown-23
0.46658429503440857,0.4298412501811981,0.46658429503440857,0.03674304485321045,,0.12977270781993866,,unknown_route,AMBIGUOUS,False,0.09735280275344849,vxn_disjoint_best,synthetic-ambiguous-00,Evidence is weak for both learned branches.,1,synthetic-ambiguous-00
0.46087172627449036,0.4215341806411743,0.46087172627449036,0.03933754563331604,,0.1355270892381668,,unknown_route,AMBIGUOUS,False,0.0977352187037468,vxn_disjoint_best,synthetic-ambiguous-01,Evidence is weak for both learned branches.,1,synthetic-ambiguous-01
0.46461570262908936,0.4223461449146271,0.46461570262908936,0.04226955771446228,,0.1348101943731308,,unknown_route,AMBIGUOUS,False,0.09903576225042343,vxn_disjoint_best,synthetic-ambiguous-02,Evidence is weak for both learned branches.,1,synthetic-ambiguous-02
0.46651387214660645,0.4229482412338257,0.46651387214660645,0.04356563091278076,,0.14568231999874115,,unknown_route,AMBIGUOUS,False,0.11347529292106628,vxn_disjoint_best,synthetic-ambiguous-03,Evidence is weak for both learned branches.,1,synthetic-ambiguous-03
0.47103846073150635,0.41744086146354675,0.47103846073150635,0.053597599267959595,,0.12058514356613159,,unknown_route,AMBIGUOUS,False,0.09668581932783127,vxn_disjoint_best,synthetic-ambiguous-04,Evidence is weak for both learned branches.,1,synthetic-ambiguous-04
0.4705279767513275,0.45270296931266785,0.4705279767513275,0.017825007438659668,,0.18151116371154785,,unknown_route,AMBIGUOUS,False,0.05212697759270668,vxn_disjoint_best,synthetic-ambiguous-05,Evidence is weak for both learned branches.,1,synthetic-ambiguous-05
0.46181878447532654,0.4246949851512909,0.46181878447532654,0.037123799324035645,,0.1478116363286972,,unknown_route,AMBIGUOUS,False,0.0911097452044487,vxn_disjoint_best,synthetic-ambiguous-06,Evidence is weak for both learned branches.,1,synthetic-ambiguous-06
0.46506330370903015,0.423445463180542,0.46506330370903015,0.04161784052848816,,0.14114995300769806,,unknown_route,AMBIGUOUS,False,0.08352439850568771,vxn_disjoint_best,synthetic-ambiguous-07,Evidence is weak for both learned branches.,1,synthetic-ambiguous-07
0.46779659390449524,0.4135461151599884,0.46779659390449524,0.054250478744506836,,0.13820374011993408,,unknown_route,AMBIGUOUS,False,0.09791543334722519,vxn_disjoint_best,synthetic-ambiguous-08,Evidence is weak for both learned branches.,1,synthetic-ambiguous-08
0.4738403856754303,0.41817140579223633,0.4738403856754303,0.05566897988319397,,0.14485277235507965,,unknown_route,AMBIGUOUS,False,0.08697593212127686,vxn_disjoint_best,synthetic-ambiguous-09,Evidence is weak for both learned branches.,1,synthetic-ambiguous-09
0.4639755189418793,0.4262963533401489,0.4639755189418793,0.03767916560173035,,0.1321597844362259,,unknown_route,AMBIGUOUS,False,0.10102856159210205,vxn_disjoint_best,synthetic-ambiguous-10,Evidence is weak for both learned branches.,1,synthetic-ambiguous-10
0.4747220575809479,0.4118984639644623,0.4747220575809479,0.0628235936164856,,0.14183644950389862,,unknown_route,AMBIGUOUS,False,0.1094626784324646,vxn_disjoint_best,synthetic-ambiguous-11,Evidence is weak for both learned branches.,1,synthetic-ambiguous-11
0.6442619562149048,0.6442619562149048,0.1586277335882187,0.4856342226266861,BRANCH_A,0.17704065144062042,0.9186912670992897,known_branch,BRANCH_A,False,0.0639050081372261,vxn_legacy,synthetic-branch_a-00,Acceptable evidence for BRANCH_A.,1,synthetic-branch_a-00
0.6461154818534851,0.6461154818534851,0.14738242328166962,0.4987330585718155,BRANCH_A,0.20309637486934662,0.9192993965837102,known_branch,BRANCH_A,False,0.03687802702188492,vxn_legacy,synthetic-branch_a-01,Acceptable evidence for BRANCH_A.,1,synthetic-branch_a-01
0.6462576985359192,0.6462576985359192,0.15015269815921783,0.49610500037670135,BRANCH_A,0.1873883754014969,0.9192955140756922,known_branch,BRANCH_A,False,0.05293110013008118,vxn_legacy,synthetic-branch_a-02,Acceptable evidence for BRANCH_A.,1,synthetic-branch_a-02
0.6417681574821472,0.6417681574821472,0.16601260006427765,0.47575555741786957,BRANCH_A,0.16817568242549896,0.9179639850442565,known_branch,BRANCH_A,False,0.057017382234334946,vxn_legacy,synthetic-branch_a-03,Acceptable evidence for BRANCH_A.,1,synthetic-branch_a-03
0.6380082964897156,0.6380082964897156,0.14047794044017792,0.49753035604953766,BRANCH_A,0.1912769228219986,0.9174590048347162,known_branch,BRANCH_A,False,0.041194427758455276,vxn_legacy,synthetic-branch_a-04,Acceptable evidence for BRANCH_A.,1,synthetic-branch_a-04
0.6396902203559875,0.6396902203559875,0.15414364635944366,0.4855465739965439,BRANCH_A,0.17273546755313873,0.917661240103762,known_branch,BRANCH_A,False,0.07501576095819473,vxn_legacy,synthetic-branch_a-05,Acceptable evidence for BRANCH_A.,1,synthetic-branch_a-05
0.6439873576164246,0.6439873576164246,0.1514614373445511,0.4925259202718735,BRANCH_A,0.17630720138549805,0.9187338947573178,known_branch,BRANCH_A,False,0.07241794466972351,vxn_legacy,synthetic-branch_a-06,Acceptable evidence for BRANCH_A.,1,synthetic-branch_a-06
0.6468409895896912,0.6468409895896912,0.16219742596149445,0.4846435636281967,BRANCH_A,0.17463254928588867,0.9192557909733468,known_branch,BRANCH_A,False,0.061597391963005066,vxn_legacy,synthetic-branch_a-07,Acceptable evidence for BRANCH_A.,1,synthetic-branch_a-07
0.6415626406669617,0.6415626406669617,0.14372293651103973,0.49783970415592194,BRANCH_A,0.17597424983978271,0.9182629417004562,known_branch,BRANCH_A,False,0.06476946920156479,vxn_legacy,synthetic-branch_a-08,Acceptable evidence for BRANCH_A.,1,synthetic-branch_a-08
0.6424992084503174,0.6424992084503174,0.14903011918067932,0.49346908926963806,BRANCH_A,0.1862306147813797,0.9184126665623275,known_branch,BRANCH_A,False,0.053856536746025085,vxn_legacy,synthetic-branch_a-09,Acceptable evidence for BRANCH_A.,1,synthetic-branch_a-09
0.6443507075309753,0.6443507075309753,0.15409210324287415,0.4902586042881012,BRANCH_A,0.17350484430789948,0.9187822811159336,known_branch,BRANCH_A,False,0.05598542466759682,vxn_legacy,synthetic-branch_a-10,Acceptable evidence for BRANCH_A.,1,synthetic-branch_a-10
0.6436975598335266,0.6436975598335266,0.13625028729438782,0.5074472725391388,BRANCH_A,0.22569651901721954,0.9188662778944666,known_branch,BRANCH_A,False,0.07318353652954102,vxn_legacy,synthetic-branch_a-11,Acceptable evidence for BRANCH_A.,1,synthetic-branch_a-11
0.6453607678413391,0.6453607678413391,0.16050009429454803,0.4848606735467911,BRANCH_A,0.1724616289138794,0.9189262113349628,known_branch,BRANCH_A,False,0.0645521804690361,vxn_legacy,synthetic-branch_a-12,Acceptable evidence for BRANCH_A.,1,synthetic-branch_a-12
0.6440748572349548,0.6440748572349548,0.1481616497039795,0.49591320753097534,BRANCH_A,0.19304609298706055,0.9188017099546041,known_branch,BRANCH_A,False,0.04891997203230858,vxn_legacy,synthetic-branch_a-13,Acceptable evidence for BRANCH_A.,1,synthetic-branch_a-13
0.6427448391914368,0.6427448391914368,0.1469080150127411,0.4958368241786957,BRANCH_A,0.189482644200325,0.9185013928282959,known_branch,BRANCH_A,False,0.04411424323916435,vxn_legacy,synthetic-branch_a-14,Acceptable evidence for BRANCH_A.,1,synthetic-branch_a-14
0.6444713473320007,0.6444713473320007,0.14709264039993286,0.49737870693206787,BRANCH_A,0.18652771413326263,0.9189111217933417,known_branch,BRANCH_A,False,0.07427147030830383,vxn_legacy,synthetic-branch_a-15,Acceptable evidence for BRANCH_A.,1,synthetic-branch_a-15
0.6364800333976746,0.6364800333976746,0.1469743698835373,0.48950566351413727,BRANCH_A,0.1894555240869522,0.9170000887453675,known_branch,BRANCH_A,False,0.021970314905047417,vxn_legacy,synthetic-branch_a-16,Acceptable evidence for BRANCH_A.,1,synthetic-branch_a-16
0.6505227088928223,0.6505227088928223,0.14081208407878876,0.5097106248140335,BRANCH_A,0.19700540602207184,0.9204288283238069,known_branch,BRANCH_A,False,0.03377540782094002,vxn_legacy,synthetic-branch_a-17,Acceptable evidence for BRANCH_A.,1,synthetic-branch_a-17
0.6403059959411621,0.6403059959411621,0.13714028894901276,0.5031657069921494,BRANCH_A,0.21101631224155426,0.9180501839252544,known_branch,BRANCH_A,False,0.08300041407346725,vxn_legacy,synthetic-branch_a-18,Acceptable evidence for BRANCH_A.,1,synthetic-branch_a-18
0.6393553614616394,0.6393553614616394,0.15539009869098663,0.48396526277065277,BRANCH_A,0.17837117612361908,0.9175606221888196,known_branch,BRANCH_A,False,0.06239891052246094,vxn_legacy,synthetic-branch_a-19,Acceptable evidence for BRANCH_A.,1,synthetic-branch_a-19
0.6449947953224182,0.6449947953224182,0.14390572905540466,0.5010890662670135,BRANCH_A,0.19717420637607574,0.9190784259981817,known_branch,BRANCH_A,False,0.046556904911994934,vxn_legacy,synthetic-branch_a-20,Acceptable evidence for BRANCH_A.,1,synthetic-branch_a-20
0.6399961113929749,0.6399961113929749,0.14695724844932556,0.4930388629436493,BRANCH_A,0.1757860779762268,0.9178432834480839,known_branch,BRANCH_A,False,0.06022295355796814,vxn_legacy,synthetic-branch_a-21,Acceptable evidence for BRANCH_A.,1,synthetic-branch_a-21
0.6456442475318909,0.6456442475318909,0.14196181297302246,0.5036824345588684,BRANCH_A,0.18800018727779388,0.9192578369152007,known_branch,BRANCH_A,False,0.03899921849370003,vxn_legacy,synthetic-branch_a-22,Acceptable evidence for BRANCH_A.,1,synthetic-branch_a-22
0.6447264552116394,0.6447264552116394,0.1475212424993515,0.4972052127122879,BRANCH_A,0.18708355724811554,0.9189661486789169,known_branch,BRANCH_A,False,0.038492728024721146,vxn_legacy,synthetic-branch_a-23,Acceptable evidence for BRANCH_A.,1,synthetic-branch_a-23
0.6556053757667542,0.15193529427051544,0.6556053757667542,0.5036700814962387,BRANCH_B,0.1352146416902542,0.9214989347590585,known_branch,BRANCH_B,False,0.11076729744672775,vxn_legacy,synthetic-branch_b-00,Acceptable evidence for BRANCH_B.,1,synthetic-branch_b-00
0.6618019938468933,0.1395324021577835,0.6618019938468933,0.5222695916891098,BRANCH_B,0.14139442145824432,0.9231028591424422,known_branch,BRANCH_B,False,0.11125148087739944,vxn_legacy,synthetic-branch_b-01,Acceptable evidence for BRANCH_B.,1,synthetic-branch_b-01
0.656627893447876,0.13867820799350739,0.656627893447876,0.5179496854543686,BRANCH_B,0.14420734345912933,0.9218942247688464,known_branch,BRANCH_B,False,0.1108555793762207,vxn_legacy,synthetic-branch_b-02,Acceptable evidence for BRANCH_B.,1,synthetic-branch_b-02
0.6545756459236145,0.14589792490005493,0.6545756459236145,0.5086777210235596,BRANCH_B,0.14092639088630676,0.9213285607798622,known_branch,BRANCH_B,False,0.09974491596221924,vxn_legacy,synthetic-branch_b-03,Acceptable evidence for BRANCH_B.,1,synthetic-branch_b-03
0.6548783183097839,0.12529654800891876,0.6548783183097839,0.5295817703008652,BRANCH_B,0.14767421782016754,0.9216150445263485,known_branch,BRANCH_B,False,0.10744651407003403,vxn_legacy,synthetic-branch_b-04,Acceptable evidence for BRANCH_B.,1,synthetic-branch_b-04
0.6556352376937866,0.13552193343639374,0.6556352376937866,0.5201133042573929,BRANCH_B,0.13472963869571686,0.921693445031571,known_branch,BRANCH_B,False,0.10401291400194168,vxn_legacy,synthetic-branch_b-05,Acceptable evidence for BRANCH_B.,1,synthetic-branch_b-05
0.659169614315033,0.13627806305885315,0.659169614315033,0.5228915512561798,BRANCH_B,0.15030311048030853,0.9225167802827592,known_branch,BRANCH_B,False,0.11895102262496948,vxn_legacy,synthetic-branch_b-06,Acceptable evidence for BRANCH_B.,1,synthetic-branch_b-06
0.6583195924758911,0.14065827429294586,0.6583195924758911,0.5176613181829453,BRANCH_B,0.14974352717399597,0.9222718029951804,known_branch,BRANCH_B,False,0.1213451400399208,vxn_legacy,synthetic-branch_b-07,Acceptable evidence for BRANCH_B.,1,synthetic-branch_b-07
0.6581786274909973,0.14012493193149567,0.6581786274909973,0.5180536955595016,BRANCH_B,0.14381183683872223,0.9222442387938268,known_branch,BRANCH_B,False,0.1122201681137085,vxn_legacy,synthetic-branch_b-08,Acceptable evidence for BRANCH_B.,1,synthetic-branch_b-08
0.6593443751335144,0.14259259402751923,0.6593443751335144,0.5167517811059952,BRANCH_B,0.14309242367744446,0.922492674109167,known_branch,BRANCH_B,False,0.11640410125255585,vxn_legacy,synthetic-branch_b-09,Acceptable evidence for BRANCH_B.,1,synthetic-branch_b-09
0.6546578407287598,0.14111745357513428,0.6546578407287598,0.5135403871536255,BRANCH_B,0.1306944191455841,0.9214030441853358,known_branch,BRANCH_B,False,0.10555996745824814,vxn_legacy,synthetic-branch_b-10,Acceptable evidence for BRANCH_B.,1,synthetic-branch_b-10
0.656055748462677,0.15771245956420898,0.656055748462677,0.498343288898468,BRANCH_B,0.15707553923130035,0.9215307088534543,known_branch,BRANCH_B,False,0.11016061902046204,vxn_legacy,synthetic-branch_b-11,Acceptable evidence for BRANCH_B.,1,synthetic-branch_b-11
0.6579020619392395,0.13391590118408203,0.6579020619392395,0.5239861607551575,BRANCH_B,0.1520831286907196,0.9222423879362722,known_branch,BRANCH_B,False,0.13274213671684265,vxn_legacy,synthetic-branch_b-12,Acceptable evidence for BRANCH_B.,1,synthetic-branch_b-12
0.6537509560585022,0.13429710268974304,0.6537509560585022,0.5194538533687592,BRANCH_B,0.13789252936840057,0.9212626675604458,known_branch,BRANCH_B,False,0.0864926278591156,vxn_legacy,synthetic-branch_b-13,Acceptable evidence for BRANCH_B.,1,synthetic-branch_b-13
0.6591773629188538,0.14379332959651947,0.6591773629188538,0.5153840333223343,BRANCH_B,0.14045235514640808,0.922440293511176,known_branch,BRANCH_B,False,0.1173119843006134,vxn_legacy,synthetic-branch_b-14,Acceptable evidence for BRANCH_B.,1,synthetic-branch_b-14
0.6512513756752014,0.13397915661334991,0.6512513756752014,0.5172722190618515,BRANCH_B,0.14759883284568787,0.9206773158908257,known_branch,BRANCH_B,False,0.12047486007213593,vxn_legacy,synthetic-branch_b-15,Acceptable evidence for BRANCH_B.,1,synthetic-branch_b-15
0.6572695374488831,0.13237370550632477,0.6572695374488831,0.5248958319425583,BRANCH_B,0.14537371695041656,0.9221089394864381,known_branch,BRANCH_B,False,0.11237096041440964,vxn_legacy,synthetic-branch_b-16,Acceptable evidence for BRANCH_B.,1,synthetic-branch_b-16
0.656549870967865,0.13128454983234406,0.656549870967865,0.5252653211355209,BRANCH_B,0.1349591612815857,0.9219505885336604,known_branch,BRANCH_B,False,0.09578049927949905,vxn_legacy,synthetic-branch_b-17,Acceptable evidence for BRANCH_B.,1,synthetic-branch_b-17
0.654175877571106,0.13375170528888702,0.654175877571106,0.5204241722822189,BRANCH_B,0.1384987086057663,0.921368281831672,known_branch,BRANCH_B,False,0.11337009072303772,vxn_legacy,synthetic-branch_b-18,Acceptable evidence for BRANCH_B.,1,synthetic-branch_b-18
0.6572348475456238,0.13768689334392548,0.6572348475456238,0.5195479542016983,BRANCH_B,0.14468348026275635,0.922047518917261,known_branch,BRANCH_B,False,0.11550996452569962,vxn_legacy,synthetic-branch_b-19,Acceptable evidence for BRANCH_B.,1,synthetic-branch_b-19
0.6607754230499268,0.14524735510349274,0.6607754230499268,0.515528067946434,BRANCH_B,0.13967923820018768,0.9228014278088361,known_branch,BRANCH_B,False,0.10149411857128143,vxn_legacy,synthetic-branch_b-20,Acceptable evidence for BRANCH_B.,1,synthetic-branch_b-20
0.6595240235328674,0.12820307910442352,0.6595240235328674,0.5313209444284439,BRANCH_B,0.15045753121376038,0.9226760617922249,known_branch,BRANCH_B,False,0.10338618606328964,vxn_legacy,synthetic-branch_b-21,Acceptable evidence for BRANCH_B.,1,synthetic-branch_b-21
0.6502363085746765,0.13378287851810455,0.6502363085746765,0.516453430056572,BRANCH_B,0.14125481247901917,0.9204401516213141,known_branch,BRANCH_B,False,0.11534630507230759,vxn_legacy,synthetic-branch_b-22,Acceptable evidence for BRANCH_B.,1,synthetic-branch_b-22
0.6578987240791321,0.15014217793941498,0.6578987240791321,0.5077565461397171,BRANCH_B,0.13679197430610657,0.922065259340885,known_branch,BRANCH_B,False,0.1136714369058609,vxn_legacy,synthetic-branch_b-23,Acceptable evidence for BRANCH_B.,1,synthetic-branch_b-23
0.20701970160007477,0.20701970160007477,0.16239167749881744,0.044628024101257324,,0.20299385488033295,,unknown_route,UNKNOWN,False,0.13145528733730316,vxn_legacy,synthetic-unknown-00,Evidence is weak for both learned branches.,1,synthetic-unknown-00
0.19906370341777802,0.19906370341777802,0.17513050138950348,0.023933202028274536,,0.17191259562969208,,unknown_route,UNKNOWN,False,0.10259111225605011,vxn_legacy,synthetic-unknown-01,Evidence is weak for both learned branches.,1,synthetic-unknown-01
0.19846700131893158,0.1869836300611496,0.19846700131893158,0.011483371257781982,,0.17202700674533844,,unknown_route,UNKNOWN,False,0.13950364291667938,vxn_legacy,synthetic-unknown-02,Evidence is weak for both learned branches.,1,synthetic-unknown-02
0.2154577225446701,0.2154577225446701,0.1929030418395996,0.022554680705070496,,0.1909141093492508,,unknown_route,UNKNOWN,False,0.10991639643907547,vxn_legacy,synthetic-unknown-03,Evidence is weak for both learned branches.,1,synthetic-unknown-03
0.17920826375484467,0.17920826375484467,0.1455760896205902,0.033632174134254456,,0.17687386274337769,,unknown_route,UNKNOWN,False,0.08875361829996109,vxn_legacy,synthetic-unknown-04,Evidence is weak for both learned branches.,1,synthetic-unknown-04
0.20730502903461456,0.20730502903461456,0.17283840477466583,0.03446662425994873,,0.1935390681028366,,unknown_route,UNKNOWN,False,0.11957284063100815,vxn_legacy,synthetic-unknown-05,Evidence is weak for both learned branches.,1,synthetic-unknown-05
0.19757449626922607,0.19757449626922607,0.17793703079223633,0.019637465476989746,,0.16677093505859375,,unknown_route,UNKNOWN,False,0.06421711295843124,vxn_legacy,synthetic-unknown-06,Evidence is weak for both learned branches.,1,synthetic-unknown-06
0.2024015337228775,0.2024015337228775,0.14002946019172668,0.06237207353115082,,0.229811429977417,,unknown_route,UNKNOWN,False,0.12136133760213852,vxn_legacy,synthetic-unknown-07,Evidence is weak for both learned branches.,1,synthetic-unknown-07
0.2203853279352188,0.2203853279352188,0.16993795335292816,0.05044737458229065,,0.21316297352313995,,unknown_route,UNKNOWN,False,0.1175680086016655,vxn_legacy,synthetic-unknown-08,Evidence is weak for both learned branches.,1,synthetic-unknown-08
0.20090770721435547,0.20090770721435547,0.18014027178287506,0.020767435431480408,,0.1702156662940979,,unknown_route,UNKNOWN,False,0.10272592306137085,vxn_legacy,synthetic-unknown-09,Evidence is weak for both learned branches.,1,synthetic-unknown-09
0.20211361348628998,0.17524366080760956,0.20211361348628998,0.02686995267868042,,0.20578910410404205,,unknown_route,UNKNOWN,False,0.10347875207662582,vxn_legacy,synthetic-unknown-10,Evidence is weak for both learned branches.,1,synthetic-unknown-10
0.20781750977039337,0.16011236608028412,0.20781750977039337,0.04770514369010925,,0.18715976178646088,,unknown_route,UNKNOWN,False,0.11204516887664795,vxn_legacy,synthetic-unknown-11,Evidence is weak for both learned branches.,1,synthetic-unknown-11
0.19525004923343658,0.19525004923343658,0.17821820080280304,0.017031848430633545,,0.19300678372383118,,unknown_route,UNKNOWN,False,0.12556980550289154,vxn_legacy,synthetic-unknown-12,Evidence is weak for both learned branches.,1,synthetic-unknown-12
0.2039482742547989,0.1732473224401474,0.2039482742547989,0.03070095181465149,,0.16884326934814453,,unknown_route,UNKNOWN,False,0.10849589854478836,vxn_legacy,synthetic-unknown-13,Evidence is weak for both learned branches.,1,synthetic-unknown-13
0.19923089444637299,0.16680322587490082,0.19923089444637299,0.03242766857147217,,0.17787154018878937,,unknown_route,UNKNOWN,False,0.13235731422901154,vxn_legacy,synthetic-unknown-14,Evidence is weak for both learned branches.,1,synthetic-unknown-14
0.21818046271800995,0.21818046271800995,0.16401657462120056,0.05416388809680939,,0.18751192092895508,,unknown_route,UNKNOWN,False,0.15156301856040955,vxn_legacy,synthetic-unknown-15,Evidence is weak for both learned branches.,1,synthetic-unknown-15
0.23389463126659393,0.17771881818771362,0.23389463126659393,0.05617581307888031,,0.17820143699645996,,unknown_route,UNKNOWN,False,0.12951545417308807,vxn_legacy,synthetic-unknown-16,Evidence is weak for both learned branches.,1,synthetic-unknown-16
0.21849368512630463,0.21849368512630463,0.1550152450799942,0.06347844004631042,,0.2037622183561325,,unknown_route,UNKNOWN,False,0.17253631353378296,vxn_legacy,synthetic-unknown-17,Evidence is weak for both learned branches.,1,synthetic-unknown-17
0.2024560421705246,0.2024560421705246,0.17382501065731049,0.02863103151321411,,0.1851142793893814,,unknown_route,UNKNOWN,False,0.13616254925727844,vxn_legacy,synthetic-unknown-18,Evidence is weak for both learned branches.,1,synthetic-unknown-18
0.1992754340171814,0.1992754340171814,0.14198212325572968,0.05729331076145172,,0.17973671853542328,,unknown_route,UNKNOWN,False,0.0983588695526123,vxn_legacy,synthetic-unknown-19,Evidence is weak for both learned branches.,1,synthetic-unknown-19
0.19070525467395782,0.19070525467395782,0.15415745973587036,0.03654779493808746,,0.1886492818593979,,unknown_route,UNKNOWN,False,0.08886991441249847,vxn_legacy,synthetic-unknown-20,Evidence is weak for both learned branches.,1,synthetic-unknown-20
0.1903633326292038,0.1903633326292038,0.1725279688835144,0.017835363745689392,,0.15683791041374207,,unknown_route,UNKNOWN,False,0.08546789735555649,vxn_legacy,synthetic-unknown-21,Evidence is weak for both learned branches.,1,synthetic-unknown-21
0.2078101485967636,0.2078101485967636,0.16000615060329437,0.04780399799346924,,0.1951596885919571,,unknown_route,UNKNOWN,False,0.13968726992607117,vxn_legacy,synthetic-unknown-22,Evidence is weak for both learned branches.,1,synthetic-unknown-22
0.21794487535953522,0.18458659946918488,0.21794487535953522,0.03335827589035034,,0.20121364295482635,,unknown_route,UNKNOWN,False,0.12089153379201889,vxn_legacy,synthetic-unknown-23,Evidence is weak for both learned branches.,1,synthetic-unknown-23
0.4651423394680023,0.42727819085121155,0.4651423394680023,0.03786414861679077,,0.13715486228466034,,unknown_route,AMBIGUOUS,False,0.09735280275344849,vxn_legacy,synthetic-ambiguous-00,Evidence is weak for both learned branches.,1,synthetic-ambiguous-00
0.45936310291290283,0.4188547432422638,0.45936310291290283,0.04050835967063904,,0.14254622161388397,,unknown_route,AMBIGUOUS,False,0.0977352187037468,vxn_legacy,synthetic-ambiguous-01,Evidence is weak for both learned branches.,1,synthetic-ambiguous-01
0.4626622498035431,0.41913044452667236,0.4626622498035431,0.04353180527687073,,0.14396455883979797,,unknown_route,AMBIGUOUS,False,0.09903576225042343,vxn_legacy,synthetic-ambiguous-02,Evidence is weak for both learned branches.,1,synthetic-ambiguous-02
0.4648250639438629,0.4208790063858032,0.4648250639438629,0.04394605755805969,,0.15133564174175262,,unknown_route,AMBIGUOUS,False,0.11347529292106628,vxn_legacy,synthetic-ambiguous-03,Evidence is weak for both learned branches.,1,synthetic-ambiguous-03
0.47071802616119385,0.4156099855899811,0.47071802616119385,0.05510804057121277,,0.1306190937757492,,unknown_route,AMBIGUOUS,False,0.09668581932783127,vxn_legacy,synthetic-ambiguous-04,Evidence is weak for both learned branches.,1,synthetic-ambiguous-04
0.4674518406391144,0.4496577978134155,0.4674518406391144,0.017794042825698853,,0.17906586825847626,,unknown_route,AMBIGUOUS,False,0.05212697759270668,vxn_legacy,synthetic-ambiguous-05,Evidence is weak for both learned branches.,1,synthetic-ambiguous-05
0.460803359746933,0.4223271310329437,0.460803359746933,0.03847622871398926,,0.15340487658977509,,unknown_route,AMBIGUOUS,False,0.0911097452044487,vxn_legacy,synthetic-ambiguous-06,Evidence is weak for both learned branches.,1,synthetic-ambiguous-06
0.4635206162929535,0.42074325680732727,0.4635206162929535,0.04277735948562622,,0.147492915391922,,unknown_route,AMBIGUOUS,False,0.08352439850568771,vxn_legacy,synthetic-ambiguous-07,Evidence is weak for both learned branches.,1,synthetic-ambiguous-07
0.4669337272644043,0.4111604392528534,0.4669337272644043,0.0557732880115509,,0.15060943365097046,,unknown_route,AMBIGUOUS,False,0.09791543334722519,vxn_legacy,synthetic-ambiguous-08,Evidence is weak for both learned branches.,1,synthetic-ambiguous-08
0.47226497530937195,0.41534483432769775,0.47226497530937195,0.056920140981674194,,0.1503330022096634,,unknown_route,AMBIGUOUS,False,0.08697593212127686,vxn_legacy,synthetic-ambiguous-09,Evidence is weak for both learned branches.,1,synthetic-ambiguous-09
0.4612952470779419,0.4225490987300873,0.4612952470779419,0.038746148347854614,,0.14486634731292725,,unknown_route,AMBIGUOUS,False,0.10102856159210205,vxn_legacy,synthetic-ambiguous-10,Evidence is weak for both learned branches.,1,synthetic-ambiguous-10
0.4743632972240448,0.41001710295677185,0.4743632972240448,0.06434619426727295,,0.14863795042037964,,unknown_route,AMBIGUOUS,False,0.1094626784324646,vxn_legacy,synthetic-ambiguous-11,Evidence is weak for both learned branches.,1,synthetic-ambiguous-11
0.6471851865450541,0.6471851865450541,0.16248190899689993,0.4847032775481541,BRANCH_A,0.19720801214377084,0.9193341906821019,known_branch,BRANCH_A,False,0.06258795286218326,vxn_original_only,synthetic-branch_a-00,Acceptable evidence for BRANCH_A.,3,synthetic-branch_a-00
0.6475829482078552,0.6475829482078552,0.15530707438786825,0.49227587381998694,BRANCH_A,0.20330021778742471,0.9195392688132327,known_branch,BRANCH_A,False,0.059168064345916115,vxn_original_only,synthetic-branch_a-01,Acceptable evidence for BRANCH_A.,3,synthetic-branch_a-01
0.6466831564903259,0.6466831564903259,0.1540562311808268,0.49262692530949914,BRANCH_A,0.1869694540898005,0.9193419141666329,known_branch,BRANCH_A,False,0.06791281700134277,vxn_original_only,synthetic-branch_a-02,Acceptable evidence for BRANCH_A.,3,synthetic-branch_a-02
0.6428929368654887,0.6428929368654887,0.16820440193017325,0.4746885349353154,BRANCH_A,0.18666782478491464,0.9181978587790474,known_branch,BRANCH_A,False,0.050198366244633995,vxn_original_only,synthetic-branch_a-03,Acceptable evidence for BRANCH_A.,3,synthetic-branch_a-03
0.6427762111028036,0.6427762111028036,0.15598885218302408,0.48678735891977953,BRANCH_A,0.19056389729181925,0.9183750746688482,known_branch,BRANCH_A,False,0.0572496068974336,vxn_original_only,synthetic-branch_a-04,Acceptable evidence for BRANCH_A.,3,synthetic-branch_a-04
0.6424476703008016,0.6424476703008016,0.1559594472249349,0.4864882230758667,BRANCH_A,0.19065767029921213,0.9182964825167848,known_branch,BRANCH_A,False,0.05768387640515963,vxn_original_only,synthetic-branch_a-05,Acceptable evidence for BRANCH_A.,3,synthetic-branch_a-05
0.6466608842213949,0.6466608842213949,0.1551449199517568,0.49151596426963806,BRANCH_A,0.19481667379538217,0.9193206912804228,known_branch,BRANCH_A,False,0.06091801325480143,vxn_original_only,synthetic-branch_a-06,Acceptable evidence for BRANCH_A.,3,synthetic-branch_a-06
0.6478424072265625,0.6478424072265625,0.16610883673032126,0.4817335704962412,BRANCH_A,0.19491497675577799,0.9194336808035766,known_branch,BRANCH_A,False,0.06729137773315112,vxn_original_only,synthetic-branch_a-07,Acceptable evidence for BRANCH_A.,3,synthetic-branch_a-07
0.6458820899327596,0.6458820899327596,0.15476627151171365,0.491115818421046,BRANCH_A,0.1925173948208491,0.919139568334054,known_branch,BRANCH_A,False,0.06319897000988324,vxn_original_only,synthetic-branch_a-08,Acceptable evidence for BRANCH_A.,3,synthetic-branch_a-08
0.6457983454068502,0.6457983454068502,0.15859474738438925,0.48720359802246094,BRANCH_A,0.18697292109330496,0.9190615248598444,known_branch,BRANCH_A,False,0.0688317393263181,vxn_original_only,synthetic-branch_a-09,Acceptable evidence for BRANCH_A.,3,synthetic-branch_a-09
0.6438230077425638,0.6438230077425638,0.15488516290982565,0.48893784483273817,BRANCH_A,0.1879409452279409,0.9186436730196684,known_branch,BRANCH_A,False,0.047213305408755936,vxn_original_only,synthetic-branch_a-10,Acceptable evidence for BRANCH_A.,3,synthetic-branch_a-10
0.6498281558354696,0.6498281558354696,0.1502943386634191,0.4995338171720505,BRANCH_A,0.21328642964363098,0.9201454497751638,known_branch,BRANCH_A,False,0.05037334002554417,vxn_original_only,synthetic-branch_a-11,Acceptable evidence for BRANCH_A.,3,synthetic-branch_a-11
0.6459763050079346,0.6459763050079346,0.1596665233373642,0.4863097816705704,BRANCH_A,0.1903467228015264,0.9190876309929346,known_branch,BRANCH_A,False,0.05784367645780245,vxn_original_only,synthetic-branch_a-12,Acceptable evidence for BRANCH_A.,3,synthetic-branch_a-12
0.6451150178909302,0.6451150178909302,0.1576155424118042,0.487499475479126,BRANCH_A,0.18805421888828278,0.9189123549196483,known_branch,BRANCH_A,False,0.06524660065770149,vxn_original_only,synthetic-branch_a-13,Acceptable evidence for BRANCH_A.,3,synthetic-branch_a-13
0.6440469026565552,0.6440469026565552,0.16079970200856528,0.48324720064798987,BRANCH_A,0.18722370763619742,0.9186045767189195,known_branch,BRANCH_A,False,0.05983827883998553,vxn_original_only,synthetic-branch_a-14,Acceptable evidence for BRANCH_A.,3,synthetic-branch_a-14
0.6481019258499146,0.6481019258499146,0.15680051843325296,0.4913014074166616,BRANCH_A,0.19970358411471048,0.9196417688302483,known_branch,BRANCH_A,False,0.0692942850291729,vxn_original_only,synthetic-branch_a-15,Acceptable evidence for BRANCH_A.,3,synthetic-branch_a-15
0.6391605138778687,0.6391605138778687,0.15462027986844382,0.4845402340094248,BRANCH_A,0.19745115439097086,0.9175260290365972,known_branch,BRANCH_A,False,0.04484518803656101,vxn_original_only,synthetic-branch_a-16,Acceptable evidence for BRANCH_A.,3,synthetic-branch_a-16
0.650761087735494,0.650761087735494,0.14425269762674967,0.5065083901087444,BRANCH_A,0.20084003607432047,0.9204441919913333,known_branch,BRANCH_A,False,0.06381452704469363,vxn_original_only,synthetic-branch_a-17,Acceptable evidence for BRANCH_A.,3,synthetic-branch_a-17
0.645602822303772,0.645602822303772,0.14995462695757547,0.49564819534619653,BRANCH_A,0.20212479929129282,0.9191418094491209,known_branch,BRANCH_A,False,0.059691657622655235,vxn_original_only,synthetic-branch_a-18,Acceptable evidence for BRANCH_A.,3,synthetic-branch_a-18
0.6402556697527567,0.6402556697527567,0.1584770530462265,0.4817786167065302,BRANCH_A,0.1945227086544037,0.9177274122272101,known_branch,BRANCH_A,False,0.056643929332494736,vxn_original_only,synthetic-branch_a-19,Acceptable evidence for BRANCH_A.,3,synthetic-branch_a-19
0.647787352403005,0.647787352403005,0.15626108149687448,0.49152627090613055,BRANCH_A,0.19292799135049185,0.9195742980527246,known_branch,BRANCH_A,False,0.06028721978267034,vxn_original_only,synthetic-branch_a-20,Acceptable evidence for BRANCH_A.,3,synthetic-branch_a-20
0.6433740059534708,0.6433740059534708,0.15091866751511893,0.4924553384383519,BRANCH_A,0.19310207664966583,0.9185948660404004,known_branch,BRANCH_A,False,0.06097064291437467,vxn_original_only,synthetic-branch_a-21,Acceptable evidence for BRANCH_A.,3,synthetic-branch_a-21
0.649614175160726,0.649614175160726,0.1573030650615692,0.49231111009915673,BRANCH_A,0.18884589771429697,0.9199968076375082,known_branch,BRANCH_A,False,0.05858484283089638,vxn_original_only,synthetic-branch_a-22,Acceptable evidence for BRANCH_A.,3,synthetic-branch_a-22
0.6466106573740641,0.6466106573740641,0.15454729398091635,0.4920633633931477,BRANCH_A,0.18775280813376108,0.9193174061419374,known_branch,BRANCH_A,False,0.057388381411631904,vxn_original_only,synthetic-branch_a-23,Acceptable evidence for BRANCH_A.,3,synthetic-branch_a-23
0.655653735001882,0.1743935892979304,0.655653735001882,0.4812601457039516,BRANCH_B,0.1452192688981692,0.9211833496490128,known_branch,BRANCH_B,False,0.0987378458182017,vxn_original_only,synthetic-branch_b-00,Acceptable evidence for BRANCH_B.,3,synthetic-branch_b-00
0.6622414191563925,0.16973944505055746,0.6622414191563925,0.49250197410583496,BRANCH_B,0.13454769551753998,0.9228407110930383,known_branch,BRANCH_B,False,0.09748952339092891,vxn_original_only,synthetic-branch_b-01,Acceptable evidence for BRANCH_B.,3,synthetic-branch_b-01
0.655336876710256,0.16713475187619528,0.655336876710256,0.48820212483406067,BRANCH_B,0.13191885004440942,0.9212230794478524,known_branch,BRANCH_B,False,0.09088203310966492,vxn_original_only,synthetic-branch_b-02,Acceptable evidence for BRANCH_B.,3,synthetic-branch_b-02
0.657278041044871,0.17498179773489633,0.657278041044871,0.48229624330997467,BRANCH_B,0.12408686677614848,0.921566003648959,known_branch,BRANCH_B,False,0.08201753472288449,vxn_original_only,synthetic-branch_b-03,Acceptable evidence for BRANCH_B.,3,synthetic-branch_b-03
0.6553046902020773,0.1625929574171702,0.6553046902020773,0.4927117327849071,BRANCH_B,0.1348827282587687,0.9212829876140862,known_branch,BRANCH_B,False,0.09242103745539983,vxn_original_only,synthetic-branch_b-04,Acceptable evidence for BRANCH_B.,3,synthetic-branch_b-04
0.6563387314478556,0.16371267040570578,0.6563387314478556,0.4926260610421498,BRANCH_B,0.1302055890361468,0.9215144060072424,known_branch,BRANCH_B,False,0.09234915673732758,vxn_original_only,synthetic-branch_b-05,Acceptable evidence for BRANCH_B.,3,synthetic-branch_b-05
0.6588379144668579,0.1643642634153366,0.6588379144668579,0.4944736510515213,BRANCH_B,0.1373375654220581,0.922103191790056,known_branch,BRANCH_B,False,0.10107756654421489,vxn_original_only,synthetic-branch_b-06,Acceptable evidence for BRANCH_B.,3,synthetic-branch_b-06
0.6595104138056437,0.16845843692620596,0.6595104138056437,0.4910519768794377,BRANCH_B,0.13048377136389414,0.922204998087957,known_branch,BRANCH_B,False,0.09719465424617131,vxn_original_only,synthetic-branch_b-07,Acceptable evidence for BRANCH_B.,3,synthetic-branch_b-07
0.6574689745903015,0.1626138985157013,0.6574689745903015,0.4948550760746002,BRANCH_B,0.1399048219124476,0.9218005694232029,known_branch,BRANCH_B,False,0.1030593290925026,vxn_original_only,synthetic-branch_b-08,Acceptable evidence for BRANCH_B.,3,synthetic-branch_b-08
0.6575835148493449,0.17742657661437988,0.6575835148493449,0.48015693823496497,BRANCH_B,0.13100134829680124,0.9215990067503287,known_branch,BRANCH_B,False,0.08973654483755429,vxn_original_only,synthetic-branch_b-09,Acceptable evidence for BRANCH_B.,3,synthetic-branch_b-09
0.6544797221819559,0.17142900824546814,0.6544797221819559,0.4830507139364878,BRANCH_B,0.12230358024438222,0.9209487572267996,known_branch,BRANCH_B,False,0.08433999369541804,vxn_original_only,synthetic-branch_b-10,Acceptable evidence for BRANCH_B.,3,synthetic-branch_b-10
0.6532674233118693,0.1673240065574646,0.6532674233118693,0.48594341675440467,BRANCH_B,0.153828427195549,0.9207223759761365,known_branch,BRANCH_B,False,0.10141960283120473,vxn_original_only,synthetic-branch_b-11,Acceptable evidence for BRANCH_B.,3,synthetic-branch_b-11
0.6564171314239502,0.16179999709129333,0.6564171314239502,0.49461713433265686,BRANCH_B,0.13683857023715973,0.9215605458653053,known_branch,BRANCH_B,False,0.11019868652025859,vxn_original_only,synthetic-branch_b-12,Acceptable evidence for BRANCH_B.,3,synthetic-branch_b-12
0.6561596790949503,0.15493682026863098,0.6561596790949503,0.5012228588263193,BRANCH_B,0.1454529364903768,0.9215922684102397,known_branch,BRANCH_B,False,0.0829478179415067,vxn_original_only,synthetic-branch_b-13,Acceptable evidence for BRANCH_B.,3,synthetic-branch_b-13
0.6590059200922648,0.16409359872341156,0.6590059200922648,0.4949123213688532,BRANCH_B,0.1315034901102384,0.9221471887664716,known_branch,BRANCH_B,False,0.10013252745072047,vxn_original_only,synthetic-branch_b-14,Acceptable evidence for BRANCH_B.,3,synthetic-branch_b-14
0.6528244018554688,0.15881700813770294,0.6528244018554688,0.4940073937177658,BRANCH_B,0.1462104320526123,0.920743528909787,known_branch,BRANCH_B,False,0.10204127182563145,vxn_original_only,synthetic-branch_b-15,Acceptable evidence for BRANCH_B.,3,synthetic-branch_b-15
0.6559661030769348,0.15875659883022308,0.6559661030769348,0.49720950424671173,BRANCH_B,0.14917372663815817,0.9214951281935595,known_branch,BRANCH_B,False,0.09170368313789368,vxn_original_only,synthetic-branch_b-16,Acceptable evidence for BRANCH_B.,3,synthetic-branch_b-16
0.6564271450042725,0.15432304640611014,0.6564271450042725,0.5021040985981623,BRANCH_B,0.14267790814240774,0.9216638601210114,known_branch,BRANCH_B,False,0.08571617305278778,vxn_original_only,synthetic-branch_b-17,Acceptable evidence for BRANCH_B.,3,synthetic-branch_b-17
0.6557602087656657,0.16583203772703806,0.6557602087656657,0.4899281710386276,BRANCH_B,0.13381556669871011,0.9213444769211607,known_branch,BRANCH_B,False,0.09145612517992656,vxn_original_only,synthetic-branch_b-18,Acceptable evidence for BRANCH_B.,3,synthetic-branch_b-18
0.6552366614341736,0.16642439365386963,0.6552366614341736,0.48881226778030396,BRANCH_B,0.1328043391307195,0.9212098382724261,known_branch,BRANCH_B,False,0.0983178938428561,vxn_original_only,synthetic-branch_b-19,Acceptable evidence for BRANCH_B.,3,synthetic-branch_b-19
0.6578112244606018,0.17333605885505676,0.6578112244606018,0.48447516560554504,BRANCH_B,0.14554164310296377,0.9217213957060448,known_branch,BRANCH_B,False,0.09290502468744914,vxn_original_only,synthetic-branch_b-20,Acceptable evidence for BRANCH_B.,3,synthetic-branch_b-20
0.6560758749643961,0.16086551050345102,0.6560758749643961,0.49521036446094513,BRANCH_B,0.1447703242301941,0.9214921188650314,known_branch,BRANCH_B,False,0.09425806254148483,vxn_original_only,synthetic-branch_b-21,Acceptable evidence for BRANCH_B.,3,synthetic-branch_b-21
0.6534180641174316,0.15576937794685364,0.6534180641174316,0.497648686170578,BRANCH_B,0.1492144912481308,0.9209278146321527,known_branch,BRANCH_B,False,0.09904306630293529,vxn_original_only,synthetic-branch_b-22,Acceptable evidence for BRANCH_B.,3,synthetic-branch_b-22
0.6578147610028585,0.1787294993797938,0.6578147610028585,0.47908526162306475,BRANCH_B,0.1239678884545962,0.9216327784647745,known_branch,BRANCH_B,False,0.09470319996277492,vxn_original_only,synthetic-branch_b-23,Acceptable evidence for BRANCH_B.,3,synthetic-branch_b-23
0.1941302369038264,0.1941302369038264,0.1452336460351944,0.04889659086863199,,0.1994525045156479,,unknown_route,UNKNOWN,False,0.13207651923100153,vxn_original_only,synthetic-unknown-00,Evidence is weak for both learned branches.,3,synthetic-unknown-00
0.19313234090805054,0.19313234090805054,0.17482339342435202,0.018308947483698518,,0.17025506496429443,,unknown_route,UNKNOWN,False,0.10558958848317464,vxn_original_only,synthetic-unknown-01,Evidence is weak for both learned branches.,3,synthetic-unknown-01
0.1851603090763092,0.18187670409679413,0.1851603090763092,0.0032836049795150757,,0.16297440230846405,,unknown_route,UNKNOWN,False,0.1326810692747434,vxn_original_only,synthetic-unknown-02,Evidence is weak for both learned branches.,3,synthetic-unknown-02
0.2062132010857264,0.2062132010857264,0.18018455306688944,0.026028648018836975,,0.17796697715918222,,unknown_route,UNKNOWN,False,0.10752864678700765,vxn_original_only,synthetic-unknown-03,Evidence is weak for both learned branches.,3,synthetic-unknown-03
0.17331943909327188,0.17331943909327188,0.13627052555481592,0.03704891353845596,,0.1765204519033432,,unknown_route,UNKNOWN,False,0.08791053543488185,vxn_original_only,synthetic-unknown-04,Evidence is weak for both learned branches.,3,synthetic-unknown-04
0.20529512067635855,0.20529512067635855,0.17906985183556876,0.026225268840789795,,0.17542443176110586,,unknown_route,UNKNOWN,False,0.1101854642232259,vxn_original_only,synthetic-unknown-05,Evidence is weak for both learned branches.,3,synthetic-unknown-05
0.19393273691336313,0.19393273691336313,0.17992739379405975,0.014005343119303376,,0.17349477112293243,,unknown_route,UNKNOWN,False,0.07672815521558125,vxn_original_only,synthetic-unknown-06,Evidence is weak for both learned branches.,3,synthetic-unknown-06
0.1917780637741089,0.1917780637741089,0.1423133114973704,0.049464752276738494,,0.2185125251611074,,unknown_route,UNKNOWN,False,0.1283418262998263,vxn_original_only,synthetic-unknown-07,Evidence is weak for both learned branches.,3,synthetic-unknown-07
0.20736568172772726,0.20736568172772726,0.16430425147215524,0.04306143025557202,,0.2084509233633677,,unknown_route,UNKNOWN,False,0.10505106300115585,vxn_original_only,synthetic-unknown-08,Evidence is weak for both learned branches.,3,synthetic-unknown-08
0.19262650609016418,0.19262650609016418,0.1794059524933497,0.013220553596814483,,0.1602241943279902,,unknown_route,UNKNOWN,False,0.1129043276111285,vxn_original_only,synthetic-unknown-09,Evidence is weak for both learned branches.,3,synthetic-unknown-09
0.19486160576343536,0.17431700229644775,0.19486160576343536,0.02054460346698761,,0.19290334979693094,,unknown_route,UNKNOWN,False,0.10981518278519313,vxn_original_only,synthetic-unknown-10,Evidence is weak for both learned branches.,3,synthetic-unknown-10
0.2023077110449473,0.16540981829166412,0.2023077110449473,0.036897892753283174,,0.17657976349194845,,unknown_route,UNKNOWN,False,0.11034338921308517,vxn_original_only,synthetic-unknown-11,Evidence is weak for both learned branches.,3,synthetic-unknown-11
0.18913667400678,0.18913667400678,0.17368821799755096,0.015448456009229034,,0.17714890340963999,,unknown_route,UNKNOWN,False,0.0990009034673373,vxn_original_only,synthetic-unknown-12,Evidence is weak for both learned branches.,3,synthetic-unknown-12
0.19556104143460593,0.17023504773775736,0.19556104143460593,0.02532599369684857,,0.15857485433419546,,unknown_route,UNKNOWN,False,0.10530444234609604,vxn_original_only,synthetic-unknown-13,Evidence is weak for both learned branches.,3,synthetic-unknown-13
0.18650399148464203,0.15944524109363556,0.18650399148464203,0.02705875039100647,,0.17643945415814719,,unknown_route,UNKNOWN,False,0.13208329180876413,vxn_original_only,synthetic-unknown-14,Evidence is weak for both learned branches.,3,synthetic-unknown-14
0.1838573863108953,0.1838573863108953,0.1641456037759781,0.019711782534917205,,0.17360219359397888,,unknown_route,UNKNOWN,False,0.10819748416543007,vxn_original_only,synthetic-unknown-15,Evidence is weak for both learned branches.,3,synthetic-unknown-15
0.21569299201170603,0.17443270484606424,0.21569299201170603,0.041260287165641785,,0.16544886430104574,,unknown_route,UNKNOWN,False,0.12342530240615208,vxn_original_only,synthetic-unknown-16,Evidence is weak for both learned branches.,3,synthetic-unknown-16
0.20666233698527017,0.20666233698527017,0.1475758651892344,0.05908647179603577,,0.19277347127596536,,unknown_route,UNKNOWN,False,0.14716915041208267,vxn_original_only,synthetic-unknown-17,Evidence is weak for both learned branches.,3,synthetic-unknown-17
0.19328407446543375,0.19328407446543375,0.17931724091370901,0.013966833551724733,,0.17999592423439026,,unknown_route,UNKNOWN,False,0.11960518856843312,vxn_original_only,synthetic-unknown-18,Evidence is weak for both learned branches.,3,synthetic-unknown-18
0.20410558581352234,0.20410558581352234,0.1568379799524943,0.047267605861028045,,0.18362065156300864,,unknown_route,UNKNOWN,False,0.1105715682109197,vxn_original_only,synthetic-unknown-19,Evidence is weak for both learned branches.,3,synthetic-unknown-19
0.1881334731976191,0.1881334731976191,0.16263181467851004,0.02550165851910907,,0.18502643207708994,,unknown_route,UNKNOWN,False,0.08815089116493861,vxn_original_only,synthetic-unknown-20,Evidence is weak for both learned branches.,3,synthetic-unknown-20
0.17885193725426993,0.17885193725426993,0.15889298915863037,0.019958948095639556,,0.1566697210073471,,unknown_route,UNKNOWN,False,0.08476607998212178,vxn_original_only,synthetic-unknown-21,Evidence is weak for both learned branches.,3,synthetic-unknown-21
0.19338790575663248,0.19338790575663248,0.15211066603660583,0.04127723972002664,,0.17771215736865997,,unknown_route,UNKNOWN,False,0.15426385899384817,vxn_original_only,synthetic-unknown-22,Evidence is weak for both learned branches.,3,synthetic-unknown-22
0.18823682268460593,0.17562665045261383,0.18823682268460593,0.012610172231992095,,0.18810687959194183,,unknown_route,UNKNOWN,False,0.12289601316054662,vxn_original_only,synthetic-unknown-23,Evidence is weak for both learned branches.,3,synthetic-unknown-23
0.4617879092693329,0.44830920298894245,0.4617879092693329,0.01347870628039044,,0.1538761854171753,,unknown_route,AMBIGUOUS,False,0.07282015557090442,vxn_original_only,synthetic-ambiguous-00,Evidence is weak for both learned branches.,3,synthetic-ambiguous-00
0.4645448128382365,0.4369079569975535,0.4645448128382365,0.027636855840682983,,0.15677768488725027,,unknown_route,AMBIGUOUS,False,0.07685209562381108,vxn_original_only,synthetic-ambiguous-01,Evidence is weak for both learned branches.,3,synthetic-ambiguous-01
0.4669789175192515,0.439208726088206,0.4669789175192515,0.027770191431045532,,0.15292485058307648,,unknown_route,AMBIGUOUS,False,0.08585495750109355,vxn_original_only,synthetic-ambiguous-02,Evidence is weak for both learned branches.,3,synthetic-ambiguous-02
0.45650218923886615,0.45650218923886615,0.45374757051467896,0.0027546187241871967,,0.17812609672546387,,unknown_route,AMBIGUOUS,False,0.07232219601670901,vxn_original_only,synthetic-ambiguous-03,Evidence is weak for both learned branches.,3,synthetic-ambiguous-03
0.4702185293038686,0.434363196293513,0.4702185293038686,0.035855333010355595,,0.14071187376976013,,unknown_route,AMBIGUOUS,False,0.08184868097305298,vxn_original_only,synthetic-ambiguous-04,Evidence is weak for both learned branches.,3,synthetic-ambiguous-04
0.4615899622440338,0.44231732686360675,0.4615899622440338,0.01927263538042706,,0.1611576626698176,,unknown_route,AMBIGUOUS,False,0.06963031614820163,vxn_original_only,synthetic-ambiguous-05,Evidence is weak for both learned branches.,3,synthetic-ambiguous-05
0.4677887757619222,0.4392043749491374,0.4677887757619222,0.028584400812784794,,0.16731625298659006,,unknown_route,AMBIGUOUS,False,0.07041889304916064,vxn_original_only,synthetic-ambiguous-06,Evidence is weak for both learned branches.,3,synthetic-ambiguous-06
0.4667271176973979,0.43601517875989276,0.4667271176973979,0.030711938937505123,,0.1644517034292221,,unknown_route,AMBIGUOUS,False,0.06959061697125435,vxn_original_only,synthetic-ambiguous-07,Evidence is weak for both learned branches.,3,synthetic-ambiguous-07
0.467574675877889,0.42994985977808636,0.467574675877889,0.037624816099802616,,0.15707155068715414,,unknown_route,AMBIGUOUS,False,0.08383737504482269,vxn_original_only,synthetic-ambiguous-08,Evidence is weak for both learned branches.,3,synthetic-ambiguous-08
0.47132229804992676,0.4360348383585612,0.47132229804992676,0.03528745969136554,,0.16150491933027902,,unknown_route,AMBIGUOUS,False,0.07193823779622714,vxn_original_only,synthetic-ambiguous-09,Evidence is weak for both learned branches.,3,synthetic-ambiguous-09
0.45928630232810974,0.44816939036051434,0.45928630232810974,0.0111169119675954,,0.1597711145877838,,unknown_route,AMBIGUOUS,False,0.0904645100235939,vxn_original_only,synthetic-ambiguous-10,Evidence is weak for both learned branches.,3,synthetic-ambiguous-10
0.4744724631309509,0.43035658200581867,0.4744724631309509,0.04411588112513226,,0.1540935536225637,,unknown_route,AMBIGUOUS,False,0.08995887885491054,vxn_original_only,synthetic-ambiguous-11,Evidence is weak for both learned branches.,3,synthetic-ambiguous-11
0.6471851865450541,0.6471851865450541,0.16248190899689993,0.4847032775481541,BRANCH_A,0.19720801214377084,0.9193341906821019,known_branch,BRANCH_A,False,0.06258795286218326,vxn_no_temporal_prior,synthetic-branch_a-00,Acceptable evidence for BRANCH_A.,3,synthetic-branch_a-00
0.6475829482078552,0.6475829482078552,0.15530707438786825,0.49227587381998694,BRANCH_A,0.20330021778742471,0.9195392688132327,known_branch,BRANCH_A,False,0.059168064345916115,vxn_no_temporal_prior,synthetic-branch_a-01,Acceptable evidence for BRANCH_A.,3,synthetic-branch_a-01
0.6466831564903259,0.6466831564903259,0.1540562311808268,0.49262692530949914,BRANCH_A,0.1869694540898005,0.9193419141666329,known_branch,BRANCH_A,False,0.06791281700134277,vxn_no_temporal_prior,synthetic-branch_a-02,Acceptable evidence for BRANCH_A.,3,synthetic-branch_a-02
0.6428929368654887,0.6428929368654887,0.16820440193017325,0.4746885349353154,BRANCH_A,0.18666782478491464,0.9181978587790474,known_branch,BRANCH_A,False,0.050198366244633995,vxn_no_temporal_prior,synthetic-branch_a-03,Acceptable evidence for BRANCH_A.,3,synthetic-branch_a-03
0.6427762111028036,0.6427762111028036,0.15598885218302408,0.48678735891977953,BRANCH_A,0.19056389729181925,0.9183750746688482,known_branch,BRANCH_A,False,0.0572496068974336,vxn_no_temporal_prior,synthetic-branch_a-04,Acceptable evidence for BRANCH_A.,3,synthetic-branch_a-04
0.6424476703008016,0.6424476703008016,0.1559594472249349,0.4864882230758667,BRANCH_A,0.19065767029921213,0.9182964825167848,known_branch,BRANCH_A,False,0.05768387640515963,vxn_no_temporal_prior,synthetic-branch_a-05,Acceptable evidence for BRANCH_A.,3,synthetic-branch_a-05
0.6466608842213949,0.6466608842213949,0.1551449199517568,0.49151596426963806,BRANCH_A,0.19481667379538217,0.9193206912804228,known_branch,BRANCH_A,False,0.06091801325480143,vxn_no_temporal_prior,synthetic-branch_a-06,Acceptable evidence for BRANCH_A.,3,synthetic-branch_a-06
0.6478424072265625,0.6478424072265625,0.16610883673032126,0.4817335704962412,BRANCH_A,0.19491497675577799,0.9194336808035766,known_branch,BRANCH_A,False,0.06729137773315112,vxn_no_temporal_prior,synthetic-branch_a-07,Acceptable evidence for BRANCH_A.,3,synthetic-branch_a-07
0.6458820899327596,0.6458820899327596,0.15476627151171365,0.491115818421046,BRANCH_A,0.1925173948208491,0.919139568334054,known_branch,BRANCH_A,False,0.06319897000988324,vxn_no_temporal_prior,synthetic-branch_a-08,Acceptable evidence for BRANCH_A.,3,synthetic-branch_a-08
0.6457983454068502,0.6457983454068502,0.15859474738438925,0.48720359802246094,BRANCH_A,0.18697292109330496,0.9190615248598444,known_branch,BRANCH_A,False,0.0688317393263181,vxn_no_temporal_prior,synthetic-branch_a-09,Acceptable evidence for BRANCH_A.,3,synthetic-branch_a-09
0.6438230077425638,0.6438230077425638,0.15488516290982565,0.48893784483273817,BRANCH_A,0.1879409452279409,0.9186436730196684,known_branch,BRANCH_A,False,0.047213305408755936,vxn_no_temporal_prior,synthetic-branch_a-10,Acceptable evidence for BRANCH_A.,3,synthetic-branch_a-10
0.6498281558354696,0.6498281558354696,0.1502943386634191,0.4995338171720505,BRANCH_A,0.21328642964363098,0.9201454497751638,known_branch,BRANCH_A,False,0.05037334002554417,vxn_no_temporal_prior,synthetic-branch_a-11,Acceptable evidence for BRANCH_A.,3,synthetic-branch_a-11
0.6459763050079346,0.6459763050079346,0.1596665233373642,0.4863097816705704,BRANCH_A,0.1903467228015264,0.9190876309929346,known_branch,BRANCH_A,False,0.05784367645780245,vxn_no_temporal_prior,synthetic-branch_a-12,Acceptable evidence for BRANCH_A.,3,synthetic-branch_a-12
0.6451150178909302,0.6451150178909302,0.1576155424118042,0.487499475479126,BRANCH_A,0.18805421888828278,0.9189123549196483,known_branch,BRANCH_A,False,0.06524660065770149,vxn_no_temporal_prior,synthetic-branch_a-13,Acceptable evidence for BRANCH_A.,3,synthetic-branch_a-13
0.6440469026565552,0.6440469026565552,0.16079970200856528,0.48324720064798987,BRANCH_A,0.18722370763619742,0.9186045767189195,known_branch,BRANCH_A,False,0.05983827883998553,vxn_no_temporal_prior,synthetic-branch_a-14,Acceptable evidence for BRANCH_A.,3,synthetic-branch_a-14
0.6481019258499146,0.6481019258499146,0.15680051843325296,0.4913014074166616,BRANCH_A,0.19970358411471048,0.9196417688302483,known_branch,BRANCH_A,False,0.0692942850291729,vxn_no_temporal_prior,synthetic-branch_a-15,Acceptable evidence for BRANCH_A.,3,synthetic-branch_a-15
0.6391605138778687,0.6391605138778687,0.15462027986844382,0.4845402340094248,BRANCH_A,0.19745115439097086,0.9175260290365972,known_branch,BRANCH_A,False,0.04484518803656101,vxn_no_temporal_prior,synthetic-branch_a-16,Acceptable evidence for BRANCH_A.,3,synthetic-branch_a-16
0.650761087735494,0.650761087735494,0.14425269762674967,0.5065083901087444,BRANCH_A,0.20084003607432047,0.9204441919913333,known_branch,BRANCH_A,False,0.06381452704469363,vxn_no_temporal_prior,synthetic-branch_a-17,Acceptable evidence for BRANCH_A.,3,synthetic-branch_a-17
0.645602822303772,0.645602822303772,0.14995462695757547,0.49564819534619653,BRANCH_A,0.20212479929129282,0.9191418094491209,known_branch,BRANCH_A,False,0.059691657622655235,vxn_no_temporal_prior,synthetic-branch_a-18,Acceptable evidence for BRANCH_A.,3,synthetic-branch_a-18
0.6402556697527567,0.6402556697527567,0.1584770530462265,0.4817786167065302,BRANCH_A,0.1945227086544037,0.9177274122272101,known_branch,BRANCH_A,False,0.056643929332494736,vxn_no_temporal_prior,synthetic-branch_a-19,Acceptable evidence for BRANCH_A.,3,synthetic-branch_a-19
0.647787352403005,0.647787352403005,0.15626108149687448,0.49152627090613055,BRANCH_A,0.19292799135049185,0.9195742980527246,known_branch,BRANCH_A,False,0.06028721978267034,vxn_no_temporal_prior,synthetic-branch_a-20,Acceptable evidence for BRANCH_A.,3,synthetic-branch_a-20
0.6433740059534708,0.6433740059534708,0.15091866751511893,0.4924553384383519,BRANCH_A,0.19310207664966583,0.9185948660404004,known_branch,BRANCH_A,False,0.06097064291437467,vxn_no_temporal_prior,synthetic-branch_a-21,Acceptable evidence for BRANCH_A.,3,synthetic-branch_a-21
0.649614175160726,0.649614175160726,0.1573030650615692,0.49231111009915673,BRANCH_A,0.18884589771429697,0.9199968076375082,known_branch,BRANCH_A,False,0.05858484283089638,vxn_no_temporal_prior,synthetic-branch_a-22,Acceptable evidence for BRANCH_A.,3,synthetic-branch_a-22
0.6466106573740641,0.6466106573740641,0.15454729398091635,0.4920633633931477,BRANCH_A,0.18775280813376108,0.9193174061419374,known_branch,BRANCH_A,False,0.057388381411631904,vxn_no_temporal_prior,synthetic-branch_a-23,Acceptable evidence for BRANCH_A.,3,synthetic-branch_a-23
0.655653735001882,0.1743935892979304,0.655653735001882,0.4812601457039516,BRANCH_B,0.1452192688981692,0.9211833496490128,known_branch,BRANCH_B,False,0.0987378458182017,vxn_no_temporal_prior,synthetic-branch_b-00,Acceptable evidence for BRANCH_B.,3,synthetic-branch_b-00
0.6622414191563925,0.16973944505055746,0.6622414191563925,0.49250197410583496,BRANCH_B,0.13454769551753998,0.9228407110930383,known_branch,BRANCH_B,False,0.09748952339092891,vxn_no_temporal_prior,synthetic-branch_b-01,Acceptable evidence for BRANCH_B.,3,synthetic-branch_b-01
0.655336876710256,0.16713475187619528,0.655336876710256,0.48820212483406067,BRANCH_B,0.13191885004440942,0.9212230794478524,known_branch,BRANCH_B,False,0.09088203310966492,vxn_no_temporal_prior,synthetic-branch_b-02,Acceptable evidence for BRANCH_B.,3,synthetic-branch_b-02
0.657278041044871,0.17498179773489633,0.657278041044871,0.48229624330997467,BRANCH_B,0.12408686677614848,0.921566003648959,known_branch,BRANCH_B,False,0.08201753472288449,vxn_no_temporal_prior,synthetic-branch_b-03,Acceptable evidence for BRANCH_B.,3,synthetic-branch_b-03
0.6553046902020773,0.1625929574171702,0.6553046902020773,0.4927117327849071,BRANCH_B,0.1348827282587687,0.9212829876140862,known_branch,BRANCH_B,False,0.09242103745539983,vxn_no_temporal_prior,synthetic-branch_b-04,Acceptable evidence for BRANCH_B.,3,synthetic-branch_b-04
0.6563387314478556,0.16371267040570578,0.6563387314478556,0.4926260610421498,BRANCH_B,0.1302055890361468,0.9215144060072424,known_branch,BRANCH_B,False,0.09234915673732758,vxn_no_temporal_prior,synthetic-branch_b-05,Acceptable evidence for BRANCH_B.,3,synthetic-branch_b-05
0.6588379144668579,0.1643642634153366,0.6588379144668579,0.4944736510515213,BRANCH_B,0.1373375654220581,0.922103191790056,known_branch,BRANCH_B,False,0.10107756654421489,vxn_no_temporal_prior,synthetic-branch_b-06,Acceptable evidence for BRANCH_B.,3,synthetic-branch_b-06
0.6595104138056437,0.16845843692620596,0.6595104138056437,0.4910519768794377,BRANCH_B,0.13048377136389414,0.922204998087957,known_branch,BRANCH_B,False,0.09719465424617131,vxn_no_temporal_prior,synthetic-branch_b-07,Acceptable evidence for BRANCH_B.,3,synthetic-branch_b-07
0.6574689745903015,0.1626138985157013,0.6574689745903015,0.4948550760746002,BRANCH_B,0.1399048219124476,0.9218005694232029,known_branch,BRANCH_B,False,0.1030593290925026,vxn_no_temporal_prior,synthetic-branch_b-08,Acceptable evidence for BRANCH_B.,3,synthetic-branch_b-08
0.6575835148493449,0.17742657661437988,0.6575835148493449,0.48015693823496497,BRANCH_B,0.13100134829680124,0.9215990067503287,known_branch,BRANCH_B,False,0.08973654483755429,vxn_no_temporal_prior,synthetic-branch_b-09,Acceptable evidence for BRANCH_B.,3,synthetic-branch_b-09
0.6544797221819559,0.17142900824546814,0.6544797221819559,0.4830507139364878,BRANCH_B,0.12230358024438222,0.9209487572267996,known_branch,BRANCH_B,False,0.08433999369541804,vxn_no_temporal_prior,synthetic-branch_b-10,Acceptable evidence for BRANCH_B.,3,synthetic-branch_b-10
0.6532674233118693,0.1673240065574646,0.6532674233118693,0.48594341675440467,BRANCH_B,0.153828427195549,0.9207223759761365,known_branch,BRANCH_B,False,0.10141960283120473,vxn_no_temporal_prior,synthetic-branch_b-11,Acceptable evidence for BRANCH_B.,3,synthetic-branch_b-11
0.6564171314239502,0.16179999709129333,0.6564171314239502,0.49461713433265686,BRANCH_B,0.13683857023715973,0.9215605458653053,known_branch,BRANCH_B,False,0.11019868652025859,vxn_no_temporal_prior,synthetic-branch_b-12,Acceptable evidence for BRANCH_B.,3,synthetic-branch_b-12
0.6561596790949503,0.15493682026863098,0.6561596790949503,0.5012228588263193,BRANCH_B,0.1454529364903768,0.9215922684102397,known_branch,BRANCH_B,False,0.0829478179415067,vxn_no_temporal_prior,synthetic-branch_b-13,Acceptable evidence for BRANCH_B.,3,synthetic-branch_b-13
0.6590059200922648,0.16409359872341156,0.6590059200922648,0.4949123213688532,BRANCH_B,0.1315034901102384,0.9221471887664716,known_branch,BRANCH_B,False,0.10013252745072047,vxn_no_temporal_prior,synthetic-branch_b-14,Acceptable evidence for BRANCH_B.,3,synthetic-branch_b-14
0.6528244018554688,0.15881700813770294,0.6528244018554688,0.4940073937177658,BRANCH_B,0.1462104320526123,0.920743528909787,known_branch,BRANCH_B,False,0.10204127182563145,vxn_no_temporal_prior,synthetic-branch_b-15,Acceptable evidence for BRANCH_B.,3,synthetic-branch_b-15
0.6559661030769348,0.15875659883022308,0.6559661030769348,0.49720950424671173,BRANCH_B,0.14917372663815817,0.9214951281935595,known_branch,BRANCH_B,False,0.09170368313789368,vxn_no_temporal_prior,synthetic-branch_b-16,Acceptable evidence for BRANCH_B.,3,synthetic-branch_b-16
0.6564271450042725,0.15432304640611014,0.6564271450042725,0.5021040985981623,BRANCH_B,0.14267790814240774,0.9216638601210114,known_branch,BRANCH_B,False,0.08571617305278778,vxn_no_temporal_prior,synthetic-branch_b-17,Acceptable evidence for BRANCH_B.,3,synthetic-branch_b-17
0.6557602087656657,0.16583203772703806,0.6557602087656657,0.4899281710386276,BRANCH_B,0.13381556669871011,0.9213444769211607,known_branch,BRANCH_B,False,0.09145612517992656,vxn_no_temporal_prior,synthetic-branch_b-18,Acceptable evidence for BRANCH_B.,3,synthetic-branch_b-18
0.6552366614341736,0.16642439365386963,0.6552366614341736,0.48881226778030396,BRANCH_B,0.1328043391307195,0.9212098382724261,known_branch,BRANCH_B,False,0.0983178938428561,vxn_no_temporal_prior,synthetic-branch_b-19,Acceptable evidence for BRANCH_B.,3,synthetic-branch_b-19
0.6578112244606018,0.17333605885505676,0.6578112244606018,0.48447516560554504,BRANCH_B,0.14554164310296377,0.9217213957060448,known_branch,BRANCH_B,False,0.09290502468744914,vxn_no_temporal_prior,synthetic-branch_b-20,Acceptable evidence for BRANCH_B.,3,synthetic-branch_b-20
0.6560758749643961,0.16086551050345102,0.6560758749643961,0.49521036446094513,BRANCH_B,0.1447703242301941,0.9214921188650314,known_branch,BRANCH_B,False,0.09425806254148483,vxn_no_temporal_prior,synthetic-branch_b-21,Acceptable evidence for BRANCH_B.,3,synthetic-branch_b-21
0.6534180641174316,0.15576937794685364,0.6534180641174316,0.497648686170578,BRANCH_B,0.1492144912481308,0.9209278146321527,known_branch,BRANCH_B,False,0.09904306630293529,vxn_no_temporal_prior,synthetic-branch_b-22,Acceptable evidence for BRANCH_B.,3,synthetic-branch_b-22
0.6578147610028585,0.1787294993797938,0.6578147610028585,0.47908526162306475,BRANCH_B,0.1239678884545962,0.9216327784647745,known_branch,BRANCH_B,False,0.09470319996277492,vxn_no_temporal_prior,synthetic-branch_b-23,Acceptable evidence for BRANCH_B.,3,synthetic-branch_b-23
0.1941302369038264,0.1941302369038264,0.1452336460351944,0.04889659086863199,,0.1994525045156479,,unknown_route,UNKNOWN,False,0.13207651923100153,vxn_no_temporal_prior,synthetic-unknown-00,Evidence is weak for both learned branches.,3,synthetic-unknown-00
0.19313234090805054,0.19313234090805054,0.17482339342435202,0.018308947483698518,,0.17025506496429443,,unknown_route,UNKNOWN,False,0.10558958848317464,vxn_no_temporal_prior,synthetic-unknown-01,Evidence is weak for both learned branches.,3,synthetic-unknown-01
0.1851603090763092,0.18187670409679413,0.1851603090763092,0.0032836049795150757,,0.16297440230846405,,unknown_route,UNKNOWN,False,0.1326810692747434,vxn_no_temporal_prior,synthetic-unknown-02,Evidence is weak for both learned branches.,3,synthetic-unknown-02
0.2062132010857264,0.2062132010857264,0.18018455306688944,0.026028648018836975,,0.17796697715918222,,unknown_route,UNKNOWN,False,0.10752864678700765,vxn_no_temporal_prior,synthetic-unknown-03,Evidence is weak for both learned branches.,3,synthetic-unknown-03
0.17331943909327188,0.17331943909327188,0.13627052555481592,0.03704891353845596,,0.1765204519033432,,unknown_route,UNKNOWN,False,0.08791053543488185,vxn_no_temporal_prior,synthetic-unknown-04,Evidence is weak for both learned branches.,3,synthetic-unknown-04
0.20529512067635855,0.20529512067635855,0.17906985183556876,0.026225268840789795,,0.17542443176110586,,unknown_route,UNKNOWN,False,0.1101854642232259,vxn_no_temporal_prior,synthetic-unknown-05,Evidence is weak for both learned branches.,3,synthetic-unknown-05
0.19393273691336313,0.19393273691336313,0.17992739379405975,0.014005343119303376,,0.17349477112293243,,unknown_route,UNKNOWN,False,0.07672815521558125,vxn_no_temporal_prior,synthetic-unknown-06,Evidence is weak for both learned branches.,3,synthetic-unknown-06
0.1917780637741089,0.1917780637741089,0.1423133114973704,0.049464752276738494,,0.2185125251611074,,unknown_route,UNKNOWN,False,0.1283418262998263,vxn_no_temporal_prior,synthetic-unknown-07,Evidence is weak for both learned branches.,3,synthetic-unknown-07
0.20736568172772726,0.20736568172772726,0.16430425147215524,0.04306143025557202,,0.2084509233633677,,unknown_route,UNKNOWN,False,0.10505106300115585,vxn_no_temporal_prior,synthetic-unknown-08,Evidence is weak for both learned branches.,3,synthetic-unknown-08
0.19262650609016418,0.19262650609016418,0.1794059524933497,0.013220553596814483,,0.1602241943279902,,unknown_route,UNKNOWN,False,0.1129043276111285,vxn_no_temporal_prior,synthetic-unknown-09,Evidence is weak for both learned branches.,3,synthetic-unknown-09
0.19486160576343536,0.17431700229644775,0.19486160576343536,0.02054460346698761,,0.19290334979693094,,unknown_route,UNKNOWN,False,0.10981518278519313,vxn_no_temporal_prior,synthetic-unknown-10,Evidence is weak for both learned branches.,3,synthetic-unknown-10
0.2023077110449473,0.16540981829166412,0.2023077110449473,0.036897892753283174,,0.17657976349194845,,unknown_route,UNKNOWN,False,0.11034338921308517,vxn_no_temporal_prior,synthetic-unknown-11,Evidence is weak for both learned branches.,3,synthetic-unknown-11
0.18913667400678,0.18913667400678,0.17368821799755096,0.015448456009229034,,0.17714890340963999,,unknown_route,UNKNOWN,False,0.0990009034673373,vxn_no_temporal_prior,synthetic-unknown-12,Evidence is weak for both learned branches.,3,synthetic-unknown-12
0.19556104143460593,0.17023504773775736,0.19556104143460593,0.02532599369684857,,0.15857485433419546,,unknown_route,UNKNOWN,False,0.10530444234609604,vxn_no_temporal_prior,synthetic-unknown-13,Evidence is weak for both learned branches.,3,synthetic-unknown-13
0.18650399148464203,0.15944524109363556,0.18650399148464203,0.02705875039100647,,0.17643945415814719,,unknown_route,UNKNOWN,False,0.13208329180876413,vxn_no_temporal_prior,synthetic-unknown-14,Evidence is weak for both learned branches.,3,synthetic-unknown-14
0.1838573863108953,0.1838573863108953,0.1641456037759781,0.019711782534917205,,0.17360219359397888,,unknown_route,UNKNOWN,False,0.10819748416543007,vxn_no_temporal_prior,synthetic-unknown-15,Evidence is weak for both learned branches.,3,synthetic-unknown-15
0.21569299201170603,0.17443270484606424,0.21569299201170603,0.041260287165641785,,0.16544886430104574,,unknown_route,UNKNOWN,False,0.12342530240615208,vxn_no_temporal_prior,synthetic-unknown-16,Evidence is weak for both learned branches.,3,synthetic-unknown-16
0.20666233698527017,0.20666233698527017,0.1475758651892344,0.05908647179603577,,0.19277347127596536,,unknown_route,UNKNOWN,False,0.14716915041208267,vxn_no_temporal_prior,synthetic-unknown-17,Evidence is weak for both learned branches.,3,synthetic-unknown-17
0.19328407446543375,0.19328407446543375,0.17931724091370901,0.013966833551724733,,0.17999592423439026,,unknown_route,UNKNOWN,False,0.11960518856843312,vxn_no_temporal_prior,synthetic-unknown-18,Evidence is weak for both learned branches.,3,synthetic-unknown-18
0.20410558581352234,0.20410558581352234,0.1568379799524943,0.047267605861028045,,0.18362065156300864,,unknown_route,UNKNOWN,False,0.1105715682109197,vxn_no_temporal_prior,synthetic-unknown-19,Evidence is weak for both learned branches.,3,synthetic-unknown-19
0.1881334731976191,0.1881334731976191,0.16263181467851004,0.02550165851910907,,0.18502643207708994,,unknown_route,UNKNOWN,False,0.08815089116493861,vxn_no_temporal_prior,synthetic-unknown-20,Evidence is weak for both learned branches.,3,synthetic-unknown-20
0.17885193725426993,0.17885193725426993,0.15889298915863037,0.019958948095639556,,0.1566697210073471,,unknown_route,UNKNOWN,False,0.08476607998212178,vxn_no_temporal_prior,synthetic-unknown-21,Evidence is weak for both learned branches.,3,synthetic-unknown-21
0.19338790575663248,0.19338790575663248,0.15211066603660583,0.04127723972002664,,0.17771215736865997,,unknown_route,UNKNOWN,False,0.15426385899384817,vxn_no_temporal_prior,synthetic-unknown-22,Evidence is weak for both learned branches.,3,synthetic-unknown-22
0.18823682268460593,0.17562665045261383,0.18823682268460593,0.012610172231992095,,0.18810687959194183,,unknown_route,UNKNOWN,False,0.12289601316054662,vxn_no_temporal_prior,synthetic-unknown-23,Evidence is weak for both learned branches.,3,synthetic-unknown-23
0.4617879092693329,0.44830920298894245,0.4617879092693329,0.01347870628039044,,0.1538761854171753,,unknown_route,AMBIGUOUS,False,0.07282015557090442,vxn_no_temporal_prior,synthetic-ambiguous-00,Evidence is weak for both learned branches.,3,synthetic-ambiguous-00
0.4645448128382365,0.4369079569975535,0.4645448128382365,0.027636855840682983,,0.15677768488725027,,unknown_route,AMBIGUOUS,False,0.07685209562381108,vxn_no_temporal_prior,synthetic-ambiguous-01,Evidence is weak for both learned branches.,3,synthetic-ambiguous-01
0.4669789175192515,0.439208726088206,0.4669789175192515,0.027770191431045532,,0.15292485058307648,,unknown_route,AMBIGUOUS,False,0.08585495750109355,vxn_no_temporal_prior,synthetic-ambiguous-02,Evidence is weak for both learned branches.,3,synthetic-ambiguous-02
0.45650218923886615,0.45650218923886615,0.45374757051467896,0.0027546187241871967,,0.17812609672546387,,unknown_route,AMBIGUOUS,False,0.07232219601670901,vxn_no_temporal_prior,synthetic-ambiguous-03,Evidence is weak for both learned branches.,3,synthetic-ambiguous-03
0.4702185293038686,0.434363196293513,0.4702185293038686,0.035855333010355595,,0.14071187376976013,,unknown_route,AMBIGUOUS,False,0.08184868097305298,vxn_no_temporal_prior,synthetic-ambiguous-04,Evidence is weak for both learned branches.,3,synthetic-ambiguous-04
0.4615899622440338,0.44231732686360675,0.4615899622440338,0.01927263538042706,,0.1611576626698176,,unknown_route,AMBIGUOUS,False,0.06963031614820163,vxn_no_temporal_prior,synthetic-ambiguous-05,Evidence is weak for both learned branches.,3,synthetic-ambiguous-05
0.4677887757619222,0.4392043749491374,0.4677887757619222,0.028584400812784794,,0.16731625298659006,,unknown_route,AMBIGUOUS,False,0.07041889304916064,vxn_no_temporal_prior,synthetic-ambiguous-06,Evidence is weak for both learned branches.,3,synthetic-ambiguous-06
0.4667271176973979,0.43601517875989276,0.4667271176973979,0.030711938937505123,,0.1644517034292221,,unknown_route,AMBIGUOUS,False,0.06959061697125435,vxn_no_temporal_prior,synthetic-ambiguous-07,Evidence is weak for both learned branches.,3,synthetic-ambiguous-07
0.467574675877889,0.42994985977808636,0.467574675877889,0.037624816099802616,,0.15707155068715414,,unknown_route,AMBIGUOUS,False,0.08383737504482269,vxn_no_temporal_prior,synthetic-ambiguous-08,Evidence is weak for both learned branches.,3,synthetic-ambiguous-08
0.47132229804992676,0.4360348383585612,0.47132229804992676,0.03528745969136554,,0.16150491933027902,,unknown_route,AMBIGUOUS,False,0.07193823779622714,vxn_no_temporal_prior,synthetic-ambiguous-09,Evidence is weak for both learned branches.,3,synthetic-ambiguous-09
0.45928630232810974,0.44816939036051434,0.45928630232810974,0.0111169119675954,,0.1597711145877838,,unknown_route,AMBIGUOUS,False,0.0904645100235939,vxn_no_temporal_prior,synthetic-ambiguous-10,Evidence is weak for both learned branches.,3,synthetic-ambiguous-10
0.4744724631309509,0.43035658200581867,0.4744724631309509,0.04411588112513226,,0.1540935536225637,,unknown_route,AMBIGUOUS,False,0.08995887885491054,vxn_no_temporal_prior,synthetic-ambiguous-11,Evidence is weak for both learned branches.,3,synthetic-ambiguous-11
,,,,BRANCH_A,,,known_branch,BRANCH_A,False,,fixed_branch_a,synthetic-branch_a-00,Predeclared always-A forced-choice baseline,,synthetic-branch_a-00
,,,,BRANCH_A,,,known_branch,BRANCH_A,False,,fixed_branch_a,synthetic-branch_a-01,Predeclared always-A forced-choice baseline,,synthetic-branch_a-01
,,,,BRANCH_A,,,known_branch,BRANCH_A,False,,fixed_branch_a,synthetic-branch_a-02,Predeclared always-A forced-choice baseline,,synthetic-branch_a-02
,,,,BRANCH_A,,,known_branch,BRANCH_A,False,,fixed_branch_a,synthetic-branch_a-03,Predeclared always-A forced-choice baseline,,synthetic-branch_a-03
,,,,BRANCH_A,,,known_branch,BRANCH_A,False,,fixed_branch_a,synthetic-branch_a-04,Predeclared always-A forced-choice baseline,,synthetic-branch_a-04
,,,,BRANCH_A,,,known_branch,BRANCH_A,False,,fixed_branch_a,synthetic-branch_a-05,Predeclared always-A forced-choice baseline,,synthetic-branch_a-05
,,,,BRANCH_A,,,known_branch,BRANCH_A,False,,fixed_branch_a,synthetic-branch_a-06,Predeclared always-A forced-choice baseline,,synthetic-branch_a-06
,,,,BRANCH_A,,,known_branch,BRANCH_A,False,,fixed_branch_a,synthetic-branch_a-07,Predeclared always-A forced-choice baseline,,synthetic-branch_a-07
,,,,BRANCH_A,,,known_branch,BRANCH_A,False,,fixed_branch_a,synthetic-branch_a-08,Predeclared always-A forced-choice baseline,,synthetic-branch_a-08
,,,,BRANCH_A,,,known_branch,BRANCH_A,False,,fixed_branch_a,synthetic-branch_a-09,Predeclared always-A forced-choice baseline,,synthetic-branch_a-09
,,,,BRANCH_A,,,known_branch,BRANCH_A,False,,fixed_branch_a,synthetic-branch_a-10,Predeclared always-A forced-choice baseline,,synthetic-branch_a-10
,,,,BRANCH_A,,,known_branch,BRANCH_A,False,,fixed_branch_a,synthetic-branch_a-11,Predeclared always-A forced-choice baseline,,synthetic-branch_a-11
,,,,BRANCH_A,,,known_branch,BRANCH_A,False,,fixed_branch_a,synthetic-branch_a-12,Predeclared always-A forced-choice baseline,,synthetic-branch_a-12
,,,,BRANCH_A,,,known_branch,BRANCH_A,False,,fixed_branch_a,synthetic-branch_a-13,Predeclared always-A forced-choice baseline,,synthetic-branch_a-13
,,,,BRANCH_A,,,known_branch,BRANCH_A,False,,fixed_branch_a,synthetic-branch_a-14,Predeclared always-A forced-choice baseline,,synthetic-branch_a-14
,,,,BRANCH_A,,,known_branch,BRANCH_A,False,,fixed_branch_a,synthetic-branch_a-15,Predeclared always-A forced-choice baseline,,synthetic-branch_a-15
,,,,BRANCH_A,,,known_branch,BRANCH_A,False,,fixed_branch_a,synthetic-branch_a-16,Predeclared always-A forced-choice baseline,,synthetic-branch_a-16
,,,,BRANCH_A,,,known_branch,BRANCH_A,False,,fixed_branch_a,synthetic-branch_a-17,Predeclared always-A forced-choice baseline,,synthetic-branch_a-17
,,,,BRANCH_A,,,known_branch,BRANCH_A,False,,fixed_branch_a,synthetic-branch_a-18,Predeclared always-A forced-choice baseline,,synthetic-branch_a-18
,,,,BRANCH_A,,,known_branch,BRANCH_A,False,,fixed_branch_a,synthetic-branch_a-19,Predeclared always-A forced-choice baseline,,synthetic-branch_a-19
,,,,BRANCH_A,,,known_branch,BRANCH_A,False,,fixed_branch_a,synthetic-branch_a-20,Predeclared always-A forced-choice baseline,,synthetic-branch_a-20
,,,,BRANCH_A,,,known_branch,BRANCH_A,False,,fixed_branch_a,synthetic-branch_a-21,Predeclared always-A forced-choice baseline,,synthetic-branch_a-21
,,,,BRANCH_A,,,known_branch,BRANCH_A,False,,fixed_branch_a,synthetic-branch_a-22,Predeclared always-A forced-choice baseline,,synthetic-branch_a-22
,,,,BRANCH_A,,,known_branch,BRANCH_A,False,,fixed_branch_a,synthetic-branch_a-23,Predeclared always-A forced-choice baseline,,synthetic-branch_a-23
,,,,BRANCH_A,,,known_branch,BRANCH_B,False,,fixed_branch_a,synthetic-branch_b-00,Predeclared always-A forced-choice baseline,,synthetic-branch_b-00
,,,,BRANCH_A,,,known_branch,BRANCH_B,False,,fixed_branch_a,synthetic-branch_b-01,Predeclared always-A forced-choice baseline,,synthetic-branch_b-01
,,,,BRANCH_A,,,known_branch,BRANCH_B,False,,fixed_branch_a,synthetic-branch_b-02,Predeclared always-A forced-choice baseline,,synthetic-branch_b-02
,,,,BRANCH_A,,,known_branch,BRANCH_B,False,,fixed_branch_a,synthetic-branch_b-03,Predeclared always-A forced-choice baseline,,synthetic-branch_b-03
,,,,BRANCH_A,,,known_branch,BRANCH_B,False,,fixed_branch_a,synthetic-branch_b-04,Predeclared always-A forced-choice baseline,,synthetic-branch_b-04
,,,,BRANCH_A,,,known_branch,BRANCH_B,False,,fixed_branch_a,synthetic-branch_b-05,Predeclared always-A forced-choice baseline,,synthetic-branch_b-05
,,,,BRANCH_A,,,known_branch,BRANCH_B,False,,fixed_branch_a,synthetic-branch_b-06,Predeclared always-A forced-choice baseline,,synthetic-branch_b-06
,,,,BRANCH_A,,,known_branch,BRANCH_B,False,,fixed_branch_a,synthetic-branch_b-07,Predeclared always-A forced-choice baseline,,synthetic-branch_b-07
,,,,BRANCH_A,,,known_branch,BRANCH_B,False,,fixed_branch_a,synthetic-branch_b-08,Predeclared always-A forced-choice baseline,,synthetic-branch_b-08
,,,,BRANCH_A,,,known_branch,BRANCH_B,False,,fixed_branch_a,synthetic-branch_b-09,Predeclared always-A forced-choice baseline,,synthetic-branch_b-09
,,,,BRANCH_A,,,known_branch,BRANCH_B,False,,fixed_branch_a,synthetic-branch_b-10,Predeclared always-A forced-choice baseline,,synthetic-branch_b-10
,,,,BRANCH_A,,,known_branch,BRANCH_B,False,,fixed_branch_a,synthetic-branch_b-11,Predeclared always-A forced-choice baseline,,synthetic-branch_b-11
,,,,BRANCH_A,,,known_branch,BRANCH_B,False,,fixed_branch_a,synthetic-branch_b-12,Predeclared always-A forced-choice baseline,,synthetic-branch_b-12
,,,,BRANCH_A,,,known_branch,BRANCH_B,False,,fixed_branch_a,synthetic-branch_b-13,Predeclared always-A forced-choice baseline,,synthetic-branch_b-13
,,,,BRANCH_A,,,known_branch,BRANCH_B,False,,fixed_branch_a,synthetic-branch_b-14,Predeclared always-A forced-choice baseline,,synthetic-branch_b-14
,,,,BRANCH_A,,,known_branch,BRANCH_B,False,,fixed_branch_a,synthetic-branch_b-15,Predeclared always-A forced-choice baseline,,synthetic-branch_b-15
,,,,BRANCH_A,,,known_branch,BRANCH_B,False,,fixed_branch_a,synthetic-branch_b-16,Predeclared always-A forced-choice baseline,,synthetic-branch_b-16
,,,,BRANCH_A,,,known_branch,BRANCH_B,False,,fixed_branch_a,synthetic-branch_b-17,Predeclared always-A forced-choice baseline,,synthetic-branch_b-17
,,,,BRANCH_A,,,known_branch,BRANCH_B,False,,fixed_branch_a,synthetic-branch_b-18,Predeclared always-A forced-choice baseline,,synthetic-branch_b-18
,,,,BRANCH_A,,,known_branch,BRANCH_B,False,,fixed_branch_a,synthetic-branch_b-19,Predeclared always-A forced-choice baseline,,synthetic-branch_b-19
,,,,BRANCH_A,,,known_branch,BRANCH_B,False,,fixed_branch_a,synthetic-branch_b-20,Predeclared always-A forced-choice baseline,,synthetic-branch_b-20
,,,,BRANCH_A,,,known_branch,BRANCH_B,False,,fixed_branch_a,synthetic-branch_b-21,Predeclared always-A forced-choice baseline,,synthetic-branch_b-21
,,,,BRANCH_A,,,known_branch,BRANCH_B,False,,fixed_branch_a,synthetic-branch_b-22,Predeclared always-A forced-choice baseline,,synthetic-branch_b-22
,,,,BRANCH_A,,,known_branch,BRANCH_B,False,,fixed_branch_a,synthetic-branch_b-23,Predeclared always-A forced-choice baseline,,synthetic-branch_b-23
,,,,BRANCH_A,,,known_branch,UNKNOWN,False,,fixed_branch_a,synthetic-unknown-00,Predeclared always-A forced-choice baseline,,synthetic-unknown-00
,,,,BRANCH_A,,,known_branch,UNKNOWN,False,,fixed_branch_a,synthetic-unknown-01,Predeclared always-A forced-choice baseline,,synthetic-unknown-01
,,,,BRANCH_A,,,known_branch,UNKNOWN,False,,fixed_branch_a,synthetic-unknown-02,Predeclared always-A forced-choice baseline,,synthetic-unknown-02
,,,,BRANCH_A,,,known_branch,UNKNOWN,False,,fixed_branch_a,synthetic-unknown-03,Predeclared always-A forced-choice baseline,,synthetic-unknown-03
,,,,BRANCH_A,,,known_branch,UNKNOWN,False,,fixed_branch_a,synthetic-unknown-04,Predeclared always-A forced-choice baseline,,synthetic-unknown-04
,,,,BRANCH_A,,,known_branch,UNKNOWN,False,,fixed_branch_a,synthetic-unknown-05,Predeclared always-A forced-choice baseline,,synthetic-unknown-05
,,,,BRANCH_A,,,known_branch,UNKNOWN,False,,fixed_branch_a,synthetic-unknown-06,Predeclared always-A forced-choice baseline,,synthetic-unknown-06
,,,,BRANCH_A,,,known_branch,UNKNOWN,False,,fixed_branch_a,synthetic-unknown-07,Predeclared always-A forced-choice baseline,,synthetic-unknown-07
,,,,BRANCH_A,,,known_branch,UNKNOWN,False,,fixed_branch_a,synthetic-unknown-08,Predeclared always-A forced-choice baseline,,synthetic-unknown-08
,,,,BRANCH_A,,,known_branch,UNKNOWN,False,,fixed_branch_a,synthetic-unknown-09,Predeclared always-A forced-choice baseline,,synthetic-unknown-09
,,,,BRANCH_A,,,known_branch,UNKNOWN,False,,fixed_branch_a,synthetic-unknown-10,Predeclared always-A forced-choice baseline,,synthetic-unknown-10
,,,,BRANCH_A,,,known_branch,UNKNOWN,False,,fixed_branch_a,synthetic-unknown-11,Predeclared always-A forced-choice baseline,,synthetic-unknown-11
,,,,BRANCH_A,,,known_branch,UNKNOWN,False,,fixed_branch_a,synthetic-unknown-12,Predeclared always-A forced-choice baseline,,synthetic-unknown-12
,,,,BRANCH_A,,,known_branch,UNKNOWN,False,,fixed_branch_a,synthetic-unknown-13,Predeclared always-A forced-choice baseline,,synthetic-unknown-13
,,,,BRANCH_A,,,known_branch,UNKNOWN,False,,fixed_branch_a,synthetic-unknown-14,Predeclared always-A forced-choice baseline,,synthetic-unknown-14
,,,,BRANCH_A,,,known_branch,UNKNOWN,False,,fixed_branch_a,synthetic-unknown-15,Predeclared always-A forced-choice baseline,,synthetic-unknown-15
,,,,BRANCH_A,,,known_branch,UNKNOWN,False,,fixed_branch_a,synthetic-unknown-16,Predeclared always-A forced-choice baseline,,synthetic-unknown-16
,,,,BRANCH_A,,,known_branch,UNKNOWN,False,,fixed_branch_a,synthetic-unknown-17,Predeclared always-A forced-choice baseline,,synthetic-unknown-17
,,,,BRANCH_A,,,known_branch,UNKNOWN,False,,fixed_branch_a,synthetic-unknown-18,Predeclared always-A forced-choice baseline,,synthetic-unknown-18
,,,,BRANCH_A,,,known_branch,UNKNOWN,False,,fixed_branch_a,synthetic-unknown-19,Predeclared always-A forced-choice baseline,,synthetic-unknown-19
,,,,BRANCH_A,,,known_branch,UNKNOWN,False,,fixed_branch_a,synthetic-unknown-20,Predeclared always-A forced-choice baseline,,synthetic-unknown-20
,,,,BRANCH_A,,,known_branch,UNKNOWN,False,,fixed_branch_a,synthetic-unknown-21,Predeclared always-A forced-choice baseline,,synthetic-unknown-21
,,,,BRANCH_A,,,known_branch,UNKNOWN,False,,fixed_branch_a,synthetic-unknown-22,Predeclared always-A forced-choice baseline,,synthetic-unknown-22
,,,,BRANCH_A,,,known_branch,UNKNOWN,False,,fixed_branch_a,synthetic-unknown-23,Predeclared always-A forced-choice baseline,,synthetic-unknown-23
,,,,BRANCH_A,,,known_branch,AMBIGUOUS,False,,fixed_branch_a,synthetic-ambiguous-00,Predeclared always-A forced-choice baseline,,synthetic-ambiguous-00
,,,,BRANCH_A,,,known_branch,AMBIGUOUS,False,,fixed_branch_a,synthetic-ambiguous-01,Predeclared always-A forced-choice baseline,,synthetic-ambiguous-01
,,,,BRANCH_A,,,known_branch,AMBIGUOUS,False,,fixed_branch_a,synthetic-ambiguous-02,Predeclared always-A forced-choice baseline,,synthetic-ambiguous-02
,,,,BRANCH_A,,,known_branch,AMBIGUOUS,False,,fixed_branch_a,synthetic-ambiguous-03,Predeclared always-A forced-choice baseline,,synthetic-ambiguous-03
,,,,BRANCH_A,,,known_branch,AMBIGUOUS,False,,fixed_branch_a,synthetic-ambiguous-04,Predeclared always-A forced-choice baseline,,synthetic-ambiguous-04
,,,,BRANCH_A,,,known_branch,AMBIGUOUS,False,,fixed_branch_a,synthetic-ambiguous-05,Predeclared always-A forced-choice baseline,,synthetic-ambiguous-05
,,,,BRANCH_A,,,known_branch,AMBIGUOUS,False,,fixed_branch_a,synthetic-ambiguous-06,Predeclared always-A forced-choice baseline,,synthetic-ambiguous-06
,,,,BRANCH_A,,,known_branch,AMBIGUOUS,False,,fixed_branch_a,synthetic-ambiguous-07,Predeclared always-A forced-choice baseline,,synthetic-ambiguous-07
,,,,BRANCH_A,,,known_branch,AMBIGUOUS,False,,fixed_branch_a,synthetic-ambiguous-08,Predeclared always-A forced-choice baseline,,synthetic-ambiguous-08
,,,,BRANCH_A,,,known_branch,AMBIGUOUS,False,,fixed_branch_a,synthetic-ambiguous-09,Predeclared always-A forced-choice baseline,,synthetic-ambiguous-09
,,,,BRANCH_A,,,known_branch,AMBIGUOUS,False,,fixed_branch_a,synthetic-ambiguous-10,Predeclared always-A forced-choice baseline,,synthetic-ambiguous-10
,,,,BRANCH_A,,,known_branch,AMBIGUOUS,False,,fixed_branch_a,synthetic-ambiguous-11,Predeclared always-A forced-choice baseline,,synthetic-ambiguous-11
0.12756240367889404,0.12756240367889404,-0.01669783517718315,0.1442602388560772,,,,unknown_route,BRANCH_A,False,,global_centroid,synthetic-branch_a-00,Evidence is weak for both learned branches.,,synthetic-branch_a-00
0.13315394520759583,0.13315394520759583,-0.030171265825629234,0.16332521103322506,,,,unknown_route,BRANCH_A,False,,global_centroid,synthetic-branch_a-01,Evidence is weak for both learned branches.,,synthetic-branch_a-01
0.12923596799373627,0.12923596799373627,-0.0174468494951725,0.14668281748890877,,,,unknown_route,BRANCH_A,False,,global_centroid,synthetic-branch_a-02,Evidence is weak for both learned branches.,,synthetic-branch_a-02
0.13198643922805786,0.13198643922805786,-0.027867818251252174,0.15985425747931004,,,,unknown_route,BRANCH_A,False,,global_centroid,synthetic-branch_a-03,Evidence is weak for both learned branches.,,synthetic-branch_a-03
0.122927725315094,0.122927725315094,-0.028483295813202858,0.15141102112829685,,,,unknown_route,BRANCH_A,False,,global_centroid,synthetic-branch_a-04,Evidence is weak for both learned branches.,,synthetic-branch_a-04
0.13969743251800537,0.13969743251800537,-0.025320054963231087,0.16501748748123646,,,,unknown_route,BRANCH_A,False,,global_centroid,synthetic-branch_a-05,Evidence is weak for both learned branches.,,synthetic-branch_a-05
0.1321972906589508,0.1321972906589508,-0.018114445731043816,0.15031173638999462,,,,unknown_route,BRANCH_A,False,,global_centroid,synthetic-branch_a-06,Evidence is weak for both learned branches.,,synthetic-branch_a-06
0.14002278447151184,0.14002278447151184,-0.019493605941534042,0.15951639041304588,,,,unknown_route,BRANCH_A,False,,global_centroid,synthetic-branch_a-07,Evidence is weak for both learned branches.,,synthetic-branch_a-07
0.12317222356796265,0.12317222356796265,-0.028017180040478706,0.15118940360844135,,,,unknown_route,BRANCH_A,False,,global_centroid,synthetic-branch_a-08,Evidence is weak for both learned branches.,,synthetic-branch_a-08
0.12770725786685944,0.12770725786685944,-0.01941121742129326,0.1471184752881527,,,,unknown_route,BRANCH_A,False,,global_centroid,synthetic-branch_a-09,Evidence is weak for both learned branches.,,synthetic-branch_a-09
0.12616866827011108,0.12616866827011108,-0.027355575934052467,0.15352424420416355,,,,unknown_route,BRANCH_A,False,,global_centroid,synthetic-branch_a-10,Evidence is weak for both learned branches.,,synthetic-branch_a-10
0.133927583694458,0.133927583694458,-0.01781821995973587,0.15174580365419388,,,,unknown_route,BRANCH_A,False,,global_centroid,synthetic-branch_a-11,Evidence is weak for both learned branches.,,synthetic-branch_a-11
0.1251268833875656,0.1251268833875656,-0.020800288766622543,0.14592717215418816,,,,unknown_route,BRANCH_A,False,,global_centroid,synthetic-branch_a-12,Evidence is weak for both learned branches.,,synthetic-branch_a-12
0.12347519397735596,0.12347519397735596,-0.02416854165494442,0.14764373563230038,,,,unknown_route,BRANCH_A,False,,global_centroid,synthetic-branch_a-13,Evidence is weak for both learned branches.,,synthetic-branch_a-13
0.11962619423866272,0.11962619423866272,-0.01801704242825508,0.1376432366669178,,,,unknown_route,BRANCH_A,False,,global_centroid,synthetic-branch_a-14,Evidence is weak for both learned branches.,,synthetic-branch_a-14
0.13342545926570892,0.13342545926570892,-0.022314520552754402,0.15573997981846333,,,,unknown_route,BRANCH_A,False,,global_centroid,synthetic-branch_a-15,Evidence is weak for both learned branches.,,synthetic-branch_a-15
0.12043952941894531,0.12043952941894531,-0.025385595858097076,0.1458251252770424,,,,unknown_route,BRANCH_A,False,,global_centroid,synthetic-branch_a-16,Evidence is weak for both learned branches.,,synthetic-branch_a-16
0.1340959370136261,0.1340959370136261,-0.03566771745681763,0.16976365447044373,,,,unknown_route,BRANCH_A,False,,global_centroid,synthetic-branch_a-17,Evidence is weak for both learned branches.,,synthetic-branch_a-17
0.12821023166179657,0.12821023166179657,-0.03214634582400322,0.1603565774857998,,,,unknown_route,BRANCH_A,False,,global_centroid,synthetic-branch_a-18,Evidence is weak for both learned branches.,,synthetic-branch_a-18
0.11922135949134827,0.11922135949134827,-0.01603076606988907,0.13525212556123734,,,,unknown_route,BRANCH_A,False,,global_centroid,synthetic-branch_a-19,Evidence is weak for both learned branches.,,synthetic-branch_a-19
0.1334993839263916,0.1334993839263916,-0.028133053332567215,0.16163243725895882,,,,unknown_route,BRANCH_A,False,,global_centroid,synthetic-branch_a-20,Evidence is weak for both learned branches.,,synthetic-branch_a-20
0.11763945966959,0.11763945966959,-0.0339413620531559,0.1515808217227459,,,,unknown_route,BRANCH_A,False,,global_centroid,synthetic-branch_a-21,Evidence is weak for both learned branches.,,synthetic-branch_a-21
0.1267412006855011,0.1267412006855011,-0.020860064774751663,0.14760126546025276,,,,unknown_route,BRANCH_A,False,,global_centroid,synthetic-branch_a-22,Evidence is weak for both learned branches.,,synthetic-branch_a-22
0.12619760632514954,0.12619760632514954,-0.03103725053369999,0.15723485685884953,,,,unknown_route,BRANCH_A,False,,global_centroid,synthetic-branch_a-23,Evidence is weak for both learned branches.,,synthetic-branch_a-23
0.19515374302864075,-0.02394702658057213,0.19515374302864075,0.21910076960921288,,,,unknown_route,BRANCH_B,False,,global_centroid,synthetic-branch_b-00,Evidence is weak for both learned branches.,,synthetic-branch_b-00
0.21676628291606903,-0.030355142429471016,0.21676628291606903,0.24712142534554005,,,,unknown_route,BRANCH_B,False,,global_centroid,synthetic-branch_b-01,Evidence is weak for both learned branches.,,synthetic-branch_b-01
0.20020510256290436,-0.024103321135044098,0.20020510256290436,0.22430842369794846,,,,unknown_route,BRANCH_B,False,,global_centroid,synthetic-branch_b-02,Evidence is weak for both learned branches.,,synthetic-branch_b-02
0.20679840445518494,-0.031852155923843384,0.20679840445518494,0.23865056037902832,,,,unknown_route,BRANCH_B,False,,global_centroid,synthetic-branch_b-03,Evidence is weak for both learned branches.,,synthetic-branch_b-03
0.19930243492126465,-0.036522265523672104,0.19930243492126465,0.23582470044493675,,,,unknown_route,BRANCH_B,False,,global_centroid,synthetic-branch_b-04,Evidence is weak for both learned branches.,,synthetic-branch_b-04
0.21093890070915222,-0.03181146830320358,0.21093890070915222,0.2427503690123558,,,,unknown_route,BRANCH_B,False,,global_centroid,synthetic-branch_b-05,Evidence is weak for both learned branches.,,synthetic-branch_b-05
0.2009589970111847,-0.03630238398909569,0.2009589970111847,0.23726138100028038,,,,unknown_route,BRANCH_B,False,,global_centroid,synthetic-branch_b-06,Evidence is weak for both learned branches.,,synthetic-branch_b-06
0.20611697435379028,-0.04523738473653793,0.20611697435379028,0.2513543590903282,,,,unknown_route,BRANCH_B,False,,global_centroid,synthetic-branch_b-07,Evidence is weak for both learned branches.,,synthetic-branch_b-07
0.21089136600494385,-0.0362747423350811,0.21089136600494385,0.24716610834002495,,,,unknown_route,BRANCH_B,False,,global_centroid,synthetic-branch_b-08,Evidence is weak for both learned branches.,,synthetic-branch_b-08
0.19839061796665192,-0.02928408980369568,0.19839061796665192,0.2276747077703476,,,,unknown_route,BRANCH_B,False,,global_centroid,synthetic-branch_b-09,Evidence is weak for both learned branches.,,synthetic-branch_b-09
0.2005317211151123,-0.01909063011407852,0.2005317211151123,0.21962235122919083,,,,unknown_route,BRANCH_B,False,,global_centroid,synthetic-branch_b-10,Evidence is weak for both learned branches.,,synthetic-branch_b-10
0.1963166743516922,-0.02389608696103096,0.1963166743516922,0.22021276131272316,,,,unknown_route,BRANCH_B,False,,global_centroid,synthetic-branch_b-11,Evidence is weak for both learned branches.,,synthetic-branch_b-11
0.19975218176841736,-0.030262310057878494,0.19975218176841736,0.23001449182629585,,,,unknown_route,BRANCH_B,False,,global_centroid,synthetic-branch_b-12,Evidence is weak for both learned branches.,,synthetic-branch_b-12
0.20923985540866852,-0.03788601607084274,0.20923985540866852,0.24712587147951126,,,,unknown_route,BRANCH_B,False,,global_centroid,synthetic-branch_b-13,Evidence is weak for both learned branches.,,synthetic-branch_b-13
0.22135215997695923,-0.0359371043741703,0.22135215997695923,0.25728926435112953,,,,unknown_route,BRANCH_B,False,,global_centroid,synthetic-branch_b-14,Evidence is weak for both learned branches.,,synthetic-branch_b-14
0.2019822597503662,-0.04365302622318268,0.2019822597503662,0.2456352859735489,,,,unknown_route,BRANCH_B,False,,global_centroid,synthetic-branch_b-15,Evidence is weak for both learned branches.,,synthetic-branch_b-15
0.20132021605968475,-0.030770808458328247,0.20132021605968475,0.232091024518013,,,,unknown_route,BRANCH_B,False,,global_centroid,synthetic-branch_b-16,Evidence is weak for both learned branches.,,synthetic-branch_b-16
0.21108342707157135,-0.03463359922170639,0.21108342707157135,0.24571702629327774,,,,unknown_route,BRANCH_B,False,,global_centroid,synthetic-branch_b-17,Evidence is weak for both learned branches.,,synthetic-branch_b-17
0.1987781822681427,-0.03142508491873741,0.1987781822681427,0.2302032671868801,,,,unknown_route,BRANCH_B,False,,global_centroid,synthetic-branch_b-18,Evidence is weak for both learned branches.,,synthetic-branch_b-18
0.19838279485702515,-0.03842027112841606,0.19838279485702515,0.2368030659854412,,,,unknown_route,BRANCH_B,False,,global_centroid,synthetic-branch_b-19,Evidence is weak for both learned branches.,,synthetic-branch_b-19
0.21040266752243042,-0.023804912343621254,0.21040266752243042,0.23420757986605167,,,,unknown_route,BRANCH_B,False,,global_centroid,synthetic-branch_b-20,Evidence is weak for both learned branches.,,synthetic-branch_b-20
0.1962311714887619,-0.039634931832551956,0.1962311714887619,0.23586610332131386,,,,unknown_route,BRANCH_B,False,,global_centroid,synthetic-branch_b-21,Evidence is weak for both learned branches.,,synthetic-branch_b-21
0.1973366141319275,-0.03522973880171776,0.1973366141319275,0.23256635293364525,,,,unknown_route,BRANCH_B,False,,global_centroid,synthetic-branch_b-22,Evidence is weak for both learned branches.,,synthetic-branch_b-22
0.20836085081100464,-0.030132794752717018,0.20836085081100464,0.23849364556372166,,,,unknown_route,BRANCH_B,False,,global_centroid,synthetic-branch_b-23,Evidence is weak for both learned branches.,,synthetic-branch_b-23
0.004390114918351173,0.004390114918351173,-0.02464432641863823,0.029034441336989403,,,,unknown_route,UNKNOWN,False,,global_centroid,synthetic-unknown-00,Evidence is weak for both learned branches.,,synthetic-unknown-00
0.026495279744267464,0.026495279744267464,0.016163913533091545,0.010331366211175919,,,,unknown_route,UNKNOWN,False,,global_centroid,synthetic-unknown-01,Evidence is weak for both learned branches.,,synthetic-unknown-01
-6.422535807359964e-05,-0.004382602404803038,-6.422535807359964e-05,0.004318377046729438,,,,unknown_route,UNKNOWN,False,,global_centroid,synthetic-unknown-02,Evidence is weak for both learned branches.,,synthetic-unknown-02
0.031801268458366394,0.031801268458366394,-0.010818622075021267,0.04261989053338766,,,,unknown_route,UNKNOWN,False,,global_centroid,synthetic-unknown-03,Evidence is weak for both learned branches.,,synthetic-unknown-03
0.010754302144050598,0.010754302144050598,-0.05224372819066048,0.06299803033471107,,,,unknown_route,UNKNOWN,False,,global_centroid,synthetic-unknown-04,Evidence is weak for both learned branches.,,synthetic-unknown-04
0.009817262180149555,-0.014348977245390415,0.009817262180149555,0.02416623942553997,,,,unknown_route,UNKNOWN,False,,global_centroid,synthetic-unknown-05,Evidence is weak for both learned branches.,,synthetic-unknown-05
-0.014697371982038021,-0.023193800821900368,-0.014697371982038021,0.008496428839862347,,,,unknown_route,UNKNOWN,False,,global_centroid,synthetic-unknown-06,Evidence is weak for both learned branches.,,synthetic-unknown-06
0.010876649990677834,0.010876649990677834,-0.01903393678367138,0.029910586774349213,,,,unknown_route,UNKNOWN,False,,global_centroid,synthetic-unknown-07,Evidence is weak for both learned branches.,,synthetic-unknown-07
0.01838337443768978,0.01838337443768978,-0.01410156674683094,0.03248494118452072,,,,unknown_route,UNKNOWN,False,,global_centroid,synthetic-unknown-08,Evidence is weak for both learned branches.,,synthetic-unknown-08
0.014758924022316933,-0.020394183695316315,0.014758924022316933,0.03515310771763325,,,,unknown_route,UNKNOWN,False,,global_centroid,synthetic-unknown-09,Evidence is weak for both learned branches.,,synthetic-unknown-09
0.018279653042554855,0.017402274534106255,0.018279653042554855,0.0008773785084486008,,,,unknown_route,UNKNOWN,False,,global_centroid,synthetic-unknown-10,Evidence is weak for both learned branches.,,synthetic-unknown-10
0.03537130728363991,0.00558973615989089,0.03537130728363991,0.029781571123749018,,,,unknown_route,UNKNOWN,False,,global_centroid,synthetic-unknown-11,Evidence is weak for both learned branches.,,synthetic-unknown-11
0.027634380385279655,0.027634380385279655,-0.010481130331754684,0.03811551071703434,,,,unknown_route,UNKNOWN,False,,global_centroid,synthetic-unknown-12,Evidence is weak for both learned branches.,,synthetic-unknown-12
0.04929672181606293,-0.004037350416183472,0.04929672181606293,0.0533340722322464,,,,unknown_route,UNKNOWN,False,,global_centroid,synthetic-unknown-13,Evidence is weak for both learned branches.,,synthetic-unknown-13
0.01105581596493721,-0.06396710872650146,0.01105581596493721,0.07502292469143867,,,,unknown_route,UNKNOWN,False,,global_centroid,synthetic-unknown-14,Evidence is weak for both learned branches.,,synthetic-unknown-14
0.007123237010091543,0.007123237010091543,-0.015921398997306824,0.023044636007398367,,,,unknown_route,UNKNOWN,False,,global_centroid,synthetic-unknown-15,Evidence is weak for both learned branches.,,synthetic-unknown-15
0.012796360068023205,-0.007517618592828512,0.012796360068023205,0.020313978660851717,,,,unknown_route,UNKNOWN,False,,global_centroid,synthetic-unknown-16,Evidence is weak for both learned branches.,,synthetic-unknown-16
0.040782906115055084,0.040782906115055084,-0.007563092280179262,0.048345998395234346,,,,unknown_route,UNKNOWN,False,,global_centroid,synthetic-unknown-17,Evidence is weak for both learned branches.,,synthetic-unknown-17
0.0022804848849773407,0.0022804848849773407,-0.0015035687247291207,0.0037840536097064614,,,,unknown_route,UNKNOWN,False,,global_centroid,synthetic-unknown-18,Evidence is weak for both learned branches.,,synthetic-unknown-18
0.017906785011291504,0.017906785011291504,0.007593126036226749,0.010313658975064754,,,,unknown_route,UNKNOWN,False,,global_centroid,synthetic-unknown-19,Evidence is weak for both learned branches.,,synthetic-unknown-19
-0.0015658695483580232,-0.002030968200415373,-0.0015658695483580232,0.0004650986520573497,,,,unknown_route,UNKNOWN,False,,global_centroid,synthetic-unknown-20,Evidence is weak for both learned branches.,,synthetic-unknown-20
-0.0026439859066158533,-0.008873239159584045,-0.0026439859066158533,0.006229253252968192,,,,unknown_route,UNKNOWN,False,,global_centroid,synthetic-unknown-21,Evidence is weak for both learned branches.,,synthetic-unknown-21
0.015893565490841866,0.015893565490841866,-0.01935204677283764,0.035245612263679504,,,,unknown_route,UNKNOWN,False,,global_centroid,synthetic-unknown-22,Evidence is weak for both learned branches.,,synthetic-unknown-22
0.005971705541014671,-0.01610622927546501,0.005971705541014671,0.022077934816479683,,,,unknown_route,UNKNOWN,False,,global_centroid,synthetic-unknown-23,Evidence is weak for both learned branches.,,synthetic-unknown-23
0.1377132087945938,0.06737513095140457,0.1377132087945938,0.07033807784318924,,,,unknown_route,AMBIGUOUS,False,,global_centroid,synthetic-ambiguous-00,Evidence is weak for both learned branches.,,synthetic-ambiguous-00
0.13213467597961426,0.06472888588905334,0.13213467597961426,0.06740579009056091,,,,unknown_route,AMBIGUOUS,False,,global_centroid,synthetic-ambiguous-01,Evidence is weak for both learned branches.,,synthetic-ambiguous-01
0.13889822363853455,0.0807080864906311,0.13889822363853455,0.05819013714790344,,,,unknown_route,AMBIGUOUS,False,,global_centroid,synthetic-ambiguous-02,Evidence is weak for both learned branches.,,synthetic-ambiguous-02
0.13481111824512482,0.06659971177577972,0.13481111824512482,0.06821140646934509,,,,unknown_route,AMBIGUOUS,False,,global_centroid,synthetic-ambiguous-03,Evidence is weak for both learned branches.,,synthetic-ambiguous-03
0.13527990877628326,0.06642016023397446,0.13527990877628326,0.06885974854230881,,,,unknown_route,AMBIGUOUS,False,,global_centroid,synthetic-ambiguous-04,Evidence is weak for both learned branches.,,synthetic-ambiguous-04
0.1325361430644989,0.0648413896560669,0.1325361430644989,0.067694753408432,,,,unknown_route,AMBIGUOUS,False,,global_centroid,synthetic-ambiguous-05,Evidence is weak for both learned branches.,,synthetic-ambiguous-05
0.14156731963157654,0.06248335540294647,0.14156731963157654,0.07908396422863007,,,,unknown_route,AMBIGUOUS,False,,global_centroid,synthetic-ambiguous-06,Evidence is weak for both learned branches.,,synthetic-ambiguous-06
0.14182549715042114,0.06001690775156021,0.14182549715042114,0.08180858939886093,,,,unknown_route,AMBIGUOUS,False,,global_centroid,synthetic-ambiguous-07,Evidence is weak for both learned branches.,,synthetic-ambiguous-07
0.143573597073555,0.061549633741378784,0.143573597073555,0.08202396333217621,,,,unknown_route,AMBIGUOUS,False,,global_centroid,synthetic-ambiguous-08,Evidence is weak for both learned branches.,,synthetic-ambiguous-08
0.15047895908355713,0.0658097043633461,0.15047895908355713,0.08466925472021103,,,,unknown_route,AMBIGUOUS,False,,global_centroid,synthetic-ambiguous-09,Evidence is weak for both learned branches.,,synthetic-ambiguous-09
0.13529939949512482,0.07226420938968658,0.13529939949512482,0.06303519010543823,,,,unknown_route,AMBIGUOUS,False,,global_centroid,synthetic-ambiguous-10,Evidence is weak for both learned branches.,,synthetic-ambiguous-10
0.13940434157848358,0.05968286097049713,0.13940434157848358,0.07972148060798645,,,,unknown_route,AMBIGUOUS,False,,global_centroid,synthetic-ambiguous-11,Evidence is weak for both learned branches.,,synthetic-ambiguous-11
0.955589771270752,0.955589771270752,0.3483429551124573,0.6072468161582947,BRANCH_A,,0.9897299868991711,known_branch,BRANCH_A,False,,last_frame_nn,synthetic-branch_a-00,Strong evidence for BRANCH_A.,,synthetic-branch_a-00
0.9690423011779785,0.9690423011779785,0.37743574380874634,0.5916065573692322,BRANCH_A,,0.9926968786857087,known_branch,BRANCH_A,False,,last_frame_nn,synthetic-branch_a-01,Strong evidence for BRANCH_A.,,synthetic-branch_a-01
0.9550162553787231,0.9550162553787231,0.35700100660324097,0.5980152487754822,BRANCH_A,,0.9895669964378158,known_branch,BRANCH_A,False,,last_frame_nn,synthetic-branch_a-02,Strong evidence for BRANCH_A.,,synthetic-branch_a-02
0.9414337277412415,0.9414337277412415,0.29990750551223755,0.6415262222290039,BRANCH_A,,0.9866416304251122,known_branch,BRANCH_A,False,,last_frame_nn,synthetic-branch_a-03,Strong evidence for BRANCH_A.,,synthetic-branch_a-03
0.9306473135948181,0.9306473135948181,0.31775912642478943,0.6128881871700287,BRANCH_A,,0.9841368339183729,known_branch,BRANCH_A,False,,last_frame_nn,synthetic-branch_a-04,Strong evidence for BRANCH_A.,,synthetic-branch_a-04
0.9512186646461487,0.9512186646461487,0.4252919554710388,0.5259267091751099,BRANCH_A,,0.9882574236450434,known_branch,BRANCH_A,False,,last_frame_nn,synthetic-branch_a-05,Strong evidence for BRANCH_A.,,synthetic-branch_a-05
0.9513039588928223,0.9513039588928223,0.36104637384414673,0.5902575850486755,BRANCH_A,,0.9887000136622195,known_branch,BRANCH_A,False,,last_frame_nn,synthetic-branch_a-06,Strong evidence for BRANCH_A.,,synthetic-branch_a-06
0.9472610354423523,0.9472610354423523,0.403788298368454,0.5434727370738983,BRANCH_A,,0.9875177965004338,known_branch,BRANCH_A,False,,last_frame_nn,synthetic-branch_a-07,Strong evidence for BRANCH_A.,,synthetic-branch_a-07
0.9574156403541565,0.9574156403541565,0.3804973363876343,0.5769183039665222,BRANCH_A,,0.990012882771714,known_branch,BRANCH_A,False,,last_frame_nn,synthetic-branch_a-08,Strong evidence for BRANCH_A.,,synthetic-branch_a-08
0.9580826759338379,0.9580826759338379,0.344058096408844,0.6140245795249939,BRANCH_A,,0.9903134391575117,known_branch,BRANCH_A,False,,last_frame_nn,synthetic-branch_a-09,Strong evidence for BRANCH_A.,,synthetic-branch_a-09
0.9527552723884583,0.9527552723884583,0.3761271834373474,0.5766280889511108,BRANCH_A,,0.9889628268764454,known_branch,BRANCH_A,False,,last_frame_nn,synthetic-branch_a-10,Strong evidence for BRANCH_A.,,synthetic-branch_a-10
0.9532967209815979,0.9532967209815979,0.3817865550518036,0.5715101659297943,BRANCH_A,,0.9890577784625134,known_branch,BRANCH_A,False,,last_frame_nn,synthetic-branch_a-11,Strong evidence for BRANCH_A.,,synthetic-branch_a-11
0.954292893409729,0.954292893409729,0.3375507891178131,0.6167421042919159,BRANCH_A,,0.9894692563495938,known_branch,BRANCH_A,False,,last_frame_nn,synthetic-branch_a-12,Strong evidence for BRANCH_A.,,synthetic-branch_a-12
0.9547197222709656,0.9547197222709656,0.3722047209739685,0.5825150012969971,BRANCH_A,,0.9894336902610369,known_branch,BRANCH_A,False,,last_frame_nn,synthetic-branch_a-13,Strong evidence for BRANCH_A.,,synthetic-branch_a-13
0.9743295907974243,0.9743295907974243,0.41785675287246704,0.5564728379249573,BRANCH_A,,0.9937005147217174,known_branch,BRANCH_A,False,,last_frame_nn,synthetic-branch_a-14,Strong evidence for BRANCH_A.,,synthetic-branch_a-14
0.9589623808860779,0.9589623808860779,0.38030073046684265,0.5786616504192352,BRANCH_A,,0.9903696370199654,known_branch,BRANCH_A,False,,last_frame_nn,synthetic-branch_a-15,Strong evidence for BRANCH_A.,,synthetic-branch_a-15
0.9578620791435242,0.9578620791435242,0.37193942070007324,0.5859226584434509,BRANCH_A,,0.9901564835493087,known_branch,BRANCH_A,False,,last_frame_nn,synthetic-branch_a-16,Strong evidence for BRANCH_A.,,synthetic-branch_a-16
0.9554284811019897,0.9554284811019897,0.30531391501426697,0.6501145660877228,BRANCH_A,,0.9898088647080481,known_branch,BRANCH_A,False,,last_frame_nn,synthetic-branch_a-17,Strong evidence for BRANCH_A.,,synthetic-branch_a-17
0.9533766508102417,0.9533766508102417,0.3327232003211975,0.6206534504890442,BRANCH_A,,0.9892748656023778,known_branch,BRANCH_A,False,,last_frame_nn,synthetic-branch_a-18,Strong evidence for BRANCH_A.,,synthetic-branch_a-18
0.9559429883956909,0.9559429883956909,0.32235386967658997,0.633589118719101,BRANCH_A,,0.9898873465489679,known_branch,BRANCH_A,False,,last_frame_nn,synthetic-branch_a-19,Strong evidence for BRANCH_A.,,synthetic-branch_a-19
0.965302586555481,0.965302586555481,0.34157615900039673,0.6237264275550842,BRANCH_A,,0.9919670487144976,known_branch,BRANCH_A,False,,last_frame_nn,synthetic-branch_a-20,Strong evidence for BRANCH_A.,,synthetic-branch_a-20
0.9454471468925476,0.9454471468925476,0.396761029958725,0.5486861169338226,BRANCH_A,,0.987148489769768,known_branch,BRANCH_A,False,,last_frame_nn,synthetic-branch_a-21,Strong evidence for BRANCH_A.,,synthetic-branch_a-21
0.9575337767601013,0.9575337767601013,0.36000627279281616,0.5975275039672852,BRANCH_A,,0.9901315338929912,known_branch,BRANCH_A,False,,last_frame_nn,synthetic-branch_a-22,Strong evidence for BRANCH_A.,,synthetic-branch_a-22
0.9538949728012085,0.9538949728012085,0.40184468030929565,0.5520502924919128,BRANCH_A,,0.9890729925716675,known_branch,BRANCH_A,False,,last_frame_nn,synthetic-branch_a-23,Strong evidence for BRANCH_A.,,synthetic-branch_a-23
0.94586580991745,0.3223733901977539,0.94586580991745,0.623492419719696,BRANCH_B,,0.9875931121064943,known_branch,BRANCH_B,False,,last_frame_nn,synthetic-branch_b-00,Strong evidence for BRANCH_B.,,synthetic-branch_b-00
0.958593487739563,0.2704003155231476,0.958593487739563,0.6881931722164154,BRANCH_B,,0.9905825393122809,known_branch,BRANCH_B,False,,last_frame_nn,synthetic-branch_b-01,Strong evidence for BRANCH_B.,,synthetic-branch_b-01
0.9558851718902588,0.27344486117362976,0.9558851718902588,0.682440310716629,BRANCH_B,,0.9899656395678103,known_branch,BRANCH_B,False,,last_frame_nn,synthetic-branch_b-02,Strong evidence for BRANCH_B.,,synthetic-branch_b-02
0.9461205005645752,0.29985764622688293,0.9461205005645752,0.6462628543376923,BRANCH_B,,0.9877065542332286,known_branch,BRANCH_B,False,,last_frame_nn,synthetic-branch_b-03,Strong evidence for BRANCH_B.,,synthetic-branch_b-03
0.9601755738258362,0.3735654354095459,0.9601755738258362,0.5866101384162903,BRANCH_B,,0.9906801194883142,known_branch,BRANCH_B,False,,last_frame_nn,synthetic-branch_b-04,Strong evidence for BRANCH_B.,,synthetic-branch_b-04
0.9582486748695374,0.3318362236022949,0.9582486748695374,0.6264124512672424,BRANCH_B,,0.9903873787632593,known_branch,BRANCH_B,False,,last_frame_nn,synthetic-branch_b-05,Strong evidence for BRANCH_B.,,synthetic-branch_b-05
0.9562103152275085,0.2696084976196289,0.9562103152275085,0.6866018176078796,BRANCH_B,,0.9900442967683445,known_branch,BRANCH_B,False,,last_frame_nn,synthetic-branch_b-06,Strong evidence for BRANCH_B.,,synthetic-branch_b-06
0.9546384215354919,0.30007967352867126,0.9546384215354919,0.6545587480068207,BRANCH_B,,0.989639882284665,known_branch,BRANCH_B,False,,last_frame_nn,synthetic-branch_b-07,Strong evidence for BRANCH_B.,,synthetic-branch_b-07
0.9274225234985352,0.3997969627380371,0.9274225234985352,0.527625560760498,BRANCH_B,,0.9829193812049685,known_branch,BRANCH_B,False,,last_frame_nn,synthetic-branch_b-08,Strong evidence for BRANCH_B.,,synthetic-branch_b-08
0.9608999490737915,0.2870918810367584,0.9608999490737915,0.6738080680370331,BRANCH_B,,0.9910816019449036,known_branch,BRANCH_B,False,,last_frame_nn,synthetic-branch_b-09,Strong evidence for BRANCH_B.,,synthetic-branch_b-09
0.9429553747177124,0.2772730588912964,0.9429553747177124,0.665682315826416,BRANCH_B,,0.9870311519327548,known_branch,BRANCH_B,False,,last_frame_nn,synthetic-branch_b-10,Strong evidence for BRANCH_B.,,synthetic-branch_b-10
0.9675152897834778,0.35129761695861816,0.9675152897834778,0.6162176728248596,BRANCH_B,,0.9924426741019575,known_branch,BRANCH_B,False,,last_frame_nn,synthetic-branch_b-11,Strong evidence for BRANCH_B.,,synthetic-branch_b-11
0.9439719915390015,0.3377027213573456,0.9439719915390015,0.6062692701816559,BRANCH_B,,0.9871125739384818,known_branch,BRANCH_B,False,,last_frame_nn,synthetic-branch_b-12,Strong evidence for BRANCH_B.,,synthetic-branch_b-12
0.9336335062980652,0.2294844090938568,0.9336335062980652,0.7041490972042084,BRANCH_B,,0.9849848025376857,known_branch,BRANCH_B,False,,last_frame_nn,synthetic-branch_b-13,Strong evidence for BRANCH_B.,,synthetic-branch_b-13
0.9565474987030029,0.3004310429096222,0.9565474987030029,0.6561164557933807,BRANCH_B,,0.9900723888386511,known_branch,BRANCH_B,False,,last_frame_nn,synthetic-branch_b-14,Strong evidence for BRANCH_B.,,synthetic-branch_b-14
0.9469871520996094,0.2749088704586029,0.9469871520996094,0.6720782816410065,BRANCH_B,,0.9879485809057461,known_branch,BRANCH_B,False,,last_frame_nn,synthetic-branch_b-15,Strong evidence for BRANCH_B.,,synthetic-branch_b-15
0.9579923152923584,0.28807973861694336,0.9579923152923584,0.669912576675415,BRANCH_B,,0.9904213536572554,known_branch,BRANCH_B,False,,last_frame_nn,synthetic-branch_b-16,Strong evidence for BRANCH_B.,,synthetic-branch_b-16
0.9390941858291626,0.38104212284088135,0.9390941858291626,0.5580520629882812,BRANCH_B,,0.9857827745715273,known_branch,BRANCH_B,False,,last_frame_nn,synthetic-branch_b-17,Strong evidence for BRANCH_B.,,synthetic-branch_b-17
0.9496406316757202,0.2521476149559021,0.9496406316757202,0.6974930167198181,BRANCH_B,,0.988579228693679,known_branch,BRANCH_B,False,,last_frame_nn,synthetic-branch_b-18,Strong evidence for BRANCH_B.,,synthetic-branch_b-18
0.965604841709137,0.31203678250312805,0.965604841709137,0.6535680592060089,BRANCH_B,,0.992105411391611,known_branch,BRANCH_B,False,,last_frame_nn,synthetic-branch_b-19,Strong evidence for BRANCH_B.,,synthetic-branch_b-19
0.9638993740081787,0.31133323907852173,0.9638993740081787,0.652566134929657,BRANCH_B,,0.9917197197414019,known_branch,BRANCH_B,False,,last_frame_nn,synthetic-branch_b-20,Strong evidence for BRANCH_B.,,synthetic-branch_b-20
0.9433634281158447,0.2969019412994385,0.9433634281158447,0.6464614868164062,BRANCH_B,,0.9870866357565888,known_branch,BRANCH_B,False,,last_frame_nn,synthetic-branch_b-21,Strong evidence for BRANCH_B.,,synthetic-branch_b-21
0.949640154838562,0.27505922317504883,0.949640154838562,0.6745809316635132,BRANCH_B,,0.9885493102265398,known_branch,BRANCH_B,False,,last_frame_nn,synthetic-branch_b-22,Strong evidence for BRANCH_B.,,synthetic-branch_b-22
0.9603967666625977,0.26287293434143066,0.9603967666625977,0.697523832321167,BRANCH_B,,0.9909993936876047,known_branch,BRANCH_B,False,,last_frame_nn,synthetic-branch_b-23,Strong evidence for BRANCH_B.,,synthetic-branch_b-23
0.3138422966003418,0.3138422966003418,0.2434374839067459,0.07040481269359589,,,,unknown_route,UNKNOWN,False,,last_frame_nn,synthetic-unknown-00,Evidence is weak for both learned branches.,,synthetic-unknown-00
0.25923439860343933,0.25923439860343933,0.25053876638412476,0.008695632219314575,,,,unknown_route,UNKNOWN,False,,last_frame_nn,synthetic-unknown-01,Evidence is weak for both learned branches.,,synthetic-unknown-01
0.17474526166915894,0.10187724977731705,0.17474526166915894,0.07286801189184189,,,,unknown_route,UNKNOWN,False,,last_frame_nn,synthetic-unknown-02,Evidence is weak for both learned branches.,,synthetic-unknown-02
0.20843005180358887,0.20843005180358887,0.1870008409023285,0.021429210901260376,,,,unknown_route,UNKNOWN,False,,last_frame_nn,synthetic-unknown-03,Evidence is weak for both learned branches.,,synthetic-unknown-03
0.30027928948402405,0.23053032159805298,0.30027928948402405,0.06974896788597107,,,,unknown_route,UNKNOWN,False,,last_frame_nn,synthetic-unknown-04,Evidence is weak for both learned branches.,,synthetic-unknown-04
0.20052756369113922,0.20052756369113922,0.17170840501785278,0.028819158673286438,,,,unknown_route,UNKNOWN,False,,last_frame_nn,synthetic-unknown-05,Evidence is weak for both learned branches.,,synthetic-unknown-05
0.20906749367713928,0.20906749367713928,0.18760457634925842,0.02146291732788086,,,,unknown_route,UNKNOWN,False,,last_frame_nn,synthetic-unknown-06,Evidence is weak for both learned branches.,,synthetic-unknown-06
0.3344050645828247,0.2371324896812439,0.3344050645828247,0.09727257490158081,,,,unknown_route,UNKNOWN,False,,last_frame_nn,synthetic-unknown-07,Evidence is weak for both learned branches.,,synthetic-unknown-07
0.41528695821762085,0.27516835927963257,0.41528695821762085,0.14011859893798828,,,,unknown_route,UNKNOWN,False,,last_frame_nn,synthetic-unknown-08,Evidence is weak for both learned branches.,,synthetic-unknown-08
0.21212151646614075,0.21212151646614075,0.131522536277771,0.08059898018836975,,,,unknown_route,UNKNOWN,False,,last_frame_nn,synthetic-unknown-09,Evidence is weak for both learned branches.,,synthetic-unknown-09
0.2010335922241211,0.2010335922241211,0.19889965653419495,0.0021339356899261475,,,,unknown_route,UNKNOWN,False,,last_frame_nn,synthetic-unknown-10,Evidence is weak for both learned branches.,,synthetic-unknown-10
0.1963232308626175,0.18784569203853607,0.1963232308626175,0.008477538824081421,,,,unknown_route,UNKNOWN,False,,last_frame_nn,synthetic-unknown-11,Evidence is weak for both learned branches.,,synthetic-unknown-11
0.27295300364494324,0.25337305665016174,0.27295300364494324,0.019579946994781494,,,,unknown_route,UNKNOWN,False,,last_frame_nn,synthetic-unknown-12,Evidence is weak for both learned branches.,,synthetic-unknown-12
0.2991842031478882,0.23009881377220154,0.2991842031478882,0.06908538937568665,,,,unknown_route,UNKNOWN,False,,last_frame_nn,synthetic-unknown-13,Evidence is weak for both learned branches.,,synthetic-unknown-13
0.2807868719100952,0.13492536544799805,0.2807868719100952,0.14586150646209717,,,,unknown_route,UNKNOWN,False,,last_frame_nn,synthetic-unknown-14,Evidence is weak for both learned branches.,,synthetic-unknown-14
0.2984812259674072,0.2984812259674072,0.21868319809436798,0.07979802787303925,,,,unknown_route,UNKNOWN,False,,last_frame_nn,synthetic-unknown-15,Evidence is weak for both learned branches.,,synthetic-unknown-15
0.2031003087759018,0.2031003087759018,0.2025330662727356,0.0005672425031661987,,,,unknown_route,UNKNOWN,False,,last_frame_nn,synthetic-unknown-16,Evidence is weak for both learned branches.,,synthetic-unknown-16
0.2360001802444458,0.20714512467384338,0.2360001802444458,0.028855055570602417,,,,unknown_route,UNKNOWN,False,,last_frame_nn,synthetic-unknown-17,Evidence is weak for both learned branches.,,synthetic-unknown-17
0.22200839221477509,0.1513715535402298,0.22200839221477509,0.07063683867454529,,,,unknown_route,UNKNOWN,False,,last_frame_nn,synthetic-unknown-18,Evidence is weak for both learned branches.,,synthetic-unknown-18
0.3890974819660187,0.3890974819660187,0.19750677049160004,0.19159071147441864,,,,unknown_route,UNKNOWN,False,,last_frame_nn,synthetic-unknown-19,Evidence is weak for both learned branches.,,synthetic-unknown-19
0.24810998141765594,0.24810998141765594,0.1578654795885086,0.09024450182914734,,,,unknown_route,UNKNOWN,False,,last_frame_nn,synthetic-unknown-20,Evidence is weak for both learned branches.,,synthetic-unknown-20
0.25945109128952026,0.2315225899219513,0.25945109128952026,0.02792850136756897,,,,unknown_route,UNKNOWN,False,,last_frame_nn,synthetic-unknown-21,Evidence is weak for both learned branches.,,synthetic-unknown-21
0.30294764041900635,0.30294764041900635,0.30294764041900635,0.0,,,,unknown_route,UNKNOWN,False,,last_frame_nn,synthetic-unknown-22,Evidence is weak for both learned branches.,,synthetic-unknown-22
0.24499095976352692,0.2218257635831833,0.24499095976352692,0.023165196180343628,,,,unknown_route,UNKNOWN,False,,last_frame_nn,synthetic-unknown-23,Evidence is weak for both learned branches.,,synthetic-unknown-23
0.6612582206726074,0.6612582206726074,0.564257025718689,0.09700119495391846,BRANCH_A,,0.7976920992494818,known_branch,AMBIGUOUS,False,,last_frame_nn,synthetic-ambiguous-00,Acceptable evidence for BRANCH_A.,,synthetic-ambiguous-00
0.6662251353263855,0.6662251353263855,0.5550878047943115,0.11113733053207397,BRANCH_A,,0.8151575898227981,known_branch,AMBIGUOUS,False,,last_frame_nn,synthetic-ambiguous-01,Acceptable evidence for BRANCH_A.,,synthetic-ambiguous-01
0.6637915968894958,0.5688108205795288,0.6637915968894958,0.09498077630996704,BRANCH_B,,0.7957909427392287,known_branch,AMBIGUOUS,False,,last_frame_nn,synthetic-ambiguous-02,Acceptable evidence for BRANCH_B.,,synthetic-ambiguous-02
0.6165527105331421,0.6134849190711975,0.6165527105331421,0.00306779146194458,,,,uncertain,AMBIGUOUS,False,,last_frame_nn,synthetic-ambiguous-03,Branch evidence is too close to distinguish a branch.,,synthetic-ambiguous-03
0.6489516496658325,0.6489516496658325,0.5844351053237915,0.06451654434204102,BRANCH_A,,0.751258797675507,known_branch,AMBIGUOUS,False,,last_frame_nn,synthetic-ambiguous-04,Acceptable evidence for BRANCH_A.,,synthetic-ambiguous-04
0.6120011210441589,0.6042312979698181,0.6120011210441589,0.00776982307434082,,,,uncertain,AMBIGUOUS,False,,last_frame_nn,synthetic-ambiguous-05,Branch evidence is too close to distinguish a branch.,,synthetic-ambiguous-05
0.6316806077957153,0.6316806077957153,0.5874360203742981,0.044244587421417236,BRANCH_A,,0.7162926813698244,known_branch,AMBIGUOUS,False,,last_frame_nn,synthetic-ambiguous-06,Acceptable evidence for BRANCH_A.,,synthetic-ambiguous-06
0.6793426275253296,0.6793426275253296,0.5287505388259888,0.15059208869934082,BRANCH_A,,0.8551897648619365,known_branch,AMBIGUOUS,False,,last_frame_nn,synthetic-ambiguous-07,Acceptable evidence for BRANCH_A.,,synthetic-ambiguous-07
0.6429319381713867,0.6429319381713867,0.5734937191009521,0.06943821907043457,BRANCH_A,,0.7570382893832659,known_branch,AMBIGUOUS,False,,last_frame_nn,synthetic-ambiguous-08,Acceptable evidence for BRANCH_A.,,synthetic-ambiguous-08
0.6612204313278198,0.563953161239624,0.6612204313278198,0.0972672700881958,BRANCH_B,,0.7980065330803272,known_branch,AMBIGUOUS,False,,last_frame_nn,synthetic-ambiguous-09,Acceptable evidence for BRANCH_B.,,synthetic-ambiguous-09
0.6577188968658447,0.6577188968658447,0.5797343850135803,0.0779845118522644,BRANCH_A,,0.7723288144670841,known_branch,AMBIGUOUS,False,,last_frame_nn,synthetic-ambiguous-10,Acceptable evidence for BRANCH_A.,,synthetic-ambiguous-10
0.6332272291183472,0.5892325043678284,0.6332272291183472,0.0439947247505188,BRANCH_B,,0.7162422872330247,known_branch,AMBIGUOUS,False,,last_frame_nn,synthetic-ambiguous-11,Acceptable evidence for BRANCH_B.,,synthetic-ambiguous-11
0.9517183303833008,0.9517183303833008,0.2434607446193695,0.7082575857639313,BRANCH_A,,0.9890580291208625,known_branch,BRANCH_A,False,,mean_frame_nn,synthetic-branch_a-00,Strong evidence for BRANCH_A.,,synthetic-branch_a-00
0.9539135694503784,0.9539135694503784,0.2501513659954071,0.7037622034549713,BRANCH_A,,0.9895474157111313,known_branch,BRANCH_A,False,,mean_frame_nn,synthetic-branch_a-01,Strong evidence for BRANCH_A.,,synthetic-branch_a-01
0.9521508812904358,0.9521508812904358,0.23265670239925385,0.719494178891182,BRANCH_A,,0.9891656508604536,known_branch,BRANCH_A,False,,mean_frame_nn,synthetic-branch_a-02,Strong evidence for BRANCH_A.,,synthetic-branch_a-02
0.9491087198257446,0.9491087198257446,0.24627067148685455,0.7028380483388901,BRANCH_A,,0.9884653587263008,known_branch,BRANCH_A,False,,mean_frame_nn,synthetic-branch_a-03,Strong evidence for BRANCH_A.,,synthetic-branch_a-03
0.951910138130188,0.951910138130188,0.24303574860095978,0.7088743895292282,BRANCH_A,,0.9891017894210763,known_branch,BRANCH_A,False,,mean_frame_nn,synthetic-branch_a-04,Strong evidence for BRANCH_A.,,synthetic-branch_a-04
0.951254665851593,0.951254665851593,0.24487575888633728,0.7063789069652557,BRANCH_A,,0.9889518373426258,known_branch,BRANCH_A,False,,mean_frame_nn,synthetic-branch_a-05,Strong evidence for BRANCH_A.,,synthetic-branch_a-05
0.9545810222625732,0.9545810222625732,0.2398659586906433,0.7147150635719299,BRANCH_A,,0.9897082287858774,known_branch,BRANCH_A,False,,mean_frame_nn,synthetic-branch_a-06,Strong evidence for BRANCH_A.,,synthetic-branch_a-06
0.9543727040290833,0.9543727040290833,0.2430509477853775,0.7113217562437057,BRANCH_A,,0.9896582162265921,known_branch,BRANCH_A,False,,mean_frame_nn,synthetic-branch_a-07,Strong evidence for BRANCH_A.,,synthetic-branch_a-07
0.9551668167114258,0.9551668167114258,0.24610354006290436,0.7090632766485214,BRANCH_A,,0.9898347260038596,known_branch,BRANCH_A,False,,mean_frame_nn,synthetic-branch_a-08,Strong evidence for BRANCH_A.,,synthetic-branch_a-08
0.9551752805709839,0.9551752805709839,0.25061702728271484,0.704558253288269,BRANCH_A,,0.9898321237568362,known_branch,BRANCH_A,False,,mean_frame_nn,synthetic-branch_a-09,Strong evidence for BRANCH_A.,,synthetic-branch_a-09
0.9527530074119568,0.9527530074119568,0.23708026111125946,0.7156727463006973,BRANCH_A,,0.9892977880724809,known_branch,BRANCH_A,False,,mean_frame_nn,synthetic-branch_a-10,Strong evidence for BRANCH_A.,,synthetic-branch_a-10
0.9527275562286377,0.9527275562286377,0.2366144061088562,0.7161131501197815,BRANCH_A,,0.9892924547956408,known_branch,BRANCH_A,False,,mean_frame_nn,synthetic-branch_a-11,Strong evidence for BRANCH_A.,,synthetic-branch_a-11
0.9522376656532288,0.9522376656532288,0.24444317817687988,0.7077944874763489,BRANCH_A,,0.9891744233364246,known_branch,BRANCH_A,False,,mean_frame_nn,synthetic-branch_a-12,Strong evidence for BRANCH_A.,,synthetic-branch_a-12
0.9515132308006287,0.9515132308006287,0.245056614279747,0.7064566165208817,BRANCH_A,,0.9890100925655815,known_branch,BRANCH_A,False,,mean_frame_nn,synthetic-branch_a-13,Strong evidence for BRANCH_A.,,synthetic-branch_a-13
0.9535434246063232,0.9535434246063232,0.2515810430049896,0.7019623816013336,BRANCH_A,,0.9894622418082788,known_branch,BRANCH_A,False,,mean_frame_nn,synthetic-branch_a-14,Strong evidence for BRANCH_A.,,synthetic-branch_a-14
0.9535039663314819,0.9535039663314819,0.24627289175987244,0.7072310745716095,BRANCH_A,,0.9894587823723644,known_branch,BRANCH_A,False,,mean_frame_nn,synthetic-branch_a-15,Strong evidence for BRANCH_A.,,synthetic-branch_a-15
0.9533964395523071,0.9533964395523071,0.24770817160606384,0.7056882679462433,BRANCH_A,,0.9894330388896615,known_branch,BRANCH_A,False,,mean_frame_nn,synthetic-branch_a-16,Strong evidence for BRANCH_A.,,synthetic-branch_a-16
0.9541367888450623,0.9541367888450623,0.23304545879364014,0.7210913300514221,BRANCH_A,,0.9896138298916518,known_branch,BRANCH_A,False,,mean_frame_nn,synthetic-branch_a-17,Strong evidence for BRANCH_A.,,synthetic-branch_a-17
0.9506978392601013,0.9506978392601013,0.22755786776542664,0.7231399714946747,BRANCH_A,,0.9888417586645706,known_branch,BRANCH_A,False,,mean_frame_nn,synthetic-branch_a-18,Strong evidence for BRANCH_A.,,synthetic-branch_a-18
0.9512376189231873,0.9512376189231873,0.23766504228115082,0.7135725766420364,BRANCH_A,,0.9889549203490967,known_branch,BRANCH_A,False,,mean_frame_nn,synthetic-branch_a-19,Strong evidence for BRANCH_A.,,synthetic-branch_a-19
0.9540972113609314,0.9540972113609314,0.24424386024475098,0.7098533511161804,BRANCH_A,,0.9895948293349173,known_branch,BRANCH_A,False,,mean_frame_nn,synthetic-branch_a-20,Strong evidence for BRANCH_A.,,synthetic-branch_a-20
0.95444655418396,0.95444655418396,0.24242982268333435,0.7120167315006256,BRANCH_A,,0.9896754866942701,known_branch,BRANCH_A,False,,mean_frame_nn,synthetic-branch_a-21,Strong evidence for BRANCH_A.,,synthetic-branch_a-21
0.956040620803833,0.956040620803833,0.24194355309009552,0.7140970677137375,BRANCH_A,,0.9900360762953242,known_branch,BRANCH_A,False,,mean_frame_nn,synthetic-branch_a-22,Strong evidence for BRANCH_A.,,synthetic-branch_a-22
0.9538143277168274,0.9538143277168274,0.2325350046157837,0.7212793231010437,BRANCH_A,,0.9895414332550562,known_branch,BRANCH_A,False,,mean_frame_nn,synthetic-branch_a-23,Strong evidence for BRANCH_A.,,synthetic-branch_a-23
0.9566525816917419,0.2523808181285858,0.9566525816917419,0.7042717635631561,BRANCH_B,,0.990164221247142,known_branch,BRANCH_B,False,,mean_frame_nn,synthetic-branch_b-00,Strong evidence for BRANCH_B.,,synthetic-branch_b-00
0.9559146165847778,0.24474848806858063,0.9559146165847778,0.7111661285161972,BRANCH_B,,0.990004999278441,known_branch,BRANCH_B,False,,mean_frame_nn,synthetic-branch_b-01,Strong evidence for BRANCH_B.,,synthetic-branch_b-01
0.9539656639099121,0.24074329435825348,0.9539656639099121,0.7132223695516586,BRANCH_B,,0.9895684078637639,known_branch,BRANCH_B,False,,mean_frame_nn,synthetic-branch_b-02,Strong evidence for BRANCH_B.,,synthetic-branch_b-02
0.9520585536956787,0.23963169753551483,0.9520585536956787,0.7124268561601639,BRANCH_B,,0.9891385699790085,known_branch,BRANCH_B,False,,mean_frame_nn,synthetic-branch_b-03,Strong evidence for BRANCH_B.,,synthetic-branch_b-03
0.952898383140564,0.2449544221162796,0.952898383140564,0.7079439610242844,BRANCH_B,,0.989323232313239,known_branch,BRANCH_B,False,,mean_frame_nn,synthetic-branch_b-04,Strong evidence for BRANCH_B.,,synthetic-branch_b-04
0.9533540606498718,0.2364005446434021,0.9533540606498718,0.7169535160064697,BRANCH_B,,0.9894341626799756,known_branch,BRANCH_B,False,,mean_frame_nn,synthetic-branch_b-05,Strong evidence for BRANCH_B.,,synthetic-branch_b-05
0.9545119404792786,0.2422279268503189,0.9545119404792786,0.7122840136289597,BRANCH_B,,0.9896904486955626,known_branch,BRANCH_B,False,,mean_frame_nn,synthetic-branch_b-06,Strong evidence for BRANCH_B.,,synthetic-branch_b-06
0.9541732668876648,0.2379433810710907,0.9541732668876648,0.7162298858165741,BRANCH_B,,0.9896178435656247,known_branch,BRANCH_B,False,,mean_frame_nn,synthetic-branch_b-07,Strong evidence for BRANCH_B.,,synthetic-branch_b-07
0.9520848393440247,0.23917356133460999,0.9520848393440247,0.7129112780094147,BRANCH_B,,0.9891449345754246,known_branch,BRANCH_B,False,,mean_frame_nn,synthetic-branch_b-08,Strong evidence for BRANCH_B.,,synthetic-branch_b-08
0.9512599110603333,0.24746808409690857,0.9512599110603333,0.7037918269634247,BRANCH_B,,0.9889503733482953,known_branch,BRANCH_B,False,,mean_frame_nn,synthetic-branch_b-09,Strong evidence for BRANCH_B.,,synthetic-branch_b-09
0.9536253213882446,0.2417944222688675,0.9536253213882446,0.7118308991193771,BRANCH_B,,0.9894905349466204,known_branch,BRANCH_B,False,,mean_frame_nn,synthetic-branch_b-10,Strong evidence for BRANCH_B.,,synthetic-branch_b-10
0.9540165066719055,0.24253810942173004,0.9540165066719055,0.7114783972501755,BRANCH_B,,0.9895782197643528,known_branch,BRANCH_B,False,,mean_frame_nn,synthetic-branch_b-11,Strong evidence for BRANCH_B.,,synthetic-branch_b-11
0.9556902647018433,0.24413493275642395,0.9556902647018433,0.7115553319454193,BRANCH_B,,0.9899548878778153,known_branch,BRANCH_B,False,,mean_frame_nn,synthetic-branch_b-12,Strong evidence for BRANCH_B.,,synthetic-branch_b-12
0.9513104557991028,0.23264887928962708,0.9513104557991028,0.7186615765094757,BRANCH_B,,0.9889758406952831,known_branch,BRANCH_B,False,,mean_frame_nn,synthetic-branch_b-13,Strong evidence for BRANCH_B.,,synthetic-branch_b-13
0.9527734518051147,0.23618993163108826,0.9527734518051147,0.7165835201740265,BRANCH_B,,0.9893031989135193,known_branch,BRANCH_B,False,,mean_frame_nn,synthetic-branch_b-14,Strong evidence for BRANCH_B.,,synthetic-branch_b-14
0.94961017370224,0.2401018738746643,0.94961017370224,0.7095082998275757,BRANCH_B,,0.9885849128926207,known_branch,BRANCH_B,False,,mean_frame_nn,synthetic-branch_b-15,Strong evidence for BRANCH_B.,,synthetic-branch_b-15
0.9550535678863525,0.24021276831626892,0.9550535678863525,0.7148407995700836,BRANCH_B,,0.9898146653969122,known_branch,BRANCH_B,False,,mean_frame_nn,synthetic-branch_b-16,Strong evidence for BRANCH_B.,,synthetic-branch_b-16
0.9528874754905701,0.23461562395095825,0.9528874754905701,0.7182718515396118,BRANCH_B,,0.989330333152566,known_branch,BRANCH_B,False,,mean_frame_nn,synthetic-branch_b-17,Strong evidence for BRANCH_B.,,synthetic-branch_b-17
0.9543009996414185,0.24484892189502716,0.9543009996414185,0.7094520777463913,BRANCH_B,,0.9896402943393511,known_branch,BRANCH_B,False,,mean_frame_nn,synthetic-branch_b-18,Strong evidence for BRANCH_B.,,synthetic-branch_b-18
0.9520040154457092,0.24490270018577576,0.9520040154457092,0.7071013152599335,BRANCH_B,,0.9891211642102038,known_branch,BRANCH_B,False,,mean_frame_nn,synthetic-branch_b-19,Strong evidence for BRANCH_B.,,synthetic-branch_b-19
0.9540109634399414,0.250274121761322,0.9540109634399414,0.7037368416786194,BRANCH_B,,0.9895693030021842,known_branch,BRANCH_B,False,,mean_frame_nn,synthetic-branch_b-20,Strong evidence for BRANCH_B.,,synthetic-branch_b-20
0.9547076225280762,0.246110737323761,0.9547076225280762,0.7085968852043152,BRANCH_B,,0.9897309524416191,known_branch,BRANCH_B,False,,mean_frame_nn,synthetic-branch_b-21,Strong evidence for BRANCH_B.,,synthetic-branch_b-21
0.9526239633560181,0.23197978734970093,0.9526239633560181,0.7206441760063171,BRANCH_B,,0.9892730689562017,known_branch,BRANCH_B,False,,mean_frame_nn,synthetic-branch_b-22,Strong evidence for BRANCH_B.,,synthetic-branch_b-22
0.9549337029457092,0.2495114803314209,0.9549337029457092,0.7054222226142883,BRANCH_B,,0.9897786528408946,known_branch,BRANCH_B,False,,mean_frame_nn,synthetic-branch_b-23,Strong evidence for BRANCH_B.,,synthetic-branch_b-23
0.24663953483104706,0.24663953483104706,0.21836704015731812,0.028272494673728943,,,,unknown_route,UNKNOWN,False,,mean_frame_nn,synthetic-unknown-00,Evidence is weak for both learned branches.,,synthetic-unknown-00
0.2414228320121765,0.2414228320121765,0.22530940175056458,0.01611343026161194,,,,unknown_route,UNKNOWN,False,,mean_frame_nn,synthetic-unknown-01,Evidence is weak for both learned branches.,,synthetic-unknown-01
0.24641332030296326,0.2382815182209015,0.24641332030296326,0.008131802082061768,,,,unknown_route,UNKNOWN,False,,mean_frame_nn,synthetic-unknown-02,Evidence is weak for both learned branches.,,synthetic-unknown-02
0.24554705619812012,0.24554705619812012,0.23027253150939941,0.015274524688720703,,,,unknown_route,UNKNOWN,False,,mean_frame_nn,synthetic-unknown-03,Evidence is weak for both learned branches.,,synthetic-unknown-03
0.23247629404067993,0.23247629404067993,0.22077012062072754,0.011706173419952393,,,,unknown_route,UNKNOWN,False,,mean_frame_nn,synthetic-unknown-04,Evidence is weak for both learned branches.,,synthetic-unknown-04
0.24869734048843384,0.24852891266345978,0.24869734048843384,0.00016842782497406006,,,,unknown_route,UNKNOWN,False,,mean_frame_nn,synthetic-unknown-05,Evidence is weak for both learned branches.,,synthetic-unknown-05
0.24254195392131805,0.24254195392131805,0.22724121809005737,0.015300735831260681,,,,unknown_route,UNKNOWN,False,,mean_frame_nn,synthetic-unknown-06,Evidence is weak for both learned branches.,,synthetic-unknown-06
0.23436672985553741,0.23436672985553741,0.21527604758739471,0.0190906822681427,,,,unknown_route,UNKNOWN,False,,mean_frame_nn,synthetic-unknown-07,Evidence is weak for both learned branches.,,synthetic-unknown-07
0.24099402129650116,0.24099402129650116,0.23684880137443542,0.004145219922065735,,,,unknown_route,UNKNOWN,False,,mean_frame_nn,synthetic-unknown-08,Evidence is weak for both learned branches.,,synthetic-unknown-08
0.25363677740097046,0.25363677740097046,0.23110826313495636,0.0225285142660141,,,,unknown_route,UNKNOWN,False,,mean_frame_nn,synthetic-unknown-09,Evidence is weak for both learned branches.,,synthetic-unknown-09
0.23615670204162598,0.23615670204162598,0.23609916865825653,5.75333833694458e-05,,,,unknown_route,UNKNOWN,False,,mean_frame_nn,synthetic-unknown-10,Evidence is weak for both learned branches.,,synthetic-unknown-10
0.23109792172908783,0.23109792172908783,0.22854195535182953,0.0025559663772583008,,,,unknown_route,UNKNOWN,False,,mean_frame_nn,synthetic-unknown-11,Evidence is weak for both learned branches.,,synthetic-unknown-11
0.24583490192890167,0.24583490192890167,0.24094896018505096,0.004885941743850708,,,,unknown_route,UNKNOWN,False,,mean_frame_nn,synthetic-unknown-12,Evidence is weak for both learned branches.,,synthetic-unknown-12
0.23506806790828705,0.2302389144897461,0.23506806790828705,0.004829153418540955,,,,unknown_route,UNKNOWN,False,,mean_frame_nn,synthetic-unknown-13,Evidence is weak for both learned branches.,,synthetic-unknown-13
0.2312750220298767,0.22181691229343414,0.2312750220298767,0.009458109736442566,,,,unknown_route,UNKNOWN,False,,mean_frame_nn,synthetic-unknown-14,Evidence is weak for both learned branches.,,synthetic-unknown-14
0.239103764295578,0.239103764295578,0.2359325885772705,0.003171175718307495,,,,unknown_route,UNKNOWN,False,,mean_frame_nn,synthetic-unknown-15,Evidence is weak for both learned branches.,,synthetic-unknown-15
0.2496427744626999,0.23531612753868103,0.2496427744626999,0.01432664692401886,,,,unknown_route,UNKNOWN,False,,mean_frame_nn,synthetic-unknown-16,Evidence is weak for both learned branches.,,synthetic-unknown-16
0.2521248161792755,0.2521248161792755,0.22948822379112244,0.022636592388153076,,,,unknown_route,UNKNOWN,False,,mean_frame_nn,synthetic-unknown-17,Evidence is weak for both learned branches.,,synthetic-unknown-17
0.24320122599601746,0.23117057979106903,0.24320122599601746,0.012030646204948425,,,,unknown_route,UNKNOWN,False,,mean_frame_nn,synthetic-unknown-18,Evidence is weak for both learned branches.,,synthetic-unknown-18
0.2545166015625,0.2545166015625,0.22184690833091736,0.03266969323158264,,,,unknown_route,UNKNOWN,False,,mean_frame_nn,synthetic-unknown-19,Evidence is weak for both learned branches.,,synthetic-unknown-19
0.2445729821920395,0.2445729821920395,0.22150130569934845,0.02307167649269104,,,,unknown_route,UNKNOWN,False,,mean_frame_nn,synthetic-unknown-20,Evidence is weak for both learned branches.,,synthetic-unknown-20
0.2399749457836151,0.2399749457836151,0.2159794569015503,0.02399548888206482,,,,unknown_route,UNKNOWN,False,,mean_frame_nn,synthetic-unknown-21,Evidence is weak for both learned branches.,,synthetic-unknown-21
0.24004113674163818,0.24004113674163818,0.23055794835090637,0.009483188390731812,,,,unknown_route,UNKNOWN,False,,mean_frame_nn,synthetic-unknown-22,Evidence is weak for both learned branches.,,synthetic-unknown-22
0.23867389559745789,0.23678851127624512,0.23867389559745789,0.0018853843212127686,,,,unknown_route,UNKNOWN,False,,mean_frame_nn,synthetic-unknown-23,Evidence is weak for both learned branches.,,synthetic-unknown-23
0.6587345004081726,0.6587345004081726,0.6472711563110352,0.011463344097137451,,,,uncertain,AMBIGUOUS,False,,mean_frame_nn,synthetic-ambiguous-00,Branch evidence is too close to distinguish a branch.,,synthetic-ambiguous-00
0.6535816192626953,0.6527566909790039,0.6535816192626953,0.0008249282836914062,,,,uncertain,AMBIGUOUS,False,,mean_frame_nn,synthetic-ambiguous-01,Branch evidence is too close to distinguish a branch.,,synthetic-ambiguous-01
0.6553106904029846,0.6553106904029846,0.6509240865707397,0.004386603832244873,,,,uncertain,AMBIGUOUS,False,,mean_frame_nn,synthetic-ambiguous-02,Branch evidence is too close to distinguish a branch.,,synthetic-ambiguous-02
0.6588339805603027,0.6588339805603027,0.6461210250854492,0.012712955474853516,,,,uncertain,AMBIGUOUS,False,,mean_frame_nn,synthetic-ambiguous-03,Branch evidence is too close to distinguish a branch.,,synthetic-ambiguous-03
0.6585715413093567,0.6477692723274231,0.6585715413093567,0.010802268981933594,,,,uncertain,AMBIGUOUS,False,,mean_frame_nn,synthetic-ambiguous-04,Branch evidence is too close to distinguish a branch.,,synthetic-ambiguous-04
0.6647074818611145,0.6647074818611145,0.6427345871925354,0.0219728946685791,,,,uncertain,AMBIGUOUS,False,,mean_frame_nn,synthetic-ambiguous-05,Branch evidence is too close to distinguish a branch.,,synthetic-ambiguous-05
0.6522829532623291,0.6517181992530823,0.6522829532623291,0.0005647540092468262,,,,uncertain,AMBIGUOUS,False,,mean_frame_nn,synthetic-ambiguous-06,Branch evidence is too close to distinguish a branch.,,synthetic-ambiguous-06
0.6562976241111755,0.651247501373291,0.6562976241111755,0.0050501227378845215,,,,uncertain,AMBIGUOUS,False,,mean_frame_nn,synthetic-ambiguous-07,Branch evidence is too close to distinguish a branch.,,synthetic-ambiguous-07
0.6592289209365845,0.6465409994125366,0.6592289209365845,0.012687921524047852,,,,uncertain,AMBIGUOUS,False,,mean_frame_nn,synthetic-ambiguous-08,Branch evidence is too close to distinguish a branch.,,synthetic-ambiguous-08
0.6563212275505066,0.6506521105766296,0.6563212275505066,0.005669116973876953,,,,uncertain,AMBIGUOUS,False,,mean_frame_nn,synthetic-ambiguous-09,Branch evidence is too close to distinguish a branch.,,synthetic-ambiguous-09
0.6630287766456604,0.6630287766456604,0.641043484210968,0.021985292434692383,,,,uncertain,AMBIGUOUS,False,,mean_frame_nn,synthetic-ambiguous-10,Branch evidence is too close to distinguish a branch.,,synthetic-ambiguous-10
0.6635822653770447,0.6443643569946289,0.6635822653770447,0.01921790838241577,,,,uncertain,AMBIGUOUS,False,,mean_frame_nn,synthetic-ambiguous-11,Branch evidence is too close to distinguish a branch.,,synthetic-ambiguous-11
0.84648426465298,0.84648426465298,0.09773425007182546,0.7487500145811545,BRANCH_A,,0.9654115789771247,known_branch,BRANCH_A,False,,dtw_suffix,synthetic-branch_a-00,Strong evidence for BRANCH_A.,,synthetic-branch_a-00
0.8503315561500034,0.8503315561500034,0.0954060408032753,0.7549255153467281,BRANCH_A,,0.9662807391634699,known_branch,BRANCH_A,False,,dtw_suffix,synthetic-branch_a-01,Strong evidence for BRANCH_A.,,synthetic-branch_a-01
0.8438212572547951,0.8438212572547951,0.08630576887817099,0.7575154883766241,BRANCH_A,,0.9648173190486007,known_branch,BRANCH_A,False,,dtw_suffix,synthetic-branch_a-02,Strong evidence for BRANCH_A.,,synthetic-branch_a-02
0.8417698294904671,0.8417698294904671,0.0889182953079316,0.7528515341825355,BRANCH_A,,0.9643531988064884,known_branch,BRANCH_A,False,,dtw_suffix,synthetic-branch_a-03,Strong evidence for BRANCH_A.,,synthetic-branch_a-03
0.847145608577289,0.847145608577289,0.10158221813088109,0.745563390446408,BRANCH_A,,0.9655584561395278,known_branch,BRANCH_A,False,,dtw_suffix,synthetic-branch_a-04,Strong evidence for BRANCH_A.,,synthetic-branch_a-04
0.8467841216755149,0.8467841216755149,0.08832410446396377,0.7584600172115511,BRANCH_A,,0.9654844619111445,known_branch,BRANCH_A,False,,dtw_suffix,synthetic-branch_a-05,Strong evidence for BRANCH_A.,,synthetic-branch_a-05
0.8473612559885767,0.8473612559885767,0.09083804273695661,0.7565232132516201,BRANCH_A,,0.9656132888275785,known_branch,BRANCH_A,False,,dtw_suffix,synthetic-branch_a-06,Strong evidence for BRANCH_A.,,synthetic-branch_a-06
0.8531830671586489,0.8531830671586489,0.09087897498499264,0.7623040921736562,BRANCH_A,,0.9669261933014964,known_branch,BRANCH_A,False,,dtw_suffix,synthetic-branch_a-07,Strong evidence for BRANCH_A.,,synthetic-branch_a-07
0.8534808458858415,0.8534808458858415,0.08431539176539937,0.7691654541204421,BRANCH_A,,0.9669964807121088,known_branch,BRANCH_A,False,,dtw_suffix,synthetic-branch_a-08,Strong evidence for BRANCH_A.,,synthetic-branch_a-08
0.8488412222972042,0.8488412222972042,0.09494281503738777,0.7538984072598164,BRANCH_A,,0.9659448473374492,known_branch,BRANCH_A,False,,dtw_suffix,synthetic-branch_a-09,Strong evidence for BRANCH_A.,,synthetic-branch_a-09
0.8475208040326834,0.8475208040326834,0.08735502928946959,0.7601657747432138,BRANCH_A,,0.9656511006898854,known_branch,BRANCH_A,False,,dtw_suffix,synthetic-branch_a-10,Strong evidence for BRANCH_A.,,synthetic-branch_a-10
0.8446605843736937,0.8446605843736937,0.09623339207786508,0.7484271922958287,BRANCH_A,,0.9650010593507785,known_branch,BRANCH_A,False,,dtw_suffix,synthetic-branch_a-11,Strong evidence for BRANCH_A.,,synthetic-branch_a-11
0.845073612161765,0.845073612161765,0.09471664498701238,0.7503569671747526,BRANCH_A,,0.9650951243211979,known_branch,BRANCH_A,False,,dtw_suffix,synthetic-branch_a-12,Strong evidence for BRANCH_A.,,synthetic-branch_a-12
0.8443670586535805,0.8443670586535805,0.07491714496052626,0.7694499136930543,BRANCH_A,,0.9649460088744009,known_branch,BRANCH_A,False,,dtw_suffix,synthetic-branch_a-13,Strong evidence for BRANCH_A.,,synthetic-branch_a-13
0.8486415268363137,0.8486415268363137,0.08566713073488441,0.7629743961014293,BRANCH_A,,0.9659046804300728,known_branch,BRANCH_A,False,,dtw_suffix,synthetic-branch_a-14,Strong evidence for BRANCH_A.,,synthetic-branch_a-14
0.8444918595548523,0.8444918595548523,0.08137463417017099,0.7631172253846813,BRANCH_A,,0.9649710760366412,known_branch,BRANCH_A,False,,dtw_suffix,synthetic-branch_a-15,Strong evidence for BRANCH_A.,,synthetic-branch_a-15
0.8515049888703384,0.8515049888703384,0.08197176309697551,0.7695332257733629,BRANCH_A,,0.9665520812445565,known_branch,BRANCH_A,False,,dtw_suffix,synthetic-branch_a-16,Strong evidence for BRANCH_A.,,synthetic-branch_a-16
0.8503306251215308,0.8503306251215308,0.08958117917857389,0.7607494459429569,BRANCH_A,,0.966283609038785,known_branch,BRANCH_A,False,,dtw_suffix,synthetic-branch_a-17,Strong evidence for BRANCH_A.,,synthetic-branch_a-17
0.8444949981119287,0.8444949981119287,0.079149630485159,0.7653453676267697,BRANCH_A,,0.9649728696388151,known_branch,BRANCH_A,False,,dtw_suffix,synthetic-branch_a-18,Strong evidence for BRANCH_A.,,synthetic-branch_a-18
0.8472648494827905,0.8472648494827905,0.0952085396557143,0.7520563098270762,BRANCH_A,,0.9655891286694698,known_branch,BRANCH_A,False,,dtw_suffix,synthetic-branch_a-19,Strong evidence for BRANCH_A.,,synthetic-branch_a-19
0.848645764844198,0.848645764844198,0.08484189725960745,0.7638038675845905,BRANCH_A,,0.9659060430707476,known_branch,BRANCH_A,False,,dtw_suffix,synthetic-branch_a-20,Strong evidence for BRANCH_A.,,synthetic-branch_a-20
0.848204069991449,0.848204069991449,0.09471264470255736,0.7534914252888917,BRANCH_A,,0.965801261495366,known_branch,BRANCH_A,False,,dtw_suffix,synthetic-branch_a-21,Strong evidence for BRANCH_A.,,synthetic-branch_a-21
0.8490816547878479,0.8490816547878479,0.08561542703572544,0.7634662277521225,BRANCH_A,,0.9660039522983617,known_branch,BRANCH_A,False,,dtw_suffix,synthetic-branch_a-22,Strong evidence for BRANCH_A.,,synthetic-branch_a-22
0.8438960511335417,0.8438960511335417,0.09026313132860442,0.7536329198049373,BRANCH_A,,0.9648320361552869,known_branch,BRANCH_A,False,,dtw_suffix,synthetic-branch_a-23,Strong evidence for BRANCH_A.,,synthetic-branch_a-23
0.8440142682650023,0.08364236027453886,0.8440142682650023,0.7603719079904634,BRANCH_B,,0.9648622358480115,known_branch,BRANCH_B,False,,dtw_suffix,synthetic-branch_b-00,Strong evidence for BRANCH_B.,,synthetic-branch_b-00
0.8430930647171206,0.08754586800932884,0.8430930647171206,0.7555471967077918,BRANCH_B,,0.9646524180876213,known_branch,BRANCH_B,False,,dtw_suffix,synthetic-branch_b-01,Strong evidence for BRANCH_B.,,synthetic-branch_b-01
0.840548034136494,0.07166777551174164,0.840548034136494,0.7688802586247524,BRANCH_B,,0.9640864669760412,known_branch,BRANCH_B,False,,dtw_suffix,synthetic-branch_b-02,Strong evidence for BRANCH_B.,,synthetic-branch_b-02
0.8361695871377984,0.08010058226346062,0.8361695871377984,0.7560690048743378,BRANCH_B,,0.9630949185594981,known_branch,BRANCH_B,False,,dtw_suffix,synthetic-branch_b-03,Strong evidence for BRANCH_B.,,synthetic-branch_b-03
0.8387267908288373,0.06992731067337887,0.8387267908288373,0.7687994801554584,BRANCH_B,,0.9636766500163303,known_branch,BRANCH_B,False,,dtw_suffix,synthetic-branch_b-04,Strong evidence for BRANCH_B.,,synthetic-branch_b-04
0.8456573830400076,0.08636695782964432,0.8456573830400076,0.7592904252103633,BRANCH_B,,0.9652313790381497,known_branch,BRANCH_B,False,,dtw_suffix,synthetic-branch_b-05,Strong evidence for BRANCH_B.,,synthetic-branch_b-05
0.8444317357821597,0.0719388497033806,0.8444317357821597,0.7724928860787791,BRANCH_B,,0.9649619263846836,known_branch,BRANCH_B,False,,dtw_suffix,synthetic-branch_b-06,Strong evidence for BRANCH_B.,,synthetic-branch_b-06
0.8423810881666012,0.06946685291856713,0.8423810881666012,0.772914235248034,BRANCH_B,,0.9645007156400862,known_branch,BRANCH_B,False,,dtw_suffix,synthetic-branch_b-07,Strong evidence for BRANCH_B.,,synthetic-branch_b-07
0.8381880278595619,0.08385006586710608,0.8381880278595619,0.7543379619924558,BRANCH_B,,0.9635481220049997,known_branch,BRANCH_B,False,,dtw_suffix,synthetic-branch_b-08,Strong evidence for BRANCH_B.,,synthetic-branch_b-08
0.8365974789485335,0.09299638432761037,0.8365974789485335,0.7436010946209232,BRANCH_B,,0.9631839027241014,known_branch,BRANCH_B,False,,dtw_suffix,synthetic-branch_b-09,Strong evidence for BRANCH_B.,,synthetic-branch_b-09
0.8401166094053123,0.08813566503919323,0.8401166094053123,0.7519809443661191,BRANCH_B,,0.9639807318066578,known_branch,BRANCH_B,False,,dtw_suffix,synthetic-branch_b-10,Strong evidence for BRANCH_B.,,synthetic-branch_b-10
0.8415908325049613,0.07684762404074497,0.8415908325049613,0.7647432084642163,BRANCH_B,,0.9643191414780139,known_branch,BRANCH_B,False,,dtw_suffix,synthetic-branch_b-11,Strong evidence for BRANCH_B.,,synthetic-branch_b-11
0.8412344338786271,0.07910130575129937,0.8412344338786271,0.7621331281273277,BRANCH_B,,0.9642376652531256,known_branch,BRANCH_B,False,,dtw_suffix,synthetic-branch_b-12,Strong evidence for BRANCH_B.,,synthetic-branch_b-12
0.8398280045948923,0.08215986502667272,0.8398280045948923,0.7576681395682195,BRANCH_B,,0.9639189181435636,known_branch,BRANCH_B,False,,dtw_suffix,synthetic-branch_b-13,Strong evidence for BRANCH_B.,,synthetic-branch_b-13
0.8394456848295199,0.08279768757127004,0.8394456848295199,0.7566479972582498,BRANCH_B,,0.9638323523209722,known_branch,BRANCH_B,False,,dtw_suffix,synthetic-branch_b-14,Strong evidence for BRANCH_B.,,synthetic-branch_b-14
0.8372488404727645,0.06874888160294201,0.8372488404727645,0.7684999588698225,BRANCH_B,,0.9633439728652043,known_branch,BRANCH_B,False,,dtw_suffix,synthetic-branch_b-15,Strong evidence for BRANCH_B.,,synthetic-branch_b-15
0.8448907747450802,0.08093948183919897,0.8448907747450802,0.7639512929058813,BRANCH_B,,0.9650612425646405,known_branch,BRANCH_B,False,,dtw_suffix,synthetic-branch_b-16,Strong evidence for BRANCH_B.,,synthetic-branch_b-16
0.8390494093505872,0.08352116103792051,0.8390494093505872,0.7555282483126667,BRANCH_B,,0.9637425853214705,known_branch,BRANCH_B,False,,dtw_suffix,synthetic-branch_b-17,Strong evidence for BRANCH_B.,,synthetic-branch_b-17
0.8444477387496995,0.07303428070647922,0.8444477387496995,0.7714134580432203,BRANCH_B,,0.964965048723985,known_branch,BRANCH_B,False,,dtw_suffix,synthetic-branch_b-18,Strong evidence for BRANCH_B.,,synthetic-branch_b-18
0.8394743436688764,0.08708225563168526,0.8394743436688764,0.7523920880371912,BRANCH_B,,0.963836455262086,known_branch,BRANCH_B,False,,dtw_suffix,synthetic-branch_b-19,Strong evidence for BRANCH_B.,,synthetic-branch_b-19
0.8429609358103739,0.08411561937960377,0.8429609358103739,0.7588453164307701,BRANCH_B,,0.9646244467060038,known_branch,BRANCH_B,False,,dtw_suffix,synthetic-branch_b-20,Strong evidence for BRANCH_B.,,synthetic-branch_b-20
0.8428876261330314,0.06636306723918428,0.8428876261330314,0.7765245588938471,BRANCH_B,,0.9646162322825039,known_branch,BRANCH_B,False,,dtw_suffix,synthetic-branch_b-21,Strong evidence for BRANCH_B.,,synthetic-branch_b-21
0.8446670673373673,0.07172927824836783,0.8446670673373673,0.7729377890889995,BRANCH_B,,0.9650150712647357,known_branch,BRANCH_B,False,,dtw_suffix,synthetic-branch_b-22,Strong evidence for BRANCH_B.,,synthetic-branch_b-22
0.8432121635932062,0.0882156612069318,0.8432121635932062,0.7549965023862744,BRANCH_B,,0.9646789147373339,known_branch,BRANCH_B,False,,dtw_suffix,synthetic-branch_b-23,Strong evidence for BRANCH_B.,,synthetic-branch_b-23
0.07537473444685794,0.07537473444685794,0.05109947547316551,0.024275258973692426,,,,unknown_route,UNKNOWN,False,,dtw_suffix,synthetic-unknown-00,Evidence is weak for both learned branches.,,synthetic-unknown-00
0.07285201970300859,0.06587461905666825,0.07285201970300859,0.006977400646340337,,,,unknown_route,UNKNOWN,False,,dtw_suffix,synthetic-unknown-01,Evidence is weak for both learned branches.,,synthetic-unknown-01
0.0831886874511838,0.0576764761159817,0.0831886874511838,0.025512211335202095,,,,unknown_route,UNKNOWN,False,,dtw_suffix,synthetic-unknown-02,Evidence is weak for both learned branches.,,synthetic-unknown-02
0.08466857815669337,0.08466857815669337,0.07597353083617764,0.008695047320515736,,,,unknown_route,UNKNOWN,False,,dtw_suffix,synthetic-unknown-03,Evidence is weak for both learned branches.,,synthetic-unknown-03
0.08189672286001348,0.07807089272660739,0.08189672286001348,0.003825830133406094,,,,unknown_route,UNKNOWN,False,,dtw_suffix,synthetic-unknown-04,Evidence is weak for both learned branches.,,synthetic-unknown-04
0.10101036174279265,0.07355733227803174,0.10101036174279265,0.027453029464760914,,,,unknown_route,UNKNOWN,False,,dtw_suffix,synthetic-unknown-05,Evidence is weak for both learned branches.,,synthetic-unknown-05
0.08972120815605833,0.06663251364476641,0.08972120815605833,0.02308869451129192,,,,unknown_route,UNKNOWN,False,,dtw_suffix,synthetic-unknown-06,Evidence is weak for both learned branches.,,synthetic-unknown-06
0.08747483708077308,0.07146726537382964,0.08747483708077308,0.016007571706943446,,,,unknown_route,UNKNOWN,False,,dtw_suffix,synthetic-unknown-07,Evidence is weak for both learned branches.,,synthetic-unknown-07
0.0736547797692545,0.055460575347145435,0.0736547797692545,0.01819420442210906,,,,unknown_route,UNKNOWN,False,,dtw_suffix,synthetic-unknown-08,Evidence is weak for both learned branches.,,synthetic-unknown-08
0.08071150139651517,0.0632876151516526,0.08071150139651517,0.017423886244862574,,,,unknown_route,UNKNOWN,False,,dtw_suffix,synthetic-unknown-09,Evidence is weak for both learned branches.,,synthetic-unknown-09
0.09455231221562077,0.07522813989216404,0.09455231221562077,0.019324172323456734,,,,unknown_route,UNKNOWN,False,,dtw_suffix,synthetic-unknown-10,Evidence is weak for both learned branches.,,synthetic-unknown-10
0.0913460618449431,0.0753701699890591,0.0913460618449431,0.015975891855883995,,,,unknown_route,UNKNOWN,False,,dtw_suffix,synthetic-unknown-11,Evidence is weak for both learned branches.,,synthetic-unknown-11
0.09417233017809468,0.07464675303322799,0.09417233017809468,0.01952557714486669,,,,unknown_route,UNKNOWN,False,,dtw_suffix,synthetic-unknown-12,Evidence is weak for both learned branches.,,synthetic-unknown-12
0.08517694382956531,0.07892714186825533,0.08517694382956531,0.006249801961309975,,,,unknown_route,UNKNOWN,False,,dtw_suffix,synthetic-unknown-13,Evidence is weak for both learned branches.,,synthetic-unknown-13
0.06963082109436847,0.06963082109436847,0.05753910089984082,0.012091720194527644,,,,unknown_route,UNKNOWN,False,,dtw_suffix,synthetic-unknown-14,Evidence is weak for both learned branches.,,synthetic-unknown-14
0.07719892463787936,0.07719892463787936,0.0751846972288508,0.0020142274090285683,,,,unknown_route,UNKNOWN,False,,dtw_suffix,synthetic-unknown-15,Evidence is weak for both learned branches.,,synthetic-unknown-15
0.08973389942989207,0.06279529907712433,0.08973389942989207,0.02693860035276774,,,,unknown_route,UNKNOWN,False,,dtw_suffix,synthetic-unknown-16,Evidence is weak for both learned branches.,,synthetic-unknown-16
0.07195225391170068,0.07195225391170068,0.06871509391137143,0.0032371600003292533,,,,unknown_route,UNKNOWN,False,,dtw_suffix,synthetic-unknown-17,Evidence is weak for both learned branches.,,synthetic-unknown-17
0.06808556075856997,0.06371353752911091,0.06808556075856997,0.0043720232294590655,,,,unknown_route,UNKNOWN,False,,dtw_suffix,synthetic-unknown-18,Evidence is weak for both learned branches.,,synthetic-unknown-18
0.07717128127644013,0.07717128127644013,0.06414751180758083,0.013023769468859303,,,,unknown_route,UNKNOWN,False,,dtw_suffix,synthetic-unknown-19,Evidence is weak for both learned branches.,,synthetic-unknown-19
0.08232691457890196,0.06112517274662177,0.08232691457890196,0.021201741832280185,,,,unknown_route,UNKNOWN,False,,dtw_suffix,synthetic-unknown-20,Evidence is weak for both learned branches.,,synthetic-unknown-20
0.08336365682947822,0.08102177884288586,0.08336365682947822,0.0023418779865923556,,,,unknown_route,UNKNOWN,False,,dtw_suffix,synthetic-unknown-21,Evidence is weak for both learned branches.,,synthetic-unknown-21
0.0867994639345191,0.07230787890060153,0.0867994639345191,0.014491585033917564,,,,unknown_route,UNKNOWN,False,,dtw_suffix,synthetic-unknown-22,Evidence is weak for both learned branches.,,synthetic-unknown-22
0.07344694627505355,0.05667723919208534,0.07344694627505355,0.01676970708296821,,,,unknown_route,UNKNOWN,False,,dtw_suffix,synthetic-unknown-23,Evidence is weak for both learned branches.,,synthetic-unknown-23
0.5793569519331581,0.5793569519331581,0.5713919742653768,0.007964977667781259,,,,uncertain,AMBIGUOUS,False,,dtw_suffix,synthetic-ambiguous-00,Branch evidence is too close to distinguish a branch.,,synthetic-ambiguous-00
0.5775055103003979,0.5775055103003979,0.5757772309912575,0.0017282793091403237,,,,uncertain,AMBIGUOUS,False,,dtw_suffix,synthetic-ambiguous-01,Branch evidence is too close to distinguish a branch.,,synthetic-ambiguous-01
0.5786487722867413,0.5786487722867413,0.5779135877059566,0.000735184580784698,,,,uncertain,AMBIGUOUS,False,,dtw_suffix,synthetic-ambiguous-02,Branch evidence is too close to distinguish a branch.,,synthetic-ambiguous-02
0.5842849156378132,0.5842849156378132,0.5674586934037507,0.016826222234062493,,,,uncertain,AMBIGUOUS,False,,dtw_suffix,synthetic-ambiguous-03,Branch evidence is too close to distinguish a branch.,,synthetic-ambiguous-03
0.5820179568707116,0.5752276596368143,0.5820179568707116,0.006790297233897236,,,,uncertain,AMBIGUOUS,False,,dtw_suffix,synthetic-ambiguous-04,Branch evidence is too close to distinguish a branch.,,synthetic-ambiguous-04
0.5817140790780908,0.5817140790780908,0.5666494408829345,0.015064638195156355,,,,uncertain,AMBIGUOUS,False,,dtw_suffix,synthetic-ambiguous-05,Branch evidence is too close to distinguish a branch.,,synthetic-ambiguous-05
0.575850578231944,0.5717934213186565,0.575850578231944,0.004057156913287452,,,,uncertain,AMBIGUOUS,False,,dtw_suffix,synthetic-ambiguous-06,Branch evidence is too close to distinguish a branch.,,synthetic-ambiguous-06
0.5761529252325234,0.5761529252325234,0.5755369907969402,0.0006159344355831653,,,,uncertain,AMBIGUOUS,False,,dtw_suffix,synthetic-ambiguous-07,Branch evidence is too close to distinguish a branch.,,synthetic-ambiguous-07
0.5797779200495117,0.5730229229911378,0.5797779200495117,0.006754997058373902,,,,uncertain,AMBIGUOUS,False,,dtw_suffix,synthetic-ambiguous-08,Branch evidence is too close to distinguish a branch.,,synthetic-ambiguous-08
0.5770833323606186,0.5718048250204639,0.5770833323606186,0.00527850734015467,,,,uncertain,AMBIGUOUS,False,,dtw_suffix,synthetic-ambiguous-09,Branch evidence is too close to distinguish a branch.,,synthetic-ambiguous-09
0.5809727297409585,0.5809727297409585,0.5658012305696805,0.015171499171278024,,,,uncertain,AMBIGUOUS,False,,dtw_suffix,synthetic-ambiguous-10,Branch evidence is too close to distinguish a branch.,,synthetic-ambiguous-10
0.5856835385525806,0.5696467608213425,0.5856835385525806,0.016036777731238128,,,,uncertain,AMBIGUOUS,False,,dtw_suffix,synthetic-ambiguous-11,Branch evidence is too close to distinguish a branch.,,synthetic-ambiguous-11
