elapsed_ms,method,query_id,repetition,stage
19.3426,default,,0,enrollment
21.7231,default,,1,enrollment
20.6509,default,,2,enrollment
19.9087,default,,3,enrollment
19.2974,default,,4,enrollment
20.3202,legacy,,0,enrollment
20.6218,legacy,,1,enrollment
20.0579,legacy,,2,enrollment
21.3734,legacy,,3,enrollment
20.1744,legacy,,4,enrollment
20.6119,original_only,,0,enrollment
19.9494,original_only,,1,enrollment
19.5951,original_only,,2,enrollment
21.0198,original_only,,3,enrollment
22.2634,original_only,,4,enrollment
19.9748,no_temporal_prior,,0,enrollment
20.5601,no_temporal_prior,,1,enrollment
22.0822,no_temporal_prior,,2,enrollment
19.7441,no_temporal_prior,,3,enrollment
20.174,no_temporal_prior,,4,enrollment
1.9599,vxn_default,synthetic-branch_a-00,0,classification
1.8759,vxn_default,synthetic-branch_a-00,1,classification
2.4606,vxn_default,synthetic-branch_a-00,2,classification
2.0394,vxn_default,synthetic-branch_a-00,3,classification
1.8675,vxn_default,synthetic-branch_a-00,4,classification
1.9645,vxn_default,synthetic-branch_a-01,0,classification
1.8749,vxn_default,synthetic-branch_a-01,1,classification
3.0183,vxn_default,synthetic-branch_a-01,2,classification
2.0793,vxn_default,synthetic-branch_a-01,3,classification
1.8654,vxn_default,synthetic-branch_a-01,4,classification
1.9058,vxn_default,synthetic-branch_a-02,0,classification
1.8708,vxn_default,synthetic-branch_a-02,1,classification
2.4787,vxn_default,synthetic-branch_a-02,2,classification
2.1825,vxn_default,synthetic-branch_a-02,3,classification
1.9974,vxn_default,synthetic-branch_a-02,4,classification
1.8911,vxn_default,synthetic-branch_a-03,0,classification
1.8607,vxn_default,synthetic-branch_a-03,1,classification
2.4594,vxn_default,synthetic-branch_a-03,2,classification
2.1963,vxn_default,synthetic-branch_a-03,3,classification
1.9938,vxn_default,synthetic-branch_a-03,4,classification
1.8834,vxn_default,synthetic-branch_a-04,0,classification
1.8559,vxn_default,synthetic-branch_a-04,1,classification
2.2664,vxn_default,synthetic-branch_a-04,2,classification
2.6645,vxn_default,synthetic-branch_a-04,3,classification
1.8743,vxn_default,synthetic-branch_a-04,4,classification
1.8797,vxn_default,synthetic-branch_a-05,0,classification
1.8441,vxn_default,synthetic-branch_a-05,1,classification
2.2593,vxn_default,synthetic-branch_a-05,2,classification
2.5799,vxn_default,synthetic-branch_a-05,3,classification
1.995,vxn_default,synthetic-branch_a-05,4,classification
1.8804,vxn_default,synthetic-branch_a-06,0,classification
1.8531,vxn_default,synthetic-branch_a-06,1,classification
2.281,vxn_default,synthetic-branch_a-06,2,classification
2.5085,vxn_default,synthetic-branch_a-06,3,classification
2.096,vxn_default,synthetic-branch_a-06,4,classification
1.8791,vxn_default,synthetic-branch_a-07,0,classification
1.8409,vxn_default,synthetic-branch_a-07,1,classification
2.2771,vxn_default,synthetic-branch_a-07,2,classification
2.2392,vxn_default,synthetic-branch_a-07,3,classification
2.04,vxn_default,synthetic-branch_a-07,4,classification
1.8673,vxn_default,synthetic-branch_a-08,0,classification
1.8494,vxn_default,synthetic-branch_a-08,1,classification
1.865,vxn_default,synthetic-branch_a-08,2,classification
2.5423,vxn_default,synthetic-branch_a-08,3,classification
1.9652,vxn_default,synthetic-branch_a-08,4,classification
1.86,vxn_default,synthetic-branch_a-09,0,classification
1.8415,vxn_default,synthetic-branch_a-09,1,classification
1.8568,vxn_default,synthetic-branch_a-09,2,classification
2.1419,vxn_default,synthetic-branch_a-09,3,classification
2.2646,vxn_default,synthetic-branch_a-09,4,classification
1.8732,vxn_default,synthetic-branch_a-10,0,classification
1.8654,vxn_default,synthetic-branch_a-10,1,classification
1.8361,vxn_default,synthetic-branch_a-10,2,classification
1.8272,vxn_default,synthetic-branch_a-10,3,classification
2.8312,vxn_default,synthetic-branch_a-10,4,classification
1.86,vxn_default,synthetic-branch_a-11,0,classification
1.8372,vxn_default,synthetic-branch_a-11,1,classification
1.8414,vxn_default,synthetic-branch_a-11,2,classification
1.8501,vxn_default,synthetic-branch_a-11,3,classification
2.1685,vxn_default,synthetic-branch_a-11,4,classification
2.0405,vxn_default,synthetic-branch_a-12,0,classification
1.8705,vxn_default,synthetic-branch_a-12,1,classification
1.8486,vxn_default,synthetic-branch_a-12,2,classification
1.8432,vxn_default,synthetic-branch_a-12,3,classification
2.0767,vxn_default,synthetic-branch_a-12,4,classification
1.8749,vxn_default,synthetic-branch_a-13,0,classification
1.8527,vxn_default,synthetic-branch_a-13,1,classification
1.8474,vxn_default,synthetic-branch_a-13,2,classification
1.8506,vxn_default,synthetic-branch_a-13,3,classification
1.8473,vxn_default,synthetic-branch_a-13,4,classification
1.8744,vxn_default,synthetic-branch_a-14,0,classification
1.8471,vxn_default,synthetic-branch_a-14,1,classification
1.8417,vxn_default,synthetic-branch_a-14,2,classification
1.8392,vxn_default,synthetic-branch_a-14,3,classification
1.8348,vxn_default,synthetic-branch_a-14,4,classification
1.9883,vxn_default,synthetic-branch_a-15,0,classification
1.9527,vxn_default,synthetic-branch_a-15,1,classification
1.9478,vxn_default,synthetic-branch_a-15,2,classification
1.9456,vxn_default,synthetic-branch_a-15,3,classification
1.9412,vxn_default,synthetic-branch_a-15,4,classification
1.8898,vxn_default,synthetic-branch_a-16,0,classification
1.8568,vxn_default,synthetic-branch_a-16,1,classification
1.8462,vxn_default,synthetic-branch_a-16,2,classification
1.841,vxn_default,synthetic-branch_a-16,3,classification
1.8393,vxn_default,synthetic-branch_a-16,4,classification
1.9886,vxn_default,synthetic-branch_a-17,0,classification
1.956,vxn_default,synthetic-branch_a-17,1,classification
1.9452,vxn_default,synthetic-branch_a-17,2,classification
1.9372,vxn_default,synthetic-branch_a-17,3,classification
1.9331,vxn_default,synthetic-branch_a-17,4,classification
1.9847,vxn_default,synthetic-branch_a-18,0,classification
1.956,vxn_default,synthetic-branch_a-18,1,classification
1.9444,vxn_default,synthetic-branch_a-18,2,classification
1.9365,vxn_default,synthetic-branch_a-18,3,classification
2.0293,vxn_default,synthetic-branch_a-18,4,classification
1.9761,vxn_default,synthetic-branch_a-19,0,classification
1.9464,vxn_default,synthetic-branch_a-19,1,classification
1.9396,vxn_default,synthetic-branch_a-19,2,classification
1.9329,vxn_default,synthetic-branch_a-19,3,classification
2.0207,vxn_default,synthetic-branch_a-19,4,classification
2.0085,vxn_default,synthetic-branch_a-20,0,classification
1.9601,vxn_default,synthetic-branch_a-20,1,classification
1.9426,vxn_default,synthetic-branch_a-20,2,classification
1.9451,vxn_default,synthetic-branch_a-20,3,classification
2.1503,vxn_default,synthetic-branch_a-20,4,classification
1.8867,vxn_default,synthetic-branch_a-21,0,classification
1.9326,vxn_default,synthetic-branch_a-21,1,classification
1.855,vxn_default,synthetic-branch_a-21,2,classification
1.9604,vxn_default,synthetic-branch_a-21,3,classification
1.8406,vxn_default,synthetic-branch_a-21,4,classification
1.9265,vxn_default,synthetic-branch_a-22,0,classification
1.8545,vxn_default,synthetic-branch_a-22,1,classification
1.8426,vxn_default,synthetic-branch_a-22,2,classification
1.8322,vxn_default,synthetic-branch_a-22,3,classification
1.9241,vxn_default,synthetic-branch_a-22,4,classification
2.019,vxn_default,synthetic-branch_a-23,0,classification
1.8619,vxn_default,synthetic-branch_a-23,1,classification
1.8417,vxn_default,synthetic-branch_a-23,2,classification
1.8416,vxn_default,synthetic-branch_a-23,3,classification
1.925,vxn_default,synthetic-branch_a-23,4,classification
1.9544,vxn_default,synthetic-branch_b-00,0,classification
1.8714,vxn_default,synthetic-branch_b-00,1,classification
1.8579,vxn_default,synthetic-branch_b-00,2,classification
1.9311,vxn_default,synthetic-branch_b-00,3,classification
1.8519,vxn_default,synthetic-branch_b-00,4,classification
1.9789,vxn_default,synthetic-branch_b-01,0,classification
1.8741,vxn_default,synthetic-branch_b-01,1,classification
1.8583,vxn_default,synthetic-branch_b-01,2,classification
1.8837,vxn_default,synthetic-branch_b-01,3,classification
1.9599,vxn_default,synthetic-branch_b-01,4,classification
2.1958,vxn_default,synthetic-branch_b-02,0,classification
2.0061,vxn_default,synthetic-branch_b-02,1,classification
2.0755,vxn_default,synthetic-branch_b-02,2,classification
1.9786,vxn_default,synthetic-branch_b-02,3,classification
1.9634,vxn_default,synthetic-branch_b-02,4,classification
1.9141,vxn_default,synthetic-branch_b-03,0,classification
1.8642,vxn_default,synthetic-branch_b-03,1,classification
1.9527,vxn_default,synthetic-branch_b-03,2,classification
1.8519,vxn_default,synthetic-branch_b-03,3,classification
1.8441,vxn_default,synthetic-branch_b-03,4,classification
2.0347,vxn_default,synthetic-branch_b-04,0,classification
1.8818,vxn_default,synthetic-branch_b-04,1,classification
1.9539,vxn_default,synthetic-branch_b-04,2,classification
1.8591,vxn_default,synthetic-branch_b-04,3,classification
1.854,vxn_default,synthetic-branch_b-04,4,classification
2.1753,vxn_default,synthetic-branch_b-05,0,classification
2.0078,vxn_default,synthetic-branch_b-05,1,classification
1.9752,vxn_default,synthetic-branch_b-05,2,classification
1.9637,vxn_default,synthetic-branch_b-05,3,classification
1.9577,vxn_default,synthetic-branch_b-05,4,classification
2.1837,vxn_default,synthetic-branch_b-06,0,classification
2.0125,vxn_default,synthetic-branch_b-06,1,classification
1.9654,vxn_default,synthetic-branch_b-06,2,classification
1.9633,vxn_default,synthetic-branch_b-06,3,classification
1.9655,vxn_default,synthetic-branch_b-06,4,classification
1.9438,vxn_default,synthetic-branch_b-07,0,classification
1.9783,vxn_default,synthetic-branch_b-07,1,classification
1.865,vxn_default,synthetic-branch_b-07,2,classification
1.8539,vxn_default,synthetic-branch_b-07,3,classification
1.8501,vxn_default,synthetic-branch_b-07,4,classification
2.283,vxn_default,synthetic-branch_b-08,0,classification
1.9948,vxn_default,synthetic-branch_b-08,1,classification
1.9805,vxn_default,synthetic-branch_b-08,2,classification
1.9852,vxn_default,synthetic-branch_b-08,3,classification
1.9753,vxn_default,synthetic-branch_b-08,4,classification
2.0648,vxn_default,synthetic-branch_b-09,0,classification
2.003,vxn_default,synthetic-branch_b-09,1,classification
1.9818,vxn_default,synthetic-branch_b-09,2,classification
1.9791,vxn_default,synthetic-branch_b-09,3,classification
1.9911,vxn_default,synthetic-branch_b-09,4,classification
2.0527,vxn_default,synthetic-branch_b-10,0,classification
2.0077,vxn_default,synthetic-branch_b-10,1,classification
1.9928,vxn_default,synthetic-branch_b-10,2,classification
1.9841,vxn_default,synthetic-branch_b-10,3,classification
1.975,vxn_default,synthetic-branch_b-10,4,classification
2.0178,vxn_default,synthetic-branch_b-11,0,classification
1.9784,vxn_default,synthetic-branch_b-11,1,classification
1.978,vxn_default,synthetic-branch_b-11,2,classification
1.9721,vxn_default,synthetic-branch_b-11,3,classification
1.984,vxn_default,synthetic-branch_b-11,4,classification
2.0181,vxn_default,synthetic-branch_b-12,0,classification
1.9954,vxn_default,synthetic-branch_b-12,1,classification
1.9829,vxn_default,synthetic-branch_b-12,2,classification
1.9758,vxn_default,synthetic-branch_b-12,3,classification
2.4754,vxn_default,synthetic-branch_b-12,4,classification
2.025,vxn_default,synthetic-branch_b-13,0,classification
1.9843,vxn_default,synthetic-branch_b-13,1,classification
1.9747,vxn_default,synthetic-branch_b-13,2,classification
1.9618,vxn_default,synthetic-branch_b-13,3,classification
2.2364,vxn_default,synthetic-branch_b-13,4,classification
2.0703,vxn_default,synthetic-branch_b-14,0,classification
2.0219,vxn_default,synthetic-branch_b-14,1,classification
1.9997,vxn_default,synthetic-branch_b-14,2,classification
1.9897,vxn_default,synthetic-branch_b-14,3,classification
2.6391,vxn_default,synthetic-branch_b-14,4,classification
2.0617,vxn_default,synthetic-branch_b-15,0,classification
2.0092,vxn_default,synthetic-branch_b-15,1,classification
2.0026,vxn_default,synthetic-branch_b-15,2,classification
2.3439,vxn_default,synthetic-branch_b-15,3,classification
2.7271,vxn_default,synthetic-branch_b-15,4,classification
2.0988,vxn_default,synthetic-branch_b-16,0,classification
2.1568,vxn_default,synthetic-branch_b-16,1,classification
2.2803,vxn_default,synthetic-branch_b-16,2,classification
2.4023,vxn_default,synthetic-branch_b-16,3,classification
2.1817,vxn_default,synthetic-branch_b-16,4,classification
1.9912,vxn_default,synthetic-branch_b-17,0,classification
2.225,vxn_default,synthetic-branch_b-17,1,classification
2.2603,vxn_default,synthetic-branch_b-17,2,classification
2.0964,vxn_default,synthetic-branch_b-17,3,classification
1.9807,vxn_default,synthetic-branch_b-17,4,classification
1.9839,vxn_default,synthetic-branch_b-18,0,classification
2.0541,vxn_default,synthetic-branch_b-18,1,classification
2.3303,vxn_default,synthetic-branch_b-18,2,classification
2.2625,vxn_default,synthetic-branch_b-18,3,classification
1.9736,vxn_default,synthetic-branch_b-18,4,classification
1.994,vxn_default,synthetic-branch_b-19,0,classification
1.9587,vxn_default,synthetic-branch_b-19,1,classification
2.4544,vxn_default,synthetic-branch_b-19,2,classification
2.3489,vxn_default,synthetic-branch_b-19,3,classification
2.0991,vxn_default,synthetic-branch_b-19,4,classification
2.0731,vxn_default,synthetic-branch_b-20,0,classification
1.9592,vxn_default,synthetic-branch_b-20,1,classification
2.0926,vxn_default,synthetic-branch_b-20,2,classification
2.3511,vxn_default,synthetic-branch_b-20,3,classification
2.1786,vxn_default,synthetic-branch_b-20,4,classification
1.8988,vxn_default,synthetic-branch_b-21,0,classification
1.8761,vxn_default,synthetic-branch_b-21,1,classification
2.5258,vxn_default,synthetic-branch_b-21,2,classification
2.2069,vxn_default,synthetic-branch_b-21,3,classification
2.0388,vxn_default,synthetic-branch_b-21,4,classification
1.8936,vxn_default,synthetic-branch_b-22,0,classification
1.867,vxn_default,synthetic-branch_b-22,1,classification
2.4757,vxn_default,synthetic-branch_b-22,2,classification
2.137,vxn_default,synthetic-branch_b-22,3,classification
2.0054,vxn_default,synthetic-branch_b-22,4,classification
1.8789,vxn_default,synthetic-branch_b-23,0,classification
1.8744,vxn_default,synthetic-branch_b-23,1,classification
2.2342,vxn_default,synthetic-branch_b-23,2,classification
2.0174,vxn_default,synthetic-branch_b-23,3,classification
1.8935,vxn_default,synthetic-branch_b-23,4,classification
1.8899,vxn_default,synthetic-unknown-00,0,classification
1.8584,vxn_default,synthetic-unknown-00,1,classification
1.8397,vxn_default,synthetic-unknown-00,2,classification
2.6815,vxn_default,synthetic-unknown-00,3,classification
2.0934,vxn_default,synthetic-unknown-00,4,classification
1.9885,vxn_default,synthetic-unknown-01,0,classification
1.863,vxn_default,synthetic-unknown-01,1,classification
1.8484,vxn_default,synthetic-unknown-01,2,classification
2.4688,vxn_default,synthetic-unknown-01,3,classification
2.0557,vxn_default,synthetic-unknown-01,4,classification
1.898,vxn_default,synthetic-unknown-02,0,classification
1.8653,vxn_default,synthetic-unknown-02,1,classification
1.8817,vxn_default,synthetic-unknown-02,2,classification
3.0088,vxn_default,synthetic-unknown-02,3,classification
2.219,vxn_default,synthetic-unknown-02,4,classification
1.8732,vxn_default,synthetic-unknown-03,0,classification
1.8507,vxn_default,synthetic-unknown-03,1,classification
1.8488,vxn_default,synthetic-unknown-03,2,classification
2.9414,vxn_default,synthetic-unknown-03,3,classification
2.1808,vxn_default,synthetic-unknown-03,4,classification
1.8625,vxn_default,synthetic-unknown-04,0,classification
1.8478,vxn_default,synthetic-unknown-04,1,classification
1.8445,vxn_default,synthetic-unknown-04,2,classification
2.4989,vxn_default,synthetic-unknown-04,3,classification
2.0321,vxn_default,synthetic-unknown-04,4,classification
1.8564,vxn_default,synthetic-unknown-05,0,classification
1.8363,vxn_default,synthetic-unknown-05,1,classification
1.872,vxn_default,synthetic-unknown-05,2,classification
2.2442,vxn_default,synthetic-unknown-05,3,classification
2.266,vxn_default,synthetic-unknown-05,4,classification
2.0269,vxn_default,synthetic-unknown-06,0,classification
1.9637,vxn_default,synthetic-unknown-06,1,classification
1.8895,vxn_default,synthetic-unknown-06,2,classification
2.4013,vxn_default,synthetic-unknown-06,3,classification
2.4815,vxn_default,synthetic-unknown-06,4,classification
2.0103,vxn_default,synthetic-unknown-07,0,classification
1.9292,vxn_default,synthetic-unknown-07,1,classification
1.9395,vxn_default,synthetic-unknown-07,2,classification
3.2368,vxn_default,synthetic-unknown-07,3,classification
2.1977,vxn_default,synthetic-unknown-07,4,classification
2.0148,vxn_default,synthetic-unknown-08,0,classification
1.9782,vxn_default,synthetic-unknown-08,1,classification
2.7228,vxn_default,synthetic-unknown-08,2,classification
2.5534,vxn_default,synthetic-unknown-08,3,classification
2.1665,vxn_default,synthetic-unknown-08,4,classification
1.9826,vxn_default,synthetic-unknown-09,0,classification
2.1575,vxn_default,synthetic-unknown-09,1,classification
2.6681,vxn_default,synthetic-unknown-09,2,classification
2.0278,vxn_default,synthetic-unknown-09,3,classification
1.9665,vxn_default,synthetic-unknown-09,4,classification
1.9808,vxn_default,synthetic-unknown-10,0,classification
2.4094,vxn_default,synthetic-unknown-10,1,classification
2.9262,vxn_default,synthetic-unknown-10,2,classification
2.204,vxn_default,synthetic-unknown-10,3,classification
2.0969,vxn_default,synthetic-unknown-10,4,classification
2.3688,vxn_default,synthetic-unknown-11,0,classification
2.9779,vxn_default,synthetic-unknown-11,1,classification
2.3045,vxn_default,synthetic-unknown-11,2,classification
2.1619,vxn_default,synthetic-unknown-11,3,classification
1.9342,vxn_default,synthetic-unknown-11,4,classification
2.6676,vxn_default,synthetic-unknown-12,0,classification
2.0374,vxn_default,synthetic-unknown-12,1,classification
1.9737,vxn_default,synthetic-unknown-12,2,classification
1.9533,vxn_default,synthetic-unknown-12,3,classification
1.9557,vxn_default,synthetic-unknown-12,4,classification
2.7074,vxn_default,synthetic-unknown-13,0,classification
2.185,vxn_default,synthetic-unknown-13,1,classification
1.9158,vxn_default,synthetic-unknown-13,2,classification
1.8439,vxn_default,synthetic-unknown-13,3,classification
1.8269,vxn_default,synthetic-unknown-13,4,classification
2.1202,vxn_default,synthetic-unknown-14,0,classification
2.04,vxn_default,synthetic-unknown-14,1,classification
2.0192,vxn_default,synthetic-unknown-14,2,classification
1.9922,vxn_default,synthetic-unknown-14,3,classification
1.9831,vxn_default,synthetic-unknown-14,4,classification
1.9838,vxn_default,synthetic-unknown-15,0,classification
1.95,vxn_default,synthetic-unknown-15,1,classification
1.9461,vxn_default,synthetic-unknown-15,2,classification
1.9413,vxn_default,synthetic-unknown-15,3,classification
1.9433,vxn_default,synthetic-unknown-15,4,classification
1.9762,vxn_default,synthetic-unknown-16,0,classification
1.9488,vxn_default,synthetic-unknown-16,1,classification
1.9472,vxn_default,synthetic-unknown-16,2,classification
1.9395,vxn_default,synthetic-unknown-16,3,classification
2.0233,vxn_default,synthetic-unknown-16,4,classification
2.0578,vxn_default,synthetic-unknown-17,0,classification
2.0115,vxn_default,synthetic-unknown-17,1,classification
1.98,vxn_default,synthetic-unknown-17,2,classification
1.9999,vxn_default,synthetic-unknown-17,3,classification
1.9878,vxn_default,synthetic-unknown-17,4,classification
2.028,vxn_default,synthetic-unknown-18,0,classification
1.9848,vxn_default,synthetic-unknown-18,1,classification
2.0026,vxn_default,synthetic-unknown-18,2,classification
1.9778,vxn_default,synthetic-unknown-18,3,classification
2.1325,vxn_default,synthetic-unknown-18,4,classification
2.7166,vxn_default,synthetic-unknown-19,0,classification
2.1186,vxn_default,synthetic-unknown-19,1,classification
1.9463,vxn_default,synthetic-unknown-19,2,classification
2.2855,vxn_default,synthetic-unknown-19,3,classification
2.6646,vxn_default,synthetic-unknown-19,4,classification
2.1624,vxn_default,synthetic-unknown-20,0,classification
2.3946,vxn_default,synthetic-unknown-20,1,classification
2.7078,vxn_default,synthetic-unknown-20,2,classification
2.8981,vxn_default,synthetic-unknown-20,3,classification
2.0299,vxn_default,synthetic-unknown-20,4,classification
1.9753,vxn_default,synthetic-unknown-21,0,classification
2.4217,vxn_default,synthetic-unknown-21,1,classification
3.076,vxn_default,synthetic-unknown-21,2,classification
2.8643,vxn_default,synthetic-unknown-21,3,classification
2.2281,vxn_default,synthetic-unknown-21,4,classification
2.9468,vxn_default,synthetic-unknown-22,0,classification
2.9475,vxn_default,synthetic-unknown-22,1,classification
2.0283,vxn_default,synthetic-unknown-22,2,classification
2.118,vxn_default,synthetic-unknown-22,3,classification
1.9185,vxn_default,synthetic-unknown-22,4,classification
2.3013,vxn_default,synthetic-unknown-23,0,classification
1.9004,vxn_default,synthetic-unknown-23,1,classification
1.8589,vxn_default,synthetic-unknown-23,2,classification
1.9877,vxn_default,synthetic-unknown-23,3,classification
1.8506,vxn_default,synthetic-unknown-23,4,classification
2.7174,vxn_default,synthetic-ambiguous-00,0,classification
1.9213,vxn_default,synthetic-ambiguous-00,1,classification
1.8668,vxn_default,synthetic-ambiguous-00,2,classification
1.853,vxn_default,synthetic-ambiguous-00,3,classification
1.8643,vxn_default,synthetic-ambiguous-00,4,classification
2.0389,vxn_default,synthetic-ambiguous-01,0,classification
1.8893,vxn_default,synthetic-ambiguous-01,1,classification
1.8662,vxn_default,synthetic-ambiguous-01,2,classification
1.8754,vxn_default,synthetic-ambiguous-01,3,classification
1.8527,vxn_default,synthetic-ambiguous-01,4,classification
2.2903,vxn_default,synthetic-ambiguous-02,0,classification
2.0704,vxn_default,synthetic-ambiguous-02,1,classification
1.8747,vxn_default,synthetic-ambiguous-02,2,classification
1.8429,vxn_default,synthetic-ambiguous-02,3,classification
1.8318,vxn_default,synthetic-ambiguous-02,4,classification
1.9641,vxn_default,synthetic-ambiguous-03,0,classification
1.8328,vxn_default,synthetic-ambiguous-03,1,classification
1.8182,vxn_default,synthetic-ambiguous-03,2,classification
1.8177,vxn_default,synthetic-ambiguous-03,3,classification
1.8173,vxn_default,synthetic-ambiguous-03,4,classification
2.2,vxn_default,synthetic-ambiguous-04,0,classification
2.3297,vxn_default,synthetic-ambiguous-04,1,classification
2.0182,vxn_default,synthetic-ambiguous-04,2,classification
1.8742,vxn_default,synthetic-ambiguous-04,3,classification
1.8489,vxn_default,synthetic-ambiguous-04,4,classification
1.8624,vxn_default,synthetic-ambiguous-05,0,classification
1.8376,vxn_default,synthetic-ambiguous-05,1,classification
1.818,vxn_default,synthetic-ambiguous-05,2,classification
1.8194,vxn_default,synthetic-ambiguous-05,3,classification
1.8214,vxn_default,synthetic-ambiguous-05,4,classification
2.1629,vxn_default,synthetic-ambiguous-06,0,classification
1.9051,vxn_default,synthetic-ambiguous-06,1,classification
1.8476,vxn_default,synthetic-ambiguous-06,2,classification
1.842,vxn_default,synthetic-ambiguous-06,3,classification
1.835,vxn_default,synthetic-ambiguous-06,4,classification
1.8945,vxn_default,synthetic-ambiguous-07,0,classification
2.1664,vxn_default,synthetic-ambiguous-07,1,classification
2.4608,vxn_default,synthetic-ambiguous-07,2,classification
2.1094,vxn_default,synthetic-ambiguous-07,3,classification
1.9686,vxn_default,synthetic-ambiguous-07,4,classification
1.8674,vxn_default,synthetic-ambiguous-08,0,classification
1.8449,vxn_default,synthetic-ambiguous-08,1,classification
1.838,vxn_default,synthetic-ambiguous-08,2,classification
1.8306,vxn_default,synthetic-ambiguous-08,3,classification
1.8334,vxn_default,synthetic-ambiguous-08,4,classification
2.126,vxn_default,synthetic-ambiguous-09,0,classification
2.0528,vxn_default,synthetic-ambiguous-09,1,classification
2.0426,vxn_default,synthetic-ambiguous-09,2,classification
1.9417,vxn_default,synthetic-ambiguous-09,3,classification
1.9369,vxn_default,synthetic-ambiguous-09,4,classification
2.0021,vxn_default,synthetic-ambiguous-10,0,classification
1.9597,vxn_default,synthetic-ambiguous-10,1,classification
1.9503,vxn_default,synthetic-ambiguous-10,2,classification
1.9454,vxn_default,synthetic-ambiguous-10,3,classification
1.9376,vxn_default,synthetic-ambiguous-10,4,classification
2.1351,vxn_default,synthetic-ambiguous-11,0,classification
2.0448,vxn_default,synthetic-ambiguous-11,1,classification
1.8762,vxn_default,synthetic-ambiguous-11,2,classification
1.8662,vxn_default,synthetic-ambiguous-11,3,classification
1.8443,vxn_default,synthetic-ambiguous-11,4,classification
23.9676,vxn_reference_windows,synthetic-branch_a-00,0,classification
22.9694,vxn_reference_windows,synthetic-branch_a-00,1,classification
23.306,vxn_reference_windows,synthetic-branch_a-00,2,classification
24.1431,vxn_reference_windows,synthetic-branch_a-00,3,classification
23.5226,vxn_reference_windows,synthetic-branch_a-00,4,classification
24.3808,vxn_reference_windows,synthetic-branch_a-01,0,classification
23.7545,vxn_reference_windows,synthetic-branch_a-01,1,classification
24.6078,vxn_reference_windows,synthetic-branch_a-01,2,classification
23.6896,vxn_reference_windows,synthetic-branch_a-01,3,classification
23.2089,vxn_reference_windows,synthetic-branch_a-01,4,classification
24.0045,vxn_reference_windows,synthetic-branch_a-02,0,classification
23.5784,vxn_reference_windows,synthetic-branch_a-02,1,classification
21.9091,vxn_reference_windows,synthetic-branch_a-02,2,classification
25.0912,vxn_reference_windows,synthetic-branch_a-02,3,classification
22.2411,vxn_reference_windows,synthetic-branch_a-02,4,classification
22.2489,vxn_reference_windows,synthetic-branch_a-03,0,classification
24.2375,vxn_reference_windows,synthetic-branch_a-03,1,classification
22.3113,vxn_reference_windows,synthetic-branch_a-03,2,classification
23.0033,vxn_reference_windows,synthetic-branch_a-03,3,classification
23.7694,vxn_reference_windows,synthetic-branch_a-03,4,classification
23.14,vxn_reference_windows,synthetic-branch_a-04,0,classification
26.1093,vxn_reference_windows,synthetic-branch_a-04,1,classification
23.5934,vxn_reference_windows,synthetic-branch_a-04,2,classification
23.7268,vxn_reference_windows,synthetic-branch_a-04,3,classification
23.3578,vxn_reference_windows,synthetic-branch_a-04,4,classification
23.3678,vxn_reference_windows,synthetic-branch_a-05,0,classification
23.8116,vxn_reference_windows,synthetic-branch_a-05,1,classification
23.9364,vxn_reference_windows,synthetic-branch_a-05,2,classification
25.2318,vxn_reference_windows,synthetic-branch_a-05,3,classification
23.7248,vxn_reference_windows,synthetic-branch_a-05,4,classification
22.4572,vxn_reference_windows,synthetic-branch_a-06,0,classification
25.3953,vxn_reference_windows,synthetic-branch_a-06,1,classification
25.8282,vxn_reference_windows,synthetic-branch_a-06,2,classification
24.6849,vxn_reference_windows,synthetic-branch_a-06,3,classification
23.2564,vxn_reference_windows,synthetic-branch_a-06,4,classification
23.6168,vxn_reference_windows,synthetic-branch_a-07,0,classification
24.2467,vxn_reference_windows,synthetic-branch_a-07,1,classification
22.3341,vxn_reference_windows,synthetic-branch_a-07,2,classification
25.0653,vxn_reference_windows,synthetic-branch_a-07,3,classification
23.9828,vxn_reference_windows,synthetic-branch_a-07,4,classification
23.9912,vxn_reference_windows,synthetic-branch_a-08,0,classification
24.6291,vxn_reference_windows,synthetic-branch_a-08,1,classification
23.6749,vxn_reference_windows,synthetic-branch_a-08,2,classification
24.2848,vxn_reference_windows,synthetic-branch_a-08,3,classification
23.673,vxn_reference_windows,synthetic-branch_a-08,4,classification
24.1661,vxn_reference_windows,synthetic-branch_a-09,0,classification
23.805,vxn_reference_windows,synthetic-branch_a-09,1,classification
23.1334,vxn_reference_windows,synthetic-branch_a-09,2,classification
24.3209,vxn_reference_windows,synthetic-branch_a-09,3,classification
23.795,vxn_reference_windows,synthetic-branch_a-09,4,classification
23.5799,vxn_reference_windows,synthetic-branch_a-10,0,classification
23.5303,vxn_reference_windows,synthetic-branch_a-10,1,classification
23.9962,vxn_reference_windows,synthetic-branch_a-10,2,classification
23.1304,vxn_reference_windows,synthetic-branch_a-10,3,classification
24.6641,vxn_reference_windows,synthetic-branch_a-10,4,classification
23.1287,vxn_reference_windows,synthetic-branch_a-11,0,classification
23.9284,vxn_reference_windows,synthetic-branch_a-11,1,classification
23.3481,vxn_reference_windows,synthetic-branch_a-11,2,classification
24.542,vxn_reference_windows,synthetic-branch_a-11,3,classification
22.4526,vxn_reference_windows,synthetic-branch_a-11,4,classification
24.1704,vxn_reference_windows,synthetic-branch_a-12,0,classification
23.5387,vxn_reference_windows,synthetic-branch_a-12,1,classification
22.2662,vxn_reference_windows,synthetic-branch_a-12,2,classification
25.0903,vxn_reference_windows,synthetic-branch_a-12,3,classification
23.359,vxn_reference_windows,synthetic-branch_a-12,4,classification
26.8485,vxn_reference_windows,synthetic-branch_a-13,0,classification
24.3497,vxn_reference_windows,synthetic-branch_a-13,1,classification
24.1987,vxn_reference_windows,synthetic-branch_a-13,2,classification
23.778,vxn_reference_windows,synthetic-branch_a-13,3,classification
23.6079,vxn_reference_windows,synthetic-branch_a-13,4,classification
24.827,vxn_reference_windows,synthetic-branch_a-14,0,classification
23.655,vxn_reference_windows,synthetic-branch_a-14,1,classification
23.5602,vxn_reference_windows,synthetic-branch_a-14,2,classification
24.7286,vxn_reference_windows,synthetic-branch_a-14,3,classification
29.2826,vxn_reference_windows,synthetic-branch_a-14,4,classification
24.4188,vxn_reference_windows,synthetic-branch_a-15,0,classification
24.1101,vxn_reference_windows,synthetic-branch_a-15,1,classification
23.0785,vxn_reference_windows,synthetic-branch_a-15,2,classification
25.4121,vxn_reference_windows,synthetic-branch_a-15,3,classification
22.2319,vxn_reference_windows,synthetic-branch_a-15,4,classification
23.7698,vxn_reference_windows,synthetic-branch_a-16,0,classification
24.8136,vxn_reference_windows,synthetic-branch_a-16,1,classification
23.1985,vxn_reference_windows,synthetic-branch_a-16,2,classification
23.6255,vxn_reference_windows,synthetic-branch_a-16,3,classification
24.7931,vxn_reference_windows,synthetic-branch_a-16,4,classification
23.8739,vxn_reference_windows,synthetic-branch_a-17,0,classification
24.1558,vxn_reference_windows,synthetic-branch_a-17,1,classification
25.0357,vxn_reference_windows,synthetic-branch_a-17,2,classification
23.9017,vxn_reference_windows,synthetic-branch_a-17,3,classification
25.1998,vxn_reference_windows,synthetic-branch_a-17,4,classification
24.2528,vxn_reference_windows,synthetic-branch_a-18,0,classification
21.8445,vxn_reference_windows,synthetic-branch_a-18,1,classification
23.3169,vxn_reference_windows,synthetic-branch_a-18,2,classification
25.4958,vxn_reference_windows,synthetic-branch_a-18,3,classification
24.1389,vxn_reference_windows,synthetic-branch_a-18,4,classification
25.5506,vxn_reference_windows,synthetic-branch_a-19,0,classification
24.878,vxn_reference_windows,synthetic-branch_a-19,1,classification
24.1322,vxn_reference_windows,synthetic-branch_a-19,2,classification
24.1291,vxn_reference_windows,synthetic-branch_a-19,3,classification
23.0664,vxn_reference_windows,synthetic-branch_a-19,4,classification
24.36,vxn_reference_windows,synthetic-branch_a-20,0,classification
24.3936,vxn_reference_windows,synthetic-branch_a-20,1,classification
23.1267,vxn_reference_windows,synthetic-branch_a-20,2,classification
24.0934,vxn_reference_windows,synthetic-branch_a-20,3,classification
23.5259,vxn_reference_windows,synthetic-branch_a-20,4,classification
22.194,vxn_reference_windows,synthetic-branch_a-21,0,classification
22.1791,vxn_reference_windows,synthetic-branch_a-21,1,classification
22.2572,vxn_reference_windows,synthetic-branch_a-21,2,classification
22.9947,vxn_reference_windows,synthetic-branch_a-21,3,classification
25.2831,vxn_reference_windows,synthetic-branch_a-21,4,classification
24.8069,vxn_reference_windows,synthetic-branch_a-22,0,classification
23.4972,vxn_reference_windows,synthetic-branch_a-22,1,classification
24.7434,vxn_reference_windows,synthetic-branch_a-22,2,classification
23.2823,vxn_reference_windows,synthetic-branch_a-22,3,classification
23.1053,vxn_reference_windows,synthetic-branch_a-22,4,classification
24.3488,vxn_reference_windows,synthetic-branch_a-23,0,classification
23.3844,vxn_reference_windows,synthetic-branch_a-23,1,classification
22.344,vxn_reference_windows,synthetic-branch_a-23,2,classification
24.1789,vxn_reference_windows,synthetic-branch_a-23,3,classification
22.3283,vxn_reference_windows,synthetic-branch_a-23,4,classification
23.4772,vxn_reference_windows,synthetic-branch_b-00,0,classification
27.4456,vxn_reference_windows,synthetic-branch_b-00,1,classification
29.5436,vxn_reference_windows,synthetic-branch_b-00,2,classification
29.2284,vxn_reference_windows,synthetic-branch_b-00,3,classification
28.9598,vxn_reference_windows,synthetic-branch_b-00,4,classification
25.3809,vxn_reference_windows,synthetic-branch_b-01,0,classification
23.0137,vxn_reference_windows,synthetic-branch_b-01,1,classification
24.4121,vxn_reference_windows,synthetic-branch_b-01,2,classification
23.0634,vxn_reference_windows,synthetic-branch_b-01,3,classification
24.0631,vxn_reference_windows,synthetic-branch_b-01,4,classification
24.8716,vxn_reference_windows,synthetic-branch_b-02,0,classification
23.6679,vxn_reference_windows,synthetic-branch_b-02,1,classification
26.5393,vxn_reference_windows,synthetic-branch_b-02,2,classification
23.3295,vxn_reference_windows,synthetic-branch_b-02,3,classification
23.8869,vxn_reference_windows,synthetic-branch_b-02,4,classification
23.9486,vxn_reference_windows,synthetic-branch_b-03,0,classification
24.8075,vxn_reference_windows,synthetic-branch_b-03,1,classification
23.7299,vxn_reference_windows,synthetic-branch_b-03,2,classification
23.1661,vxn_reference_windows,synthetic-branch_b-03,3,classification
25.8539,vxn_reference_windows,synthetic-branch_b-03,4,classification
24.9529,vxn_reference_windows,synthetic-branch_b-04,0,classification
23.8712,vxn_reference_windows,synthetic-branch_b-04,1,classification
25.3015,vxn_reference_windows,synthetic-branch_b-04,2,classification
23.105,vxn_reference_windows,synthetic-branch_b-04,3,classification
24.21,vxn_reference_windows,synthetic-branch_b-04,4,classification
25.6339,vxn_reference_windows,synthetic-branch_b-05,0,classification
22.7572,vxn_reference_windows,synthetic-branch_b-05,1,classification
24.7454,vxn_reference_windows,synthetic-branch_b-05,2,classification
22.4203,vxn_reference_windows,synthetic-branch_b-05,3,classification
23.0821,vxn_reference_windows,synthetic-branch_b-05,4,classification
22.4877,vxn_reference_windows,synthetic-branch_b-06,0,classification
25.2726,vxn_reference_windows,synthetic-branch_b-06,1,classification
24.1865,vxn_reference_windows,synthetic-branch_b-06,2,classification
24.8197,vxn_reference_windows,synthetic-branch_b-06,3,classification
24.6356,vxn_reference_windows,synthetic-branch_b-06,4,classification
24.4941,vxn_reference_windows,synthetic-branch_b-07,0,classification
23.5495,vxn_reference_windows,synthetic-branch_b-07,1,classification
24.8098,vxn_reference_windows,synthetic-branch_b-07,2,classification
24.4163,vxn_reference_windows,synthetic-branch_b-07,3,classification
22.574,vxn_reference_windows,synthetic-branch_b-07,4,classification
21.8068,vxn_reference_windows,synthetic-branch_b-08,0,classification
26.0491,vxn_reference_windows,synthetic-branch_b-08,1,classification
23.2058,vxn_reference_windows,synthetic-branch_b-08,2,classification
24.7628,vxn_reference_windows,synthetic-branch_b-08,3,classification
23.0738,vxn_reference_windows,synthetic-branch_b-08,4,classification
24.8193,vxn_reference_windows,synthetic-branch_b-09,0,classification
23.3198,vxn_reference_windows,synthetic-branch_b-09,1,classification
22.5856,vxn_reference_windows,synthetic-branch_b-09,2,classification
26.2882,vxn_reference_windows,synthetic-branch_b-09,3,classification
23.6651,vxn_reference_windows,synthetic-branch_b-09,4,classification
23.8792,vxn_reference_windows,synthetic-branch_b-10,0,classification
22.7964,vxn_reference_windows,synthetic-branch_b-10,1,classification
23.7656,vxn_reference_windows,synthetic-branch_b-10,2,classification
24.5041,vxn_reference_windows,synthetic-branch_b-10,3,classification
24.2002,vxn_reference_windows,synthetic-branch_b-10,4,classification
25.3398,vxn_reference_windows,synthetic-branch_b-11,0,classification
24.0605,vxn_reference_windows,synthetic-branch_b-11,1,classification
25.0227,vxn_reference_windows,synthetic-branch_b-11,2,classification
27.2434,vxn_reference_windows,synthetic-branch_b-11,3,classification
27.9917,vxn_reference_windows,synthetic-branch_b-11,4,classification
23.1664,vxn_reference_windows,synthetic-branch_b-12,0,classification
25.0011,vxn_reference_windows,synthetic-branch_b-12,1,classification
23.9305,vxn_reference_windows,synthetic-branch_b-12,2,classification
25.2222,vxn_reference_windows,synthetic-branch_b-12,3,classification
23.4172,vxn_reference_windows,synthetic-branch_b-12,4,classification
22.9836,vxn_reference_windows,synthetic-branch_b-13,0,classification
28.3623,vxn_reference_windows,synthetic-branch_b-13,1,classification
26.3945,vxn_reference_windows,synthetic-branch_b-13,2,classification
25.5415,vxn_reference_windows,synthetic-branch_b-13,3,classification
25.9421,vxn_reference_windows,synthetic-branch_b-13,4,classification
23.1988,vxn_reference_windows,synthetic-branch_b-14,0,classification
22.5899,vxn_reference_windows,synthetic-branch_b-14,1,classification
24.4624,vxn_reference_windows,synthetic-branch_b-14,2,classification
25.1051,vxn_reference_windows,synthetic-branch_b-14,3,classification
23.6522,vxn_reference_windows,synthetic-branch_b-14,4,classification
24.4183,vxn_reference_windows,synthetic-branch_b-15,0,classification
23.6903,vxn_reference_windows,synthetic-branch_b-15,1,classification
26.1327,vxn_reference_windows,synthetic-branch_b-15,2,classification
24.5408,vxn_reference_windows,synthetic-branch_b-15,3,classification
25.2077,vxn_reference_windows,synthetic-branch_b-15,4,classification
23.7693,vxn_reference_windows,synthetic-branch_b-16,0,classification
24.5356,vxn_reference_windows,synthetic-branch_b-16,1,classification
22.9941,vxn_reference_windows,synthetic-branch_b-16,2,classification
24.5052,vxn_reference_windows,synthetic-branch_b-16,3,classification
22.9226,vxn_reference_windows,synthetic-branch_b-16,4,classification
25.3654,vxn_reference_windows,synthetic-branch_b-17,0,classification
21.5487,vxn_reference_windows,synthetic-branch_b-17,1,classification
22.7601,vxn_reference_windows,synthetic-branch_b-17,2,classification
23.0336,vxn_reference_windows,synthetic-branch_b-17,3,classification
22.6811,vxn_reference_windows,synthetic-branch_b-17,4,classification
22.7343,vxn_reference_windows,synthetic-branch_b-18,0,classification
22.8105,vxn_reference_windows,synthetic-branch_b-18,1,classification
25.589,vxn_reference_windows,synthetic-branch_b-18,2,classification
24.0901,vxn_reference_windows,synthetic-branch_b-18,3,classification
24.6175,vxn_reference_windows,synthetic-branch_b-18,4,classification
22.6509,vxn_reference_windows,synthetic-branch_b-19,0,classification
22.9786,vxn_reference_windows,synthetic-branch_b-19,1,classification
25.9965,vxn_reference_windows,synthetic-branch_b-19,2,classification
23.5759,vxn_reference_windows,synthetic-branch_b-19,3,classification
24.4439,vxn_reference_windows,synthetic-branch_b-19,4,classification
22.1549,vxn_reference_windows,synthetic-branch_b-20,0,classification
25.6401,vxn_reference_windows,synthetic-branch_b-20,1,classification
23.5142,vxn_reference_windows,synthetic-branch_b-20,2,classification
24.5778,vxn_reference_windows,synthetic-branch_b-20,3,classification
23.7985,vxn_reference_windows,synthetic-branch_b-20,4,classification
25.0051,vxn_reference_windows,synthetic-branch_b-21,0,classification
22.5193,vxn_reference_windows,synthetic-branch_b-21,1,classification
24.2273,vxn_reference_windows,synthetic-branch_b-21,2,classification
22.9319,vxn_reference_windows,synthetic-branch_b-21,3,classification
22.9207,vxn_reference_windows,synthetic-branch_b-21,4,classification
23.8073,vxn_reference_windows,synthetic-branch_b-22,0,classification
23.4081,vxn_reference_windows,synthetic-branch_b-22,1,classification
23.3013,vxn_reference_windows,synthetic-branch_b-22,2,classification
23.9706,vxn_reference_windows,synthetic-branch_b-22,3,classification
23.1926,vxn_reference_windows,synthetic-branch_b-22,4,classification
25.3585,vxn_reference_windows,synthetic-branch_b-23,0,classification
22.6923,vxn_reference_windows,synthetic-branch_b-23,1,classification
24.4339,vxn_reference_windows,synthetic-branch_b-23,2,classification
23.8978,vxn_reference_windows,synthetic-branch_b-23,3,classification
22.2004,vxn_reference_windows,synthetic-branch_b-23,4,classification
25.4705,vxn_reference_windows,synthetic-unknown-00,0,classification
23.5489,vxn_reference_windows,synthetic-unknown-00,1,classification
25.4191,vxn_reference_windows,synthetic-unknown-00,2,classification
23.8413,vxn_reference_windows,synthetic-unknown-00,3,classification
22.5925,vxn_reference_windows,synthetic-unknown-00,4,classification
26.8299,vxn_reference_windows,synthetic-unknown-01,0,classification
23.9762,vxn_reference_windows,synthetic-unknown-01,1,classification
24.5545,vxn_reference_windows,synthetic-unknown-01,2,classification
23.0105,vxn_reference_windows,synthetic-unknown-01,3,classification
22.9045,vxn_reference_windows,synthetic-unknown-01,4,classification
25.5232,vxn_reference_windows,synthetic-unknown-02,0,classification
23.1512,vxn_reference_windows,synthetic-unknown-02,1,classification
25.6386,vxn_reference_windows,synthetic-unknown-02,2,classification
23.0752,vxn_reference_windows,synthetic-unknown-02,3,classification
23.3151,vxn_reference_windows,synthetic-unknown-02,4,classification
24.7832,vxn_reference_windows,synthetic-unknown-03,0,classification
22.7814,vxn_reference_windows,synthetic-unknown-03,1,classification
24.9015,vxn_reference_windows,synthetic-unknown-03,2,classification
23.481,vxn_reference_windows,synthetic-unknown-03,3,classification
23.3351,vxn_reference_windows,synthetic-unknown-03,4,classification
23.5859,vxn_reference_windows,synthetic-unknown-04,0,classification
23.1938,vxn_reference_windows,synthetic-unknown-04,1,classification
22.1078,vxn_reference_windows,synthetic-unknown-04,2,classification
24.9511,vxn_reference_windows,synthetic-unknown-04,3,classification
23.5316,vxn_reference_windows,synthetic-unknown-04,4,classification
24.7318,vxn_reference_windows,synthetic-unknown-05,0,classification
22.6876,vxn_reference_windows,synthetic-unknown-05,1,classification
22.773,vxn_reference_windows,synthetic-unknown-05,2,classification
25.5851,vxn_reference_windows,synthetic-unknown-05,3,classification
22.7713,vxn_reference_windows,synthetic-unknown-05,4,classification
23.3036,vxn_reference_windows,synthetic-unknown-06,0,classification
24.2403,vxn_reference_windows,synthetic-unknown-06,1,classification
23.0056,vxn_reference_windows,synthetic-unknown-06,2,classification
23.36,vxn_reference_windows,synthetic-unknown-06,3,classification
22.2145,vxn_reference_windows,synthetic-unknown-06,4,classification
23.458,vxn_reference_windows,synthetic-unknown-07,0,classification
25.7536,vxn_reference_windows,synthetic-unknown-07,1,classification
22.7118,vxn_reference_windows,synthetic-unknown-07,2,classification
24.708,vxn_reference_windows,synthetic-unknown-07,3,classification
24.5941,vxn_reference_windows,synthetic-unknown-07,4,classification
23.7104,vxn_reference_windows,synthetic-unknown-08,0,classification
23.457,vxn_reference_windows,synthetic-unknown-08,1,classification
23.0756,vxn_reference_windows,synthetic-unknown-08,2,classification
23.9425,vxn_reference_windows,synthetic-unknown-08,3,classification
22.5473,vxn_reference_windows,synthetic-unknown-08,4,classification
24.0455,vxn_reference_windows,synthetic-unknown-09,0,classification
23.849,vxn_reference_windows,synthetic-unknown-09,1,classification
23.332,vxn_reference_windows,synthetic-unknown-09,2,classification
22.8839,vxn_reference_windows,synthetic-unknown-09,3,classification
26.3437,vxn_reference_windows,synthetic-unknown-09,4,classification
23.1184,vxn_reference_windows,synthetic-unknown-10,0,classification
23.8933,vxn_reference_windows,synthetic-unknown-10,1,classification
23.2879,vxn_reference_windows,synthetic-unknown-10,2,classification
28.4926,vxn_reference_windows,synthetic-unknown-10,3,classification
25.6895,vxn_reference_windows,synthetic-unknown-10,4,classification
24.5941,vxn_reference_windows,synthetic-unknown-11,0,classification
22.0032,vxn_reference_windows,synthetic-unknown-11,1,classification
22.593,vxn_reference_windows,synthetic-unknown-11,2,classification
23.7555,vxn_reference_windows,synthetic-unknown-11,3,classification
24.542,vxn_reference_windows,synthetic-unknown-11,4,classification
23.2529,vxn_reference_windows,synthetic-unknown-12,0,classification
24.3648,vxn_reference_windows,synthetic-unknown-12,1,classification
23.594,vxn_reference_windows,synthetic-unknown-12,2,classification
28.9882,vxn_reference_windows,synthetic-unknown-12,3,classification
26.7443,vxn_reference_windows,synthetic-unknown-12,4,classification
24.6322,vxn_reference_windows,synthetic-unknown-13,0,classification
22.375,vxn_reference_windows,synthetic-unknown-13,1,classification
23.8868,vxn_reference_windows,synthetic-unknown-13,2,classification
23.697,vxn_reference_windows,synthetic-unknown-13,3,classification
23.8983,vxn_reference_windows,synthetic-unknown-13,4,classification
25.3309,vxn_reference_windows,synthetic-unknown-14,0,classification
23.328,vxn_reference_windows,synthetic-unknown-14,1,classification
25.861,vxn_reference_windows,synthetic-unknown-14,2,classification
23.8251,vxn_reference_windows,synthetic-unknown-14,3,classification
24.079,vxn_reference_windows,synthetic-unknown-14,4,classification
25.3772,vxn_reference_windows,synthetic-unknown-15,0,classification
22.5221,vxn_reference_windows,synthetic-unknown-15,1,classification
24.1754,vxn_reference_windows,synthetic-unknown-15,2,classification
22.5531,vxn_reference_windows,synthetic-unknown-15,3,classification
26.1779,vxn_reference_windows,synthetic-unknown-15,4,classification
23.1784,vxn_reference_windows,synthetic-unknown-16,0,classification
23.0218,vxn_reference_windows,synthetic-unknown-16,1,classification
24.4609,vxn_reference_windows,synthetic-unknown-16,2,classification
23.2509,vxn_reference_windows,synthetic-unknown-16,3,classification
24.1562,vxn_reference_windows,synthetic-unknown-16,4,classification
24.1875,vxn_reference_windows,synthetic-unknown-17,0,classification
24.688,vxn_reference_windows,synthetic-unknown-17,1,classification
23.701,vxn_reference_windows,synthetic-unknown-17,2,classification
24.9659,vxn_reference_windows,synthetic-unknown-17,3,classification
24.8858,vxn_reference_windows,synthetic-unknown-17,4,classification
22.5823,vxn_reference_windows,synthetic-unknown-18,0,classification
25.8346,vxn_reference_windows,synthetic-unknown-18,1,classification
23.1885,vxn_reference_windows,synthetic-unknown-18,2,classification
24.8853,vxn_reference_windows,synthetic-unknown-18,3,classification
22.8942,vxn_reference_windows,synthetic-unknown-18,4,classification
22.8845,vxn_reference_windows,synthetic-unknown-19,0,classification
24.3121,vxn_reference_windows,synthetic-unknown-19,1,classification
22.6968,vxn_reference_windows,synthetic-unknown-19,2,classification
23.8242,vxn_reference_windows,synthetic-unknown-19,3,classification
22.9185,vxn_reference_windows,synthetic-unknown-19,4,classification
22.7313,vxn_reference_windows,synthetic-unknown-20,0,classification
25.4756,vxn_reference_windows,synthetic-unknown-20,1,classification
23.3779,vxn_reference_windows,synthetic-unknown-20,2,classification
24.7543,vxn_reference_windows,synthetic-unknown-20,3,classification
22.4772,vxn_reference_windows,synthetic-unknown-20,4,classification
23.5533,vxn_reference_windows,synthetic-unknown-21,0,classification
24.4958,vxn_reference_windows,synthetic-unknown-21,1,classification
23.5432,vxn_reference_windows,synthetic-unknown-21,2,classification
23.9563,vxn_reference_windows,synthetic-unknown-21,3,classification
23.4517,vxn_reference_windows,synthetic-unknown-21,4,classification
23.0341,vxn_reference_windows,synthetic-unknown-22,0,classification
24.4401,vxn_reference_windows,synthetic-unknown-22,1,classification
22.3933,vxn_reference_windows,synthetic-unknown-22,2,classification
23.1508,vxn_reference_windows,synthetic-unknown-22,3,classification
24.2413,vxn_reference_windows,synthetic-unknown-22,4,classification
22.89,vxn_reference_windows,synthetic-unknown-23,0,classification
23.7208,vxn_reference_windows,synthetic-unknown-23,1,classification
22.2985,vxn_reference_windows,synthetic-unknown-23,2,classification
22.5631,vxn_reference_windows,synthetic-unknown-23,3,classification
24.7173,vxn_reference_windows,synthetic-unknown-23,4,classification
23.0495,vxn_reference_windows,synthetic-ambiguous-00,0,classification
24.0622,vxn_reference_windows,synthetic-ambiguous-00,1,classification
23.6569,vxn_reference_windows,synthetic-ambiguous-00,2,classification
23.3775,vxn_reference_windows,synthetic-ambiguous-00,3,classification
25.0545,vxn_reference_windows,synthetic-ambiguous-00,4,classification
24.4386,vxn_reference_windows,synthetic-ambiguous-01,0,classification
25.5645,vxn_reference_windows,synthetic-ambiguous-01,1,classification
23.6459,vxn_reference_windows,synthetic-ambiguous-01,2,classification
25.0769,vxn_reference_windows,synthetic-ambiguous-01,3,classification
21.9136,vxn_reference_windows,synthetic-ambiguous-01,4,classification
23.2357,vxn_reference_windows,synthetic-ambiguous-02,0,classification
24.8071,vxn_reference_windows,synthetic-ambiguous-02,1,classification
23.0933,vxn_reference_windows,synthetic-ambiguous-02,2,classification
24.6666,vxn_reference_windows,synthetic-ambiguous-02,3,classification
22.8466,vxn_reference_windows,synthetic-ambiguous-02,4,classification
23.0169,vxn_reference_windows,synthetic-ambiguous-03,0,classification
23.8281,vxn_reference_windows,synthetic-ambiguous-03,1,classification
22.0986,vxn_reference_windows,synthetic-ambiguous-03,2,classification
24.4169,vxn_reference_windows,synthetic-ambiguous-03,3,classification
23.7156,vxn_reference_windows,synthetic-ambiguous-03,4,classification
21.4576,vxn_reference_windows,synthetic-ambiguous-04,0,classification
25.1133,vxn_reference_windows,synthetic-ambiguous-04,1,classification
22.3954,vxn_reference_windows,synthetic-ambiguous-04,2,classification
25.1934,vxn_reference_windows,synthetic-ambiguous-04,3,classification
22.0309,vxn_reference_windows,synthetic-ambiguous-04,4,classification
22.0675,vxn_reference_windows,synthetic-ambiguous-05,0,classification
22.8628,vxn_reference_windows,synthetic-ambiguous-05,1,classification
23.6303,vxn_reference_windows,synthetic-ambiguous-05,2,classification
23.382,vxn_reference_windows,synthetic-ambiguous-05,3,classification
24.5794,vxn_reference_windows,synthetic-ambiguous-05,4,classification
23.5817,vxn_reference_windows,synthetic-ambiguous-06,0,classification
23.8547,vxn_reference_windows,synthetic-ambiguous-06,1,classification
24.4898,vxn_reference_windows,synthetic-ambiguous-06,2,classification
23.7926,vxn_reference_windows,synthetic-ambiguous-06,3,classification
24.7351,vxn_reference_windows,synthetic-ambiguous-06,4,classification
23.6058,vxn_reference_windows,synthetic-ambiguous-07,0,classification
22.4666,vxn_reference_windows,synthetic-ambiguous-07,1,classification
25.136,vxn_reference_windows,synthetic-ambiguous-07,2,classification
22.7966,vxn_reference_windows,synthetic-ambiguous-07,3,classification
22.9214,vxn_reference_windows,synthetic-ambiguous-07,4,classification
24.5848,vxn_reference_windows,synthetic-ambiguous-08,0,classification
23.3147,vxn_reference_windows,synthetic-ambiguous-08,1,classification
24.2358,vxn_reference_windows,synthetic-ambiguous-08,2,classification
22.908,vxn_reference_windows,synthetic-ambiguous-08,3,classification
25.3275,vxn_reference_windows,synthetic-ambiguous-08,4,classification
23.3994,vxn_reference_windows,synthetic-ambiguous-09,0,classification
21.8393,vxn_reference_windows,synthetic-ambiguous-09,1,classification
24.9238,vxn_reference_windows,synthetic-ambiguous-09,2,classification
24.4221,vxn_reference_windows,synthetic-ambiguous-09,3,classification
23.5275,vxn_reference_windows,synthetic-ambiguous-09,4,classification
25.1166,vxn_reference_windows,synthetic-ambiguous-10,0,classification
25.3103,vxn_reference_windows,synthetic-ambiguous-10,1,classification
27.1337,vxn_reference_windows,synthetic-ambiguous-10,2,classification
25.3463,vxn_reference_windows,synthetic-ambiguous-10,3,classification
24.2825,vxn_reference_windows,synthetic-ambiguous-10,4,classification
23.4175,vxn_reference_windows,synthetic-ambiguous-11,0,classification
23.3927,vxn_reference_windows,synthetic-ambiguous-11,1,classification
24.7616,vxn_reference_windows,synthetic-ambiguous-11,2,classification
25.897,vxn_reference_windows,synthetic-ambiguous-11,3,classification
23.9684,vxn_reference_windows,synthetic-ambiguous-11,4,classification
2.2394,vxn_disjoint_best,synthetic-branch_a-00,0,classification
3.4549,vxn_disjoint_best,synthetic-branch_a-00,1,classification
2.4433,vxn_disjoint_best,synthetic-branch_a-00,2,classification
2.0878,vxn_disjoint_best,synthetic-branch_a-00,3,classification
2.2845,vxn_disjoint_best,synthetic-branch_a-00,4,classification
2.2521,vxn_disjoint_best,synthetic-branch_a-01,0,classification
2.478,vxn_disjoint_best,synthetic-branch_a-01,1,classification
2.1248,vxn_disjoint_best,synthetic-branch_a-01,2,classification
2.1013,vxn_disjoint_best,synthetic-branch_a-01,3,classification
1.9667,vxn_disjoint_best,synthetic-branch_a-01,4,classification
1.9745,vxn_disjoint_best,synthetic-branch_a-02,0,classification
2.0373,vxn_disjoint_best,synthetic-branch_a-02,1,classification
1.9512,vxn_disjoint_best,synthetic-branch_a-02,2,classification
1.9368,vxn_disjoint_best,synthetic-branch_a-02,3,classification
1.9391,vxn_disjoint_best,synthetic-branch_a-02,4,classification
1.9884,vxn_disjoint_best,synthetic-branch_a-03,0,classification
1.9478,vxn_disjoint_best,synthetic-branch_a-03,1,classification
2.3217,vxn_disjoint_best,synthetic-branch_a-03,2,classification
2.1526,vxn_disjoint_best,synthetic-branch_a-03,3,classification
1.9389,vxn_disjoint_best,synthetic-branch_a-03,4,classification
1.8664,vxn_disjoint_best,synthetic-branch_a-04,0,classification
1.8385,vxn_disjoint_best,synthetic-branch_a-04,1,classification
1.8338,vxn_disjoint_best,synthetic-branch_a-04,2,classification
1.8284,vxn_disjoint_best,synthetic-branch_a-04,3,classification
1.8253,vxn_disjoint_best,synthetic-branch_a-04,4,classification
1.8766,vxn_disjoint_best,synthetic-branch_a-05,0,classification
1.8547,vxn_disjoint_best,synthetic-branch_a-05,1,classification
1.8242,vxn_disjoint_best,synthetic-branch_a-05,2,classification
1.8244,vxn_disjoint_best,synthetic-branch_a-05,3,classification
1.8226,vxn_disjoint_best,synthetic-branch_a-05,4,classification
2.092,vxn_disjoint_best,synthetic-branch_a-06,0,classification
2.0803,vxn_disjoint_best,synthetic-branch_a-06,1,classification
1.8278,vxn_disjoint_best,synthetic-branch_a-06,2,classification
1.8212,vxn_disjoint_best,synthetic-branch_a-06,3,classification
1.8173,vxn_disjoint_best,synthetic-branch_a-06,4,classification
2.3896,vxn_disjoint_best,synthetic-branch_a-07,0,classification
1.9962,vxn_disjoint_best,synthetic-branch_a-07,1,classification
1.9496,vxn_disjoint_best,synthetic-branch_a-07,2,classification
1.9388,vxn_disjoint_best,synthetic-branch_a-07,3,classification
1.9342,vxn_disjoint_best,synthetic-branch_a-07,4,classification
1.8809,vxn_disjoint_best,synthetic-branch_a-08,0,classification
1.8493,vxn_disjoint_best,synthetic-branch_a-08,1,classification
1.8361,vxn_disjoint_best,synthetic-branch_a-08,2,classification
2.1158,vxn_disjoint_best,synthetic-branch_a-08,3,classification
2.0945,vxn_disjoint_best,synthetic-branch_a-08,4,classification
2.2508,vxn_disjoint_best,synthetic-branch_a-09,0,classification
1.9108,vxn_disjoint_best,synthetic-branch_a-09,1,classification
1.846,vxn_disjoint_best,synthetic-branch_a-09,2,classification
1.8391,vxn_disjoint_best,synthetic-branch_a-09,3,classification
1.9828,vxn_disjoint_best,synthetic-branch_a-09,4,classification
1.8746,vxn_disjoint_best,synthetic-branch_a-10,0,classification
1.834,vxn_disjoint_best,synthetic-branch_a-10,1,classification
2.2647,vxn_disjoint_best,synthetic-branch_a-10,2,classification
1.9945,vxn_disjoint_best,synthetic-branch_a-10,3,classification
1.9407,vxn_disjoint_best,synthetic-branch_a-10,4,classification
2.0005,vxn_disjoint_best,synthetic-branch_a-11,0,classification
1.9496,vxn_disjoint_best,synthetic-branch_a-11,1,classification
1.938,vxn_disjoint_best,synthetic-branch_a-11,2,classification
1.9267,vxn_disjoint_best,synthetic-branch_a-11,3,classification
1.9215,vxn_disjoint_best,synthetic-branch_a-11,4,classification
2.0462,vxn_disjoint_best,synthetic-branch_a-12,0,classification
1.9879,vxn_disjoint_best,synthetic-branch_a-12,1,classification
1.9796,vxn_disjoint_best,synthetic-branch_a-12,2,classification
1.9657,vxn_disjoint_best,synthetic-branch_a-12,3,classification
1.9573,vxn_disjoint_best,synthetic-branch_a-12,4,classification
2.0111,vxn_disjoint_best,synthetic-branch_a-13,0,classification
2.3541,vxn_disjoint_best,synthetic-branch_a-13,1,classification
2.0188,vxn_disjoint_best,synthetic-branch_a-13,2,classification
1.9543,vxn_disjoint_best,synthetic-branch_a-13,3,classification
2.1246,vxn_disjoint_best,synthetic-branch_a-13,4,classification
1.9864,vxn_disjoint_best,synthetic-branch_a-14,0,classification
1.95,vxn_disjoint_best,synthetic-branch_a-14,1,classification
1.9406,vxn_disjoint_best,synthetic-branch_a-14,2,classification
2.0295,vxn_disjoint_best,synthetic-branch_a-14,3,classification
1.9455,vxn_disjoint_best,synthetic-branch_a-14,4,classification
1.9974,vxn_disjoint_best,synthetic-branch_a-15,0,classification
1.9492,vxn_disjoint_best,synthetic-branch_a-15,1,classification
1.9401,vxn_disjoint_best,synthetic-branch_a-15,2,classification
1.9405,vxn_disjoint_best,synthetic-branch_a-15,3,classification
2.5283,vxn_disjoint_best,synthetic-branch_a-15,4,classification
2.035,vxn_disjoint_best,synthetic-branch_a-16,0,classification
1.965,vxn_disjoint_best,synthetic-branch_a-16,1,classification
1.9741,vxn_disjoint_best,synthetic-branch_a-16,2,classification
1.9416,vxn_disjoint_best,synthetic-branch_a-16,3,classification
2.4153,vxn_disjoint_best,synthetic-branch_a-16,4,classification
2.0121,vxn_disjoint_best,synthetic-branch_a-17,0,classification
1.9797,vxn_disjoint_best,synthetic-branch_a-17,1,classification
1.9509,vxn_disjoint_best,synthetic-branch_a-17,2,classification
1.9304,vxn_disjoint_best,synthetic-branch_a-17,3,classification
3.953,vxn_disjoint_best,synthetic-branch_a-17,4,classification
2.0707,vxn_disjoint_best,synthetic-branch_a-18,0,classification
1.9703,vxn_disjoint_best,synthetic-branch_a-18,1,classification
1.9502,vxn_disjoint_best,synthetic-branch_a-18,2,classification
2.7659,vxn_disjoint_best,synthetic-branch_a-18,3,classification
2.0597,vxn_disjoint_best,synthetic-branch_a-18,4,classification
2.4002,vxn_disjoint_best,synthetic-branch_a-19,0,classification
2.0829,vxn_disjoint_best,synthetic-branch_a-19,1,classification
2.6077,vxn_disjoint_best,synthetic-branch_a-19,2,classification
2.5216,vxn_disjoint_best,synthetic-branch_a-19,3,classification
2.0002,vxn_disjoint_best,synthetic-branch_a-19,4,classification
1.9941,vxn_disjoint_best,synthetic-branch_a-20,0,classification
1.9594,vxn_disjoint_best,synthetic-branch_a-20,1,classification
2.7564,vxn_disjoint_best,synthetic-branch_a-20,2,classification
2.1546,vxn_disjoint_best,synthetic-branch_a-20,3,classification
2.0002,vxn_disjoint_best,synthetic-branch_a-20,4,classification
1.9947,vxn_disjoint_best,synthetic-branch_a-21,0,classification
2.2634,vxn_disjoint_best,synthetic-branch_a-21,1,classification
2.4866,vxn_disjoint_best,synthetic-branch_a-21,2,classification
1.9976,vxn_disjoint_best,synthetic-branch_a-21,3,classification
1.9556,vxn_disjoint_best,synthetic-branch_a-21,4,classification
1.9954,vxn_disjoint_best,synthetic-branch_a-22,0,classification
2.4139,vxn_disjoint_best,synthetic-branch_a-22,1,classification
2.919,vxn_disjoint_best,synthetic-branch_a-22,2,classification
1.9928,vxn_disjoint_best,synthetic-branch_a-22,3,classification
1.9843,vxn_disjoint_best,synthetic-branch_a-22,4,classification
2.1256,vxn_disjoint_best,synthetic-branch_a-23,0,classification
2.3979,vxn_disjoint_best,synthetic-branch_a-23,1,classification
2.0474,vxn_disjoint_best,synthetic-branch_a-23,2,classification
1.9752,vxn_disjoint_best,synthetic-branch_a-23,3,classification
2.0525,vxn_disjoint_best,synthetic-branch_a-23,4,classification
2.2279,vxn_disjoint_best,synthetic-branch_b-00,0,classification
2.663,vxn_disjoint_best,synthetic-branch_b-00,1,classification
2.0253,vxn_disjoint_best,synthetic-branch_b-00,2,classification
2.0613,vxn_disjoint_best,synthetic-branch_b-00,3,classification
1.948,vxn_disjoint_best,synthetic-branch_b-00,4,classification
2.9284,vxn_disjoint_best,synthetic-branch_b-01,0,classification
2.0839,vxn_disjoint_best,synthetic-branch_b-01,1,classification
1.9647,vxn_disjoint_best,synthetic-branch_b-01,2,classification
1.9512,vxn_disjoint_best,synthetic-branch_b-01,3,classification
1.9514,vxn_disjoint_best,synthetic-branch_b-01,4,classification
2.257,vxn_disjoint_best,synthetic-branch_b-02,0,classification
2.0244,vxn_disjoint_best,synthetic-branch_b-02,1,classification
2.2263,vxn_disjoint_best,synthetic-branch_b-02,2,classification
2.1696,vxn_disjoint_best,synthetic-branch_b-02,3,classification
2.0412,vxn_disjoint_best,synthetic-branch_b-02,4,classification
2.0697,vxn_disjoint_best,synthetic-branch_b-03,0,classification
2.0333,vxn_disjoint_best,synthetic-branch_b-03,1,classification
2.0144,vxn_disjoint_best,synthetic-branch_b-03,2,classification
2.0906,vxn_disjoint_best,synthetic-branch_b-03,3,classification
1.9893,vxn_disjoint_best,synthetic-branch_b-03,4,classification
2.056,vxn_disjoint_best,synthetic-branch_b-04,0,classification
1.9793,vxn_disjoint_best,synthetic-branch_b-04,1,classification
1.9474,vxn_disjoint_best,synthetic-branch_b-04,2,classification
1.9329,vxn_disjoint_best,synthetic-branch_b-04,3,classification
3.2218,vxn_disjoint_best,synthetic-branch_b-04,4,classification
2.0013,vxn_disjoint_best,synthetic-branch_b-05,0,classification
1.964,vxn_disjoint_best,synthetic-branch_b-05,1,classification
1.9593,vxn_disjoint_best,synthetic-branch_b-05,2,classification
2.2395,vxn_disjoint_best,synthetic-branch_b-05,3,classification
3.485,vxn_disjoint_best,synthetic-branch_b-05,4,classification
1.9922,vxn_disjoint_best,synthetic-branch_b-06,0,classification
1.9511,vxn_disjoint_best,synthetic-branch_b-06,1,classification
1.9518,vxn_disjoint_best,synthetic-branch_b-06,2,classification
3.1082,vxn_disjoint_best,synthetic-branch_b-06,3,classification
2.3564,vxn_disjoint_best,synthetic-branch_b-06,4,classification
1.9704,vxn_disjoint_best,synthetic-branch_b-07,0,classification
1.9412,vxn_disjoint_best,synthetic-branch_b-07,1,classification
2.5348,vxn_disjoint_best,synthetic-branch_b-07,2,classification
2.7267,vxn_disjoint_best,synthetic-branch_b-07,3,classification
1.9582,vxn_disjoint_best,synthetic-branch_b-07,4,classification
1.962,vxn_disjoint_best,synthetic-branch_b-08,0,classification
2.3954,vxn_disjoint_best,synthetic-branch_b-08,1,classification
2.8691,vxn_disjoint_best,synthetic-branch_b-08,2,classification
2.2643,vxn_disjoint_best,synthetic-branch_b-08,3,classification
1.9761,vxn_disjoint_best,synthetic-branch_b-08,4,classification
1.8599,vxn_disjoint_best,synthetic-branch_b-09,0,classification
2.2458,vxn_disjoint_best,synthetic-branch_b-09,1,classification
3.1359,vxn_disjoint_best,synthetic-branch_b-09,2,classification
1.8997,vxn_disjoint_best,synthetic-branch_b-09,3,classification
1.8479,vxn_disjoint_best,synthetic-branch_b-09,4,classification
1.8617,vxn_disjoint_best,synthetic-branch_b-10,0,classification
2.2452,vxn_disjoint_best,synthetic-branch_b-10,1,classification
3.2512,vxn_disjoint_best,synthetic-branch_b-10,2,classification
2.1162,vxn_disjoint_best,synthetic-branch_b-10,3,classification
1.8624,vxn_disjoint_best,synthetic-branch_b-10,4,classification
2.0938,vxn_disjoint_best,synthetic-branch_b-11,0,classification
2.6874,vxn_disjoint_best,synthetic-branch_b-11,1,classification
2.6744,vxn_disjoint_best,synthetic-branch_b-11,2,classification
1.8896,vxn_disjoint_best,synthetic-branch_b-11,3,classification
1.8506,vxn_disjoint_best,synthetic-branch_b-11,4,classification
1.8572,vxn_disjoint_best,synthetic-branch_b-12,0,classification
2.5697,vxn_disjoint_best,synthetic-branch_b-12,1,classification
2.9098,vxn_disjoint_best,synthetic-branch_b-12,2,classification
2.0744,vxn_disjoint_best,synthetic-branch_b-12,3,classification
1.9598,vxn_disjoint_best,synthetic-branch_b-12,4,classification
1.8318,vxn_disjoint_best,synthetic-branch_b-13,0,classification
2.5992,vxn_disjoint_best,synthetic-branch_b-13,1,classification
2.4275,vxn_disjoint_best,synthetic-branch_b-13,2,classification
1.8395,vxn_disjoint_best,synthetic-branch_b-13,3,classification
1.8217,vxn_disjoint_best,synthetic-branch_b-13,4,classification
1.8439,vxn_disjoint_best,synthetic-branch_b-14,0,classification
2.1158,vxn_disjoint_best,synthetic-branch_b-14,1,classification
2.9786,vxn_disjoint_best,synthetic-branch_b-14,2,classification
1.9396,vxn_disjoint_best,synthetic-branch_b-14,3,classification
1.8522,vxn_disjoint_best,synthetic-branch_b-14,4,classification
1.8566,vxn_disjoint_best,synthetic-branch_b-15,0,classification
2.2284,vxn_disjoint_best,synthetic-branch_b-15,1,classification
2.9604,vxn_disjoint_best,synthetic-branch_b-15,2,classification
1.9529,vxn_disjoint_best,synthetic-branch_b-15,3,classification
1.859,vxn_disjoint_best,synthetic-branch_b-15,4,classification
1.863,vxn_disjoint_best,synthetic-branch_b-16,0,classification
2.2315,vxn_disjoint_best,synthetic-branch_b-16,1,classification
2.9876,vxn_disjoint_best,synthetic-branch_b-16,2,classification
2.4161,vxn_disjoint_best,synthetic-branch_b-16,3,classification
2.0861,vxn_disjoint_best,synthetic-branch_b-16,4,classification
1.8644,vxn_disjoint_best,synthetic-branch_b-17,0,classification
3.7603,vxn_disjoint_best,synthetic-branch_b-17,1,classification
2.4385,vxn_disjoint_best,synthetic-branch_b-17,2,classification
1.9657,vxn_disjoint_best,synthetic-branch_b-17,3,classification
1.9631,vxn_disjoint_best,synthetic-branch_b-17,4,classification
3.2512,vxn_disjoint_best,synthetic-branch_b-18,0,classification
2.7624,vxn_disjoint_best,synthetic-branch_b-18,1,classification
2.7224,vxn_disjoint_best,synthetic-branch_b-18,2,classification
2.2236,vxn_disjoint_best,synthetic-branch_b-18,3,classification
2.0403,vxn_disjoint_best,synthetic-branch_b-18,4,classification
2.5851,vxn_disjoint_best,synthetic-branch_b-19,0,classification
2.0708,vxn_disjoint_best,synthetic-branch_b-19,1,classification
2.0801,vxn_disjoint_best,synthetic-branch_b-19,2,classification
2.744,vxn_disjoint_best,synthetic-branch_b-19,3,classification
2.2895,vxn_disjoint_best,synthetic-branch_b-19,4,classification
2.0022,vxn_disjoint_best,synthetic-branch_b-20,0,classification
1.9452,vxn_disjoint_best,synthetic-branch_b-20,1,classification
1.9392,vxn_disjoint_best,synthetic-branch_b-20,2,classification
1.9299,vxn_disjoint_best,synthetic-branch_b-20,3,classification
1.9301,vxn_disjoint_best,synthetic-branch_b-20,4,classification
2.0036,vxn_disjoint_best,synthetic-branch_b-21,0,classification
1.9681,vxn_disjoint_best,synthetic-branch_b-21,1,classification
1.9583,vxn_disjoint_best,synthetic-branch_b-21,2,classification
1.9429,vxn_disjoint_best,synthetic-branch_b-21,3,classification
1.9447,vxn_disjoint_best,synthetic-branch_b-21,4,classification
1.9848,vxn_disjoint_best,synthetic-branch_b-22,0,classification
1.9464,vxn_disjoint_best,synthetic-branch_b-22,1,classification
2.2853,vxn_disjoint_best,synthetic-branch_b-22,2,classification
2.1032,vxn_disjoint_best,synthetic-branch_b-22,3,classification
2.5341,vxn_disjoint_best,synthetic-branch_b-22,4,classification
2.389,vxn_disjoint_best,synthetic-branch_b-23,0,classification
1.9725,vxn_disjoint_best,synthetic-branch_b-23,1,classification
1.9456,vxn_disjoint_best,synthetic-branch_b-23,2,classification
1.9395,vxn_disjoint_best,synthetic-branch_b-23,3,classification
3.6638,vxn_disjoint_best,synthetic-branch_b-23,4,classification
2.0043,vxn_disjoint_best,synthetic-unknown-00,0,classification
2.1523,vxn_disjoint_best,synthetic-unknown-00,1,classification
2.1745,vxn_disjoint_best,synthetic-unknown-00,2,classification
2.7865,vxn_disjoint_best,synthetic-unknown-00,3,classification
2.6528,vxn_disjoint_best,synthetic-unknown-00,4,classification
1.9207,vxn_disjoint_best,synthetic-unknown-01,0,classification
1.8524,vxn_disjoint_best,synthetic-unknown-01,1,classification
1.8422,vxn_disjoint_best,synthetic-unknown-01,2,classification
1.8308,vxn_disjoint_best,synthetic-unknown-01,3,classification
1.8267,vxn_disjoint_best,synthetic-unknown-01,4,classification
2.0125,vxn_disjoint_best,synthetic-unknown-02,0,classification
2.4224,vxn_disjoint_best,synthetic-unknown-02,1,classification
1.901,vxn_disjoint_best,synthetic-unknown-02,2,classification
1.8448,vxn_disjoint_best,synthetic-unknown-02,3,classification
1.831,vxn_disjoint_best,synthetic-unknown-02,4,classification
1.9108,vxn_disjoint_best,synthetic-unknown-03,0,classification
1.846,vxn_disjoint_best,synthetic-unknown-03,1,classification
1.8484,vxn_disjoint_best,synthetic-unknown-03,2,classification
1.8383,vxn_disjoint_best,synthetic-unknown-03,3,classification
1.8253,vxn_disjoint_best,synthetic-unknown-03,4,classification
2.0809,vxn_disjoint_best,synthetic-unknown-04,0,classification
1.8989,vxn_disjoint_best,synthetic-unknown-04,1,classification
1.8537,vxn_disjoint_best,synthetic-unknown-04,2,classification
1.8405,vxn_disjoint_best,synthetic-unknown-04,3,classification
1.8679,vxn_disjoint_best,synthetic-unknown-04,4,classification
1.8963,vxn_disjoint_best,synthetic-unknown-05,0,classification
1.8584,vxn_disjoint_best,synthetic-unknown-05,1,classification
1.8338,vxn_disjoint_best,synthetic-unknown-05,2,classification
1.8294,vxn_disjoint_best,synthetic-unknown-05,3,classification
1.8384,vxn_disjoint_best,synthetic-unknown-05,4,classification
2.0291,vxn_disjoint_best,synthetic-unknown-06,0,classification
1.8649,vxn_disjoint_best,synthetic-unknown-06,1,classification
1.8397,vxn_disjoint_best,synthetic-unknown-06,2,classification
1.8819,vxn_disjoint_best,synthetic-unknown-06,3,classification
1.9227,vxn_disjoint_best,synthetic-unknown-06,4,classification
1.9783,vxn_disjoint_best,synthetic-unknown-07,0,classification
1.941,vxn_disjoint_best,synthetic-unknown-07,1,classification
1.9266,vxn_disjoint_best,synthetic-unknown-07,2,classification
1.8296,vxn_disjoint_best,synthetic-unknown-07,3,classification
1.8251,vxn_disjoint_best,synthetic-unknown-07,4,classification
2.0782,vxn_disjoint_best,synthetic-unknown-08,0,classification
2.0194,vxn_disjoint_best,synthetic-unknown-08,1,classification
1.9797,vxn_disjoint_best,synthetic-unknown-08,2,classification
1.9494,vxn_disjoint_best,synthetic-unknown-08,3,classification
2.4744,vxn_disjoint_best,synthetic-unknown-08,4,classification
2.2528,vxn_disjoint_best,synthetic-unknown-09,0,classification
2.0512,vxn_disjoint_best,synthetic-unknown-09,1,classification
1.8785,vxn_disjoint_best,synthetic-unknown-09,2,classification
1.8548,vxn_disjoint_best,synthetic-unknown-09,3,classification
1.8537,vxn_disjoint_best,synthetic-unknown-09,4,classification
1.9862,vxn_disjoint_best,synthetic-unknown-10,0,classification
2.1398,vxn_disjoint_best,synthetic-unknown-10,1,classification
1.9416,vxn_disjoint_best,synthetic-unknown-10,2,classification
1.853,vxn_disjoint_best,synthetic-unknown-10,3,classification
1.8358,vxn_disjoint_best,synthetic-unknown-10,4,classification
1.9873,vxn_disjoint_best,synthetic-unknown-11,0,classification
1.9453,vxn_disjoint_best,synthetic-unknown-11,1,classification
1.9363,vxn_disjoint_best,synthetic-unknown-11,2,classification
2.0188,vxn_disjoint_best,synthetic-unknown-11,3,classification
2.5765,vxn_disjoint_best,synthetic-unknown-11,4,classification
2.0406,vxn_disjoint_best,synthetic-unknown-12,0,classification
2.2586,vxn_disjoint_best,synthetic-unknown-12,1,classification
2.2764,vxn_disjoint_best,synthetic-unknown-12,2,classification
2.2867,vxn_disjoint_best,synthetic-unknown-12,3,classification
2.8286,vxn_disjoint_best,synthetic-unknown-12,4,classification
2.0388,vxn_disjoint_best,synthetic-unknown-13,0,classification
2.0453,vxn_disjoint_best,synthetic-unknown-13,1,classification
2.432,vxn_disjoint_best,synthetic-unknown-13,2,classification
3.2816,vxn_disjoint_best,synthetic-unknown-13,3,classification
2.3023,vxn_disjoint_best,synthetic-unknown-13,4,classification
2.0875,vxn_disjoint_best,synthetic-unknown-14,0,classification
2.0012,vxn_disjoint_best,synthetic-unknown-14,1,classification
2.7494,vxn_disjoint_best,synthetic-unknown-14,2,classification
2.4963,vxn_disjoint_best,synthetic-unknown-14,3,classification
2.0218,vxn_disjoint_best,synthetic-unknown-14,4,classification
2.1806,vxn_disjoint_best,synthetic-unknown-15,0,classification
2.9723,vxn_disjoint_best,synthetic-unknown-15,1,classification
2.7296,vxn_disjoint_best,synthetic-unknown-15,2,classification
2.0103,vxn_disjoint_best,synthetic-unknown-15,3,classification
2.0516,vxn_disjoint_best,synthetic-unknown-15,4,classification
2.5802,vxn_disjoint_best,synthetic-unknown-16,0,classification
2.8013,vxn_disjoint_best,synthetic-unknown-16,1,classification
2.1175,vxn_disjoint_best,synthetic-unknown-16,2,classification
1.9984,vxn_disjoint_best,synthetic-unknown-16,3,classification
1.9777,vxn_disjoint_best,synthetic-unknown-16,4,classification
3.5888,vxn_disjoint_best,synthetic-unknown-17,0,classification
2.1036,vxn_disjoint_best,synthetic-unknown-17,1,classification
2.0213,vxn_disjoint_best,synthetic-unknown-17,2,classification
1.9828,vxn_disjoint_best,synthetic-unknown-17,3,classification
1.9515,vxn_disjoint_best,synthetic-unknown-17,4,classification
2.3892,vxn_disjoint_best,synthetic-unknown-18,0,classification
2.0244,vxn_disjoint_best,synthetic-unknown-18,1,classification
2.2051,vxn_disjoint_best,synthetic-unknown-18,2,classification
2.0809,vxn_disjoint_best,synthetic-unknown-18,3,classification
2.0094,vxn_disjoint_best,synthetic-unknown-18,4,classification
2.6813,vxn_disjoint_best,synthetic-unknown-19,0,classification
2.0713,vxn_disjoint_best,synthetic-unknown-19,1,classification
2.3893,vxn_disjoint_best,synthetic-unknown-19,2,classification
2.1223,vxn_disjoint_best,synthetic-unknown-19,3,classification
1.8805,vxn_disjoint_best,synthetic-unknown-19,4,classification
2.2234,vxn_disjoint_best,synthetic-unknown-20,0,classification
1.9158,vxn_disjoint_best,synthetic-unknown-20,1,classification
1.9479,vxn_disjoint_best,synthetic-unknown-20,2,classification
1.9319,vxn_disjoint_best,synthetic-unknown-20,3,classification
1.9232,vxn_disjoint_best,synthetic-unknown-20,4,classification
2.0822,vxn_disjoint_best,synthetic-unknown-21,0,classification
1.9882,vxn_disjoint_best,synthetic-unknown-21,1,classification
2.3851,vxn_disjoint_best,synthetic-unknown-21,2,classification
2.1986,vxn_disjoint_best,synthetic-unknown-21,3,classification
2.1665,vxn_disjoint_best,synthetic-unknown-21,4,classification
1.8872,vxn_disjoint_best,synthetic-unknown-22,0,classification
1.8532,vxn_disjoint_best,synthetic-unknown-22,1,classification
1.8471,vxn_disjoint_best,synthetic-unknown-22,2,classification
1.8273,vxn_disjoint_best,synthetic-unknown-22,3,classification
1.8402,vxn_disjoint_best,synthetic-unknown-22,4,classification
2.0006,vxn_disjoint_best,synthetic-unknown-23,0,classification
2.0906,vxn_disjoint_best,synthetic-unknown-23,1,classification
2.0143,vxn_disjoint_best,synthetic-unknown-23,2,classification
1.9029,vxn_disjoint_best,synthetic-unknown-23,3,classification
2.9753,vxn_disjoint_best,synthetic-unknown-23,4,classification
1.8731,vxn_disjoint_best,synthetic-ambiguous-00,0,classification
1.8703,vxn_disjoint_best,synthetic-ambiguous-00,1,classification
1.8638,vxn_disjoint_best,synthetic-ambiguous-00,2,classification
1.8551,vxn_disjoint_best,synthetic-ambiguous-00,3,classification
3.7859,vxn_disjoint_best,synthetic-ambiguous-00,4,classification
1.9864,vxn_disjoint_best,synthetic-ambiguous-01,0,classification
1.9519,vxn_disjoint_best,synthetic-ambiguous-01,1,classification
1.9415,vxn_disjoint_best,synthetic-ambiguous-01,2,classification
2.8377,vxn_disjoint_best,synthetic-ambiguous-01,3,classification
2.9116,vxn_disjoint_best,synthetic-ambiguous-01,4,classification
1.9924,vxn_disjoint_best,synthetic-ambiguous-02,0,classification
1.9508,vxn_disjoint_best,synthetic-ambiguous-02,1,classification
2.1825,vxn_disjoint_best,synthetic-ambiguous-02,2,classification
3.056,vxn_disjoint_best,synthetic-ambiguous-02,3,classification
2.0317,vxn_disjoint_best,synthetic-ambiguous-02,4,classification
1.9892,vxn_disjoint_best,synthetic-ambiguous-03,0,classification
1.9444,vxn_disjoint_best,synthetic-ambiguous-03,1,classification
2.77,vxn_disjoint_best,synthetic-ambiguous-03,2,classification
2.7789,vxn_disjoint_best,synthetic-ambiguous-03,3,classification
1.962,vxn_disjoint_best,synthetic-ambiguous-03,4,classification
1.9781,vxn_disjoint_best,synthetic-ambiguous-04,0,classification
2.4516,vxn_disjoint_best,synthetic-ambiguous-04,1,classification
2.9501,vxn_disjoint_best,synthetic-ambiguous-04,2,classification
2.0558,vxn_disjoint_best,synthetic-ambiguous-04,3,classification
1.9777,vxn_disjoint_best,synthetic-ambiguous-04,4,classification
1.9808,vxn_disjoint_best,synthetic-ambiguous-05,0,classification
2.361,vxn_disjoint_best,synthetic-ambiguous-05,1,classification
2.8465,vxn_disjoint_best,synthetic-ambiguous-05,2,classification
1.9963,vxn_disjoint_best,synthetic-ambiguous-05,3,classification
1.9511,vxn_disjoint_best,synthetic-ambiguous-05,4,classification
1.964,vxn_disjoint_best,synthetic-ambiguous-06,0,classification
2.5849,vxn_disjoint_best,synthetic-ambiguous-06,1,classification
2.6428,vxn_disjoint_best,synthetic-ambiguous-06,2,classification
1.9603,vxn_disjoint_best,synthetic-ambiguous-06,3,classification
2.2649,vxn_disjoint_best,synthetic-ambiguous-06,4,classification
2.4515,vxn_disjoint_best,synthetic-ambiguous-07,0,classification
2.816,vxn_disjoint_best,synthetic-ambiguous-07,1,classification
2.1188,vxn_disjoint_best,synthetic-ambiguous-07,2,classification
2.0443,vxn_disjoint_best,synthetic-ambiguous-07,3,classification
2.2253,vxn_disjoint_best,synthetic-ambiguous-07,4,classification
2.78,vxn_disjoint_best,synthetic-ambiguous-08,0,classification
2.0338,vxn_disjoint_best,synthetic-ambiguous-08,1,classification
2.0105,vxn_disjoint_best,synthetic-ambiguous-08,2,classification
1.9735,vxn_disjoint_best,synthetic-ambiguous-08,3,classification
1.9825,vxn_disjoint_best,synthetic-ambiguous-08,4,classification
2.666,vxn_disjoint_best,synthetic-ambiguous-09,0,classification
2.0952,vxn_disjoint_best,synthetic-ambiguous-09,1,classification
1.99,vxn_disjoint_best,synthetic-ambiguous-09,2,classification
1.9492,vxn_disjoint_best,synthetic-ambiguous-09,3,classification
1.9512,vxn_disjoint_best,synthetic-ambiguous-09,4,classification
2.1214,vxn_disjoint_best,synthetic-ambiguous-10,0,classification
2.0091,vxn_disjoint_best,synthetic-ambiguous-10,1,classification
2.01,vxn_disjoint_best,synthetic-ambiguous-10,2,classification
1.965,vxn_disjoint_best,synthetic-ambiguous-10,3,classification
2.0906,vxn_disjoint_best,synthetic-ambiguous-10,4,classification
2.013,vxn_disjoint_best,synthetic-ambiguous-11,0,classification
1.9801,vxn_disjoint_best,synthetic-ambiguous-11,1,classification
1.9489,vxn_disjoint_best,synthetic-ambiguous-11,2,classification
2.0035,vxn_disjoint_best,synthetic-ambiguous-11,3,classification
1.9781,vxn_disjoint_best,synthetic-ambiguous-11,4,classification
1.9898,vxn_legacy,synthetic-branch_a-00,0,classification
1.9655,vxn_legacy,synthetic-branch_a-00,1,classification
1.9509,vxn_legacy,synthetic-branch_a-00,2,classification
2.1698,vxn_legacy,synthetic-branch_a-00,3,classification
3.1427,vxn_legacy,synthetic-branch_a-00,4,classification
3.0049,vxn_legacy,synthetic-branch_a-01,0,classification
1.9257,vxn_legacy,synthetic-branch_a-01,1,classification
1.8642,vxn_legacy,synthetic-branch_a-01,2,classification
1.8949,vxn_legacy,synthetic-branch_a-01,3,classification
1.8688,vxn_legacy,synthetic-branch_a-01,4,classification
2.1117,vxn_legacy,synthetic-branch_a-02,0,classification
2.0,vxn_legacy,synthetic-branch_a-02,1,classification
2.0004,vxn_legacy,synthetic-branch_a-02,2,classification
2.0155,vxn_legacy,synthetic-branch_a-02,3,classification
1.9881,vxn_legacy,synthetic-branch_a-02,4,classification
2.0064,vxn_legacy,synthetic-branch_a-03,0,classification
1.9969,vxn_legacy,synthetic-branch_a-03,1,classification
1.9489,vxn_legacy,synthetic-branch_a-03,2,classification
1.9336,vxn_legacy,synthetic-branch_a-03,3,classification
1.9339,vxn_legacy,synthetic-branch_a-03,4,classification
2.0052,vxn_legacy,synthetic-branch_a-04,0,classification
2.0091,vxn_legacy,synthetic-branch_a-04,1,classification
1.9783,vxn_legacy,synthetic-branch_a-04,2,classification
1.9605,vxn_legacy,synthetic-branch_a-04,3,classification
1.9425,vxn_legacy,synthetic-branch_a-04,4,classification
1.9014,vxn_legacy,synthetic-branch_a-05,0,classification
1.8606,vxn_legacy,synthetic-branch_a-05,1,classification
1.9102,vxn_legacy,synthetic-branch_a-05,2,classification
1.8571,vxn_legacy,synthetic-branch_a-05,3,classification
1.8362,vxn_legacy,synthetic-branch_a-05,4,classification
2.0626,vxn_legacy,synthetic-branch_a-06,0,classification
1.9997,vxn_legacy,synthetic-branch_a-06,1,classification
1.995,vxn_legacy,synthetic-branch_a-06,2,classification
2.2597,vxn_legacy,synthetic-branch_a-06,3,classification
2.1455,vxn_legacy,synthetic-branch_a-06,4,classification
2.0336,vxn_legacy,synthetic-branch_a-07,0,classification
2.0033,vxn_legacy,synthetic-branch_a-07,1,classification
1.9757,vxn_legacy,synthetic-branch_a-07,2,classification
1.9857,vxn_legacy,synthetic-branch_a-07,3,classification
1.9695,vxn_legacy,synthetic-branch_a-07,4,classification
1.9438,vxn_legacy,synthetic-branch_a-08,0,classification
1.8576,vxn_legacy,synthetic-branch_a-08,1,classification
1.9166,vxn_legacy,synthetic-branch_a-08,2,classification
1.8794,vxn_legacy,synthetic-branch_a-08,3,classification
1.8607,vxn_legacy,synthetic-branch_a-08,4,classification
1.9118,vxn_legacy,synthetic-branch_a-09,0,classification
1.8496,vxn_legacy,synthetic-branch_a-09,1,classification
1.8506,vxn_legacy,synthetic-branch_a-09,2,classification
1.8523,vxn_legacy,synthetic-branch_a-09,3,classification
1.8401,vxn_legacy,synthetic-branch_a-09,4,classification
1.9244,vxn_legacy,synthetic-branch_a-10,0,classification
1.8856,vxn_legacy,synthetic-branch_a-10,1,classification
1.8486,vxn_legacy,synthetic-branch_a-10,2,classification
1.8426,vxn_legacy,synthetic-branch_a-10,3,classification
1.8473,vxn_legacy,synthetic-branch_a-10,4,classification
2.0497,vxn_legacy,synthetic-branch_a-11,0,classification
2.3984,vxn_legacy,synthetic-branch_a-11,1,classification
2.1684,vxn_legacy,synthetic-branch_a-11,2,classification
1.9773,vxn_legacy,synthetic-branch_a-11,3,classification
1.9554,vxn_legacy,synthetic-branch_a-11,4,classification
2.3649,vxn_legacy,synthetic-branch_a-12,0,classification
2.4821,vxn_legacy,synthetic-branch_a-12,1,classification
2.2185,vxn_legacy,synthetic-branch_a-12,2,classification
1.898,vxn_legacy,synthetic-branch_a-12,3,classification
2.6621,vxn_legacy,synthetic-branch_a-12,4,classification
2.0417,vxn_legacy,synthetic-branch_a-13,0,classification
2.1798,vxn_legacy,synthetic-branch_a-13,1,classification
2.0372,vxn_legacy,synthetic-branch_a-13,2,classification
2.4231,vxn_legacy,synthetic-branch_a-13,3,classification
2.8925,vxn_legacy,synthetic-branch_a-13,4,classification
1.9986,vxn_legacy,synthetic-branch_a-14,0,classification
1.9624,vxn_legacy,synthetic-branch_a-14,1,classification
2.3178,vxn_legacy,synthetic-branch_a-14,2,classification
2.2956,vxn_legacy,synthetic-branch_a-14,3,classification
1.9034,vxn_legacy,synthetic-branch_a-14,4,classification
1.9957,vxn_legacy,synthetic-branch_a-15,0,classification
1.9569,vxn_legacy,synthetic-branch_a-15,1,classification
2.3677,vxn_legacy,synthetic-branch_a-15,2,classification
2.8367,vxn_legacy,synthetic-branch_a-15,3,classification
1.9705,vxn_legacy,synthetic-branch_a-15,4,classification
1.9901,vxn_legacy,synthetic-branch_a-16,0,classification
1.9626,vxn_legacy,synthetic-branch_a-16,1,classification
2.859,vxn_legacy,synthetic-branch_a-16,2,classification
2.267,vxn_legacy,synthetic-branch_a-16,3,classification
2.0729,vxn_legacy,synthetic-branch_a-16,4,classification
2.0337,vxn_legacy,synthetic-branch_a-17,0,classification
2.3418,vxn_legacy,synthetic-branch_a-17,1,classification
2.9726,vxn_legacy,synthetic-branch_a-17,2,classification
2.3175,vxn_legacy,synthetic-branch_a-17,3,classification
2.2756,vxn_legacy,synthetic-branch_a-17,4,classification
2.6596,vxn_legacy,synthetic-branch_a-18,0,classification
2.4313,vxn_legacy,synthetic-branch_a-18,1,classification
2.0302,vxn_legacy,synthetic-branch_a-18,2,classification
2.0002,vxn_legacy,synthetic-branch_a-18,3,classification
2.0053,vxn_legacy,synthetic-branch_a-18,4,classification
2.8107,vxn_legacy,synthetic-branch_a-19,0,classification
2.2056,vxn_legacy,synthetic-branch_a-19,1,classification
2.0103,vxn_legacy,synthetic-branch_a-19,2,classification
1.9665,vxn_legacy,synthetic-branch_a-19,3,classification
1.9677,vxn_legacy,synthetic-branch_a-19,4,classification
2.9226,vxn_legacy,synthetic-branch_a-20,0,classification
2.0274,vxn_legacy,synthetic-branch_a-20,1,classification
2.0055,vxn_legacy,synthetic-branch_a-20,2,classification
1.9867,vxn_legacy,synthetic-branch_a-20,3,classification
1.9567,vxn_legacy,synthetic-branch_a-20,4,classification
2.2453,vxn_legacy,synthetic-branch_a-21,0,classification
2.0102,vxn_legacy,synthetic-branch_a-21,1,classification
1.9675,vxn_legacy,synthetic-branch_a-21,2,classification
1.9762,vxn_legacy,synthetic-branch_a-21,3,classification
1.9592,vxn_legacy,synthetic-branch_a-21,4,classification
2.5967,vxn_legacy,synthetic-branch_a-22,0,classification
1.9039,vxn_legacy,synthetic-branch_a-22,1,classification
1.8887,vxn_legacy,synthetic-branch_a-22,2,classification
1.8869,vxn_legacy,synthetic-branch_a-22,3,classification
1.9384,vxn_legacy,synthetic-branch_a-22,4,classification
3.1249,vxn_legacy,synthetic-branch_a-23,0,classification
2.0852,vxn_legacy,synthetic-branch_a-23,1,classification
2.022,vxn_legacy,synthetic-branch_a-23,2,classification
1.971,vxn_legacy,synthetic-branch_a-23,3,classification
1.9708,vxn_legacy,synthetic-branch_a-23,4,classification
2.1851,vxn_legacy,synthetic-branch_b-00,0,classification
2.0022,vxn_legacy,synthetic-branch_b-00,1,classification
1.9964,vxn_legacy,synthetic-branch_b-00,2,classification
1.9998,vxn_legacy,synthetic-branch_b-00,3,classification
1.9728,vxn_legacy,synthetic-branch_b-00,4,classification
2.0419,vxn_legacy,synthetic-branch_b-01,0,classification
2.9391,vxn_legacy,synthetic-branch_b-01,1,classification
1.9351,vxn_legacy,synthetic-branch_b-01,2,classification
1.8435,vxn_legacy,synthetic-branch_b-01,3,classification
1.8314,vxn_legacy,synthetic-branch_b-01,4,classification
2.0311,vxn_legacy,synthetic-branch_b-02,0,classification
2.3693,vxn_legacy,synthetic-branch_b-02,1,classification
1.9535,vxn_legacy,synthetic-branch_b-02,2,classification
1.8556,vxn_legacy,synthetic-branch_b-02,3,classification
2.1159,vxn_legacy,synthetic-branch_b-02,4,classification
2.2934,vxn_legacy,synthetic-branch_b-03,0,classification
2.0082,vxn_legacy,synthetic-branch_b-03,1,classification
1.8675,vxn_legacy,synthetic-branch_b-03,2,classification
1.8476,vxn_legacy,synthetic-branch_b-03,3,classification
2.2123,vxn_legacy,synthetic-branch_b-03,4,classification
2.5636,vxn_legacy,synthetic-branch_b-04,0,classification
2.1903,vxn_legacy,synthetic-branch_b-04,1,classification
1.9821,vxn_legacy,synthetic-branch_b-04,2,classification
1.8643,vxn_legacy,synthetic-branch_b-04,3,classification
2.1366,vxn_legacy,synthetic-branch_b-04,4,classification
1.8784,vxn_legacy,synthetic-branch_b-05,0,classification
1.8464,vxn_legacy,synthetic-branch_b-05,1,classification
1.8349,vxn_legacy,synthetic-branch_b-05,2,classification
1.8433,vxn_legacy,synthetic-branch_b-05,3,classification
2.605,vxn_legacy,synthetic-branch_b-05,4,classification
1.8928,vxn_legacy,synthetic-branch_b-06,0,classification
1.8513,vxn_legacy,synthetic-branch_b-06,1,classification
1.8392,vxn_legacy,synthetic-branch_b-06,2,classification
1.8378,vxn_legacy,synthetic-branch_b-06,3,classification
2.1988,vxn_legacy,synthetic-branch_b-06,4,classification
1.9183,vxn_legacy,synthetic-branch_b-07,0,classification
1.8744,vxn_legacy,synthetic-branch_b-07,1,classification
1.8603,vxn_legacy,synthetic-branch_b-07,2,classification
2.112,vxn_legacy,synthetic-branch_b-07,3,classification
2.4512,vxn_legacy,synthetic-branch_b-07,4,classification
2.1884,vxn_legacy,synthetic-branch_b-08,0,classification
1.9749,vxn_legacy,synthetic-branch_b-08,1,classification
1.9542,vxn_legacy,synthetic-branch_b-08,2,classification
1.9493,vxn_legacy,synthetic-branch_b-08,3,classification
3.7473,vxn_legacy,synthetic-branch_b-08,4,classification
1.8764,vxn_legacy,synthetic-branch_b-09,0,classification
1.8488,vxn_legacy,synthetic-branch_b-09,1,classification
1.838,vxn_legacy,synthetic-branch_b-09,2,classification
1.8332,vxn_legacy,synthetic-branch_b-09,3,classification
2.4744,vxn_legacy,synthetic-branch_b-09,4,classification
1.8667,vxn_legacy,synthetic-branch_b-10,0,classification
2.3199,vxn_legacy,synthetic-branch_b-10,1,classification
1.8569,vxn_legacy,synthetic-branch_b-10,2,classification
1.8403,vxn_legacy,synthetic-branch_b-10,3,classification
2.8448,vxn_legacy,synthetic-branch_b-10,4,classification
2.2593,vxn_legacy,synthetic-branch_b-11,0,classification
2.0149,vxn_legacy,synthetic-branch_b-11,1,classification
2.1721,vxn_legacy,synthetic-branch_b-11,2,classification
1.9217,vxn_legacy,synthetic-branch_b-11,3,classification
2.6518,vxn_legacy,synthetic-branch_b-11,4,classification
2.3398,vxn_legacy,synthetic-branch_b-12,0,classification
2.0143,vxn_legacy,synthetic-branch_b-12,1,classification
2.0569,vxn_legacy,synthetic-branch_b-12,2,classification
1.8584,vxn_legacy,synthetic-branch_b-12,3,classification
3.4361,vxn_legacy,synthetic-branch_b-12,4,classification
2.6209,vxn_legacy,synthetic-branch_b-13,0,classification
2.0203,vxn_legacy,synthetic-branch_b-13,1,classification
1.8588,vxn_legacy,synthetic-branch_b-13,2,classification
2.9991,vxn_legacy,synthetic-branch_b-13,3,classification
2.2033,vxn_legacy,synthetic-branch_b-13,4,classification
2.1116,vxn_legacy,synthetic-branch_b-14,0,classification
2.3553,vxn_legacy,synthetic-branch_b-14,1,classification
2.2381,vxn_legacy,synthetic-branch_b-14,2,classification
1.857,vxn_legacy,synthetic-branch_b-14,3,classification
1.8373,vxn_legacy,synthetic-branch_b-14,4,classification
1.9855,vxn_legacy,synthetic-branch_b-15,0,classification
1.9305,vxn_legacy,synthetic-branch_b-15,1,classification
3.223,vxn_legacy,synthetic-branch_b-15,2,classification
2.0037,vxn_legacy,synthetic-branch_b-15,3,classification
1.8603,vxn_legacy,synthetic-branch_b-15,4,classification
1.9495,vxn_legacy,synthetic-branch_b-16,0,classification
1.8509,vxn_legacy,synthetic-branch_b-16,1,classification
3.2825,vxn_legacy,synthetic-branch_b-16,2,classification
2.0984,vxn_legacy,synthetic-branch_b-16,3,classification
2.1394,vxn_legacy,synthetic-branch_b-16,4,classification
1.9561,vxn_legacy,synthetic-branch_b-17,0,classification
2.1668,vxn_legacy,synthetic-branch_b-17,1,classification
2.9484,vxn_legacy,synthetic-branch_b-17,2,classification
2.0924,vxn_legacy,synthetic-branch_b-17,3,classification
1.908,vxn_legacy,synthetic-branch_b-17,4,classification
1.8715,vxn_legacy,synthetic-branch_b-18,0,classification
2.146,vxn_legacy,synthetic-branch_b-18,1,classification
2.6115,vxn_legacy,synthetic-branch_b-18,2,classification
1.8758,vxn_legacy,synthetic-branch_b-18,3,classification
1.8418,vxn_legacy,synthetic-branch_b-18,4,classification
1.8587,vxn_legacy,synthetic-branch_b-19,0,classification
1.8375,vxn_legacy,synthetic-branch_b-19,1,classification
2.485,vxn_legacy,synthetic-branch_b-19,2,classification
2.9441,vxn_legacy,synthetic-branch_b-19,3,classification
2.0604,vxn_legacy,synthetic-branch_b-19,4,classification
1.8556,vxn_legacy,synthetic-branch_b-20,0,classification
1.8333,vxn_legacy,synthetic-branch_b-20,1,classification
2.6867,vxn_legacy,synthetic-branch_b-20,2,classification
1.9264,vxn_legacy,synthetic-branch_b-20,3,classification
1.8404,vxn_legacy,synthetic-branch_b-20,4,classification
1.8503,vxn_legacy,synthetic-branch_b-21,0,classification
1.8267,vxn_legacy,synthetic-branch_b-21,1,classification
2.2091,vxn_legacy,synthetic-branch_b-21,2,classification
2.5665,vxn_legacy,synthetic-branch_b-21,3,classification
2.1596,vxn_legacy,synthetic-branch_b-21,4,classification
1.8578,vxn_legacy,synthetic-branch_b-22,0,classification
2.125,vxn_legacy,synthetic-branch_b-22,1,classification
2.7624,vxn_legacy,synthetic-branch_b-22,2,classification
1.977,vxn_legacy,synthetic-branch_b-22,3,classification
1.9635,vxn_legacy,synthetic-branch_b-22,4,classification
1.8677,vxn_legacy,synthetic-branch_b-23,0,classification
1.9581,vxn_legacy,synthetic-branch_b-23,1,classification
3.0358,vxn_legacy,synthetic-branch_b-23,2,classification
2.306,vxn_legacy,synthetic-branch_b-23,3,classification
1.9771,vxn_legacy,synthetic-branch_b-23,4,classification
1.9304,vxn_legacy,synthetic-unknown-00,0,classification
2.5887,vxn_legacy,synthetic-unknown-00,1,classification
2.2738,vxn_legacy,synthetic-unknown-00,2,classification
1.9579,vxn_legacy,synthetic-unknown-00,3,classification
1.9343,vxn_legacy,synthetic-unknown-00,4,classification
1.9124,vxn_legacy,synthetic-unknown-01,0,classification
1.8291,vxn_legacy,synthetic-unknown-01,1,classification
3.2248,vxn_legacy,synthetic-unknown-01,2,classification
2.1443,vxn_legacy,synthetic-unknown-01,3,classification
2.0686,vxn_legacy,synthetic-unknown-01,4,classification
2.0664,vxn_legacy,synthetic-unknown-02,0,classification
2.2063,vxn_legacy,synthetic-unknown-02,1,classification
2.249,vxn_legacy,synthetic-unknown-02,2,classification
1.9883,vxn_legacy,synthetic-unknown-02,3,classification
2.0507,vxn_legacy,synthetic-unknown-02,4,classification
1.8759,vxn_legacy,synthetic-unknown-03,0,classification
3.5821,vxn_legacy,synthetic-unknown-03,1,classification
2.2446,vxn_legacy,synthetic-unknown-03,2,classification
2.0239,vxn_legacy,synthetic-unknown-03,3,classification
1.9662,vxn_legacy,synthetic-unknown-03,4,classification
2.8943,vxn_legacy,synthetic-unknown-04,0,classification
2.0111,vxn_legacy,synthetic-unknown-04,1,classification
2.0442,vxn_legacy,synthetic-unknown-04,2,classification
1.9332,vxn_legacy,synthetic-unknown-04,3,classification
1.9203,vxn_legacy,synthetic-unknown-04,4,classification
2.7716,vxn_legacy,synthetic-unknown-05,0,classification
2.222,vxn_legacy,synthetic-unknown-05,1,classification
1.8862,vxn_legacy,synthetic-unknown-05,2,classification
1.8475,vxn_legacy,synthetic-unknown-05,3,classification
1.8332,vxn_legacy,synthetic-unknown-05,4,classification
2.2249,vxn_legacy,synthetic-unknown-06,0,classification
1.9745,vxn_legacy,synthetic-unknown-06,1,classification
2.0302,vxn_legacy,synthetic-unknown-06,2,classification
1.9164,vxn_legacy,synthetic-unknown-06,3,classification
1.9086,vxn_legacy,synthetic-unknown-06,4,classification
2.1311,vxn_legacy,synthetic-unknown-07,0,classification
1.9766,vxn_legacy,synthetic-unknown-07,1,classification
1.9972,vxn_legacy,synthetic-unknown-07,2,classification
2.1054,vxn_legacy,synthetic-unknown-07,3,classification
2.0176,vxn_legacy,synthetic-unknown-07,4,classification
1.9667,vxn_legacy,synthetic-unknown-08,0,classification
1.8417,vxn_legacy,synthetic-unknown-08,1,classification
1.8302,vxn_legacy,synthetic-unknown-08,2,classification
1.8253,vxn_legacy,synthetic-unknown-08,3,classification
1.8196,vxn_legacy,synthetic-unknown-08,4,classification
1.9466,vxn_legacy,synthetic-unknown-09,0,classification
1.9041,vxn_legacy,synthetic-unknown-09,1,classification
1.8903,vxn_legacy,synthetic-unknown-09,2,classification
1.8328,vxn_legacy,synthetic-unknown-09,3,classification
1.8277,vxn_legacy,synthetic-unknown-09,4,classification
1.8868,vxn_legacy,synthetic-unknown-10,0,classification
1.8298,vxn_legacy,synthetic-unknown-10,1,classification
1.8285,vxn_legacy,synthetic-unknown-10,2,classification
2.1605,vxn_legacy,synthetic-unknown-10,3,classification
2.7747,vxn_legacy,synthetic-unknown-10,4,classification
2.034,vxn_legacy,synthetic-unknown-11,0,classification
1.852,vxn_legacy,synthetic-unknown-11,1,classification
1.8461,vxn_legacy,synthetic-unknown-11,2,classification
1.8251,vxn_legacy,synthetic-unknown-11,3,classification
1.8405,vxn_legacy,synthetic-unknown-11,4,classification
1.988,vxn_legacy,synthetic-unknown-12,0,classification
1.9511,vxn_legacy,synthetic-unknown-12,1,classification
1.9335,vxn_legacy,synthetic-unknown-12,2,classification
1.9316,vxn_legacy,synthetic-unknown-12,3,classification
1.9231,vxn_legacy,synthetic-unknown-12,4,classification
2.1642,vxn_legacy,synthetic-unknown-13,0,classification
1.9629,vxn_legacy,synthetic-unknown-13,1,classification
1.9735,vxn_legacy,synthetic-unknown-13,2,classification
1.9213,vxn_legacy,synthetic-unknown-13,3,classification
1.9183,vxn_legacy,synthetic-unknown-13,4,classification
1.9614,vxn_legacy,synthetic-unknown-14,0,classification
1.9371,vxn_legacy,synthetic-unknown-14,1,classification
1.927,vxn_legacy,synthetic-unknown-14,2,classification
1.9139,vxn_legacy,synthetic-unknown-14,3,classification
1.915,vxn_legacy,synthetic-unknown-14,4,classification
2.0756,vxn_legacy,synthetic-unknown-15,0,classification
2.028,vxn_legacy,synthetic-unknown-15,1,classification
1.9588,vxn_legacy,synthetic-unknown-15,2,classification
1.9359,vxn_legacy,synthetic-unknown-15,3,classification
2.3137,vxn_legacy,synthetic-unknown-15,4,classification
1.963,vxn_legacy,synthetic-unknown-16,0,classification
1.9262,vxn_legacy,synthetic-unknown-16,1,classification
2.1674,vxn_legacy,synthetic-unknown-16,2,classification
2.4035,vxn_legacy,synthetic-unknown-16,3,classification
2.1283,vxn_legacy,synthetic-unknown-16,4,classification
1.9566,vxn_legacy,synthetic-unknown-17,0,classification
1.9312,vxn_legacy,synthetic-unknown-17,1,classification
1.9179,vxn_legacy,synthetic-unknown-17,2,classification
1.9221,vxn_legacy,synthetic-unknown-17,3,classification
1.9092,vxn_legacy,synthetic-unknown-17,4,classification
2.0608,vxn_legacy,synthetic-unknown-18,0,classification
1.9966,vxn_legacy,synthetic-unknown-18,1,classification
1.985,vxn_legacy,synthetic-unknown-18,2,classification
1.9681,vxn_legacy,synthetic-unknown-18,3,classification
1.9484,vxn_legacy,synthetic-unknown-18,4,classification
1.9736,vxn_legacy,synthetic-unknown-19,0,classification
2.0759,vxn_legacy,synthetic-unknown-19,1,classification
1.9272,vxn_legacy,synthetic-unknown-19,2,classification
1.9117,vxn_legacy,synthetic-unknown-19,3,classification
2.265,vxn_legacy,synthetic-unknown-19,4,classification
1.9797,vxn_legacy,synthetic-unknown-20,0,classification
1.9381,vxn_legacy,synthetic-unknown-20,1,classification
2.017,vxn_legacy,synthetic-unknown-20,2,classification
1.911,vxn_legacy,synthetic-unknown-20,3,classification
2.3351,vxn_legacy,synthetic-unknown-20,4,classification
2.0885,vxn_legacy,synthetic-unknown-21,0,classification
2.067,vxn_legacy,synthetic-unknown-21,1,classification
1.9764,vxn_legacy,synthetic-unknown-21,2,classification
1.9809,vxn_legacy,synthetic-unknown-21,3,classification
2.8635,vxn_legacy,synthetic-unknown-21,4,classification
2.0412,vxn_legacy,synthetic-unknown-22,0,classification
1.973,vxn_legacy,synthetic-unknown-22,1,classification
1.984,vxn_legacy,synthetic-unknown-22,2,classification
2.4775,vxn_legacy,synthetic-unknown-22,3,classification
2.9428,vxn_legacy,synthetic-unknown-22,4,classification
2.5202,vxn_legacy,synthetic-unknown-23,0,classification
1.9896,vxn_legacy,synthetic-unknown-23,1,classification
2.5946,vxn_legacy,synthetic-unknown-23,2,classification
2.9321,vxn_legacy,synthetic-unknown-23,3,classification
2.2588,vxn_legacy,synthetic-unknown-23,4,classification
2.0073,vxn_legacy,synthetic-ambiguous-00,0,classification
2.9834,vxn_legacy,synthetic-ambiguous-00,1,classification
2.6733,vxn_legacy,synthetic-ambiguous-00,2,classification
2.0553,vxn_legacy,synthetic-ambiguous-00,3,classification
2.0279,vxn_legacy,synthetic-ambiguous-00,4,classification
3.5221,vxn_legacy,synthetic-ambiguous-01,0,classification
2.3595,vxn_legacy,synthetic-ambiguous-01,1,classification
2.1479,vxn_legacy,synthetic-ambiguous-01,2,classification
1.8418,vxn_legacy,synthetic-ambiguous-01,3,classification
1.8264,vxn_legacy,synthetic-ambiguous-01,4,classification
2.5694,vxn_legacy,synthetic-ambiguous-02,0,classification
2.0057,vxn_legacy,synthetic-ambiguous-02,1,classification
2.2172,vxn_legacy,synthetic-ambiguous-02,2,classification
2.2603,vxn_legacy,synthetic-ambiguous-02,3,classification
1.9505,vxn_legacy,synthetic-ambiguous-02,4,classification
2.0674,vxn_legacy,synthetic-ambiguous-03,0,classification
1.8501,vxn_legacy,synthetic-ambiguous-03,1,classification
1.8272,vxn_legacy,synthetic-ambiguous-03,2,classification
1.8379,vxn_legacy,synthetic-ambiguous-03,3,classification
1.8157,vxn_legacy,synthetic-ambiguous-03,4,classification
2.0524,vxn_legacy,synthetic-ambiguous-04,0,classification
1.8443,vxn_legacy,synthetic-ambiguous-04,1,classification
1.8315,vxn_legacy,synthetic-ambiguous-04,2,classification
1.8224,vxn_legacy,synthetic-ambiguous-04,3,classification
1.8163,vxn_legacy,synthetic-ambiguous-04,4,classification
1.9492,vxn_legacy,synthetic-ambiguous-05,0,classification
1.855,vxn_legacy,synthetic-ambiguous-05,1,classification
1.836,vxn_legacy,synthetic-ambiguous-05,2,classification
1.8153,vxn_legacy,synthetic-ambiguous-05,3,classification
1.8233,vxn_legacy,synthetic-ambiguous-05,4,classification
1.8874,vxn_legacy,synthetic-ambiguous-06,0,classification
1.838,vxn_legacy,synthetic-ambiguous-06,1,classification
2.3314,vxn_legacy,synthetic-ambiguous-06,2,classification
1.9805,vxn_legacy,synthetic-ambiguous-06,3,classification
1.9513,vxn_legacy,synthetic-ambiguous-06,4,classification
1.8811,vxn_legacy,synthetic-ambiguous-07,0,classification
2.3462,vxn_legacy,synthetic-ambiguous-07,1,classification
1.964,vxn_legacy,synthetic-ambiguous-07,2,classification
1.9344,vxn_legacy,synthetic-ambiguous-07,3,classification
1.9384,vxn_legacy,synthetic-ambiguous-07,4,classification
1.8715,vxn_legacy,synthetic-ambiguous-08,0,classification
1.8323,vxn_legacy,synthetic-ambiguous-08,1,classification
1.8233,vxn_legacy,synthetic-ambiguous-08,2,classification
2.0704,vxn_legacy,synthetic-ambiguous-08,3,classification
2.0759,vxn_legacy,synthetic-ambiguous-08,4,classification
1.9881,vxn_legacy,synthetic-ambiguous-09,0,classification
1.9427,vxn_legacy,synthetic-ambiguous-09,1,classification
1.9192,vxn_legacy,synthetic-ambiguous-09,2,classification
1.921,vxn_legacy,synthetic-ambiguous-09,3,classification
1.9169,vxn_legacy,synthetic-ambiguous-09,4,classification
2.0269,vxn_legacy,synthetic-ambiguous-10,0,classification
1.9702,vxn_legacy,synthetic-ambiguous-10,1,classification
1.9716,vxn_legacy,synthetic-ambiguous-10,2,classification
2.2113,vxn_legacy,synthetic-ambiguous-10,3,classification
1.8803,vxn_legacy,synthetic-ambiguous-10,4,classification
1.8712,vxn_legacy,synthetic-ambiguous-11,0,classification
1.837,vxn_legacy,synthetic-ambiguous-11,1,classification
1.8238,vxn_legacy,synthetic-ambiguous-11,2,classification
1.8239,vxn_legacy,synthetic-ambiguous-11,3,classification
1.8371,vxn_legacy,synthetic-ambiguous-11,4,classification
1.888,vxn_original_only,synthetic-branch_a-00,0,classification
1.868,vxn_original_only,synthetic-branch_a-00,1,classification
1.8559,vxn_original_only,synthetic-branch_a-00,2,classification
1.9456,vxn_original_only,synthetic-branch_a-00,3,classification
2.1162,vxn_original_only,synthetic-branch_a-00,4,classification
2.1224,vxn_original_only,synthetic-branch_a-01,0,classification
1.9696,vxn_original_only,synthetic-branch_a-01,1,classification
2.2238,vxn_original_only,synthetic-branch_a-01,2,classification
3.2114,vxn_original_only,synthetic-branch_a-01,3,classification
1.9856,vxn_original_only,synthetic-branch_a-01,4,classification
1.8746,vxn_original_only,synthetic-branch_a-02,0,classification
2.4254,vxn_original_only,synthetic-branch_a-02,1,classification
2.7936,vxn_original_only,synthetic-branch_a-02,2,classification
2.2405,vxn_original_only,synthetic-branch_a-02,3,classification
1.8518,vxn_original_only,synthetic-branch_a-02,4,classification
1.8608,vxn_original_only,synthetic-branch_a-03,0,classification
1.8433,vxn_original_only,synthetic-branch_a-03,1,classification
2.9595,vxn_original_only,synthetic-branch_a-03,2,classification
1.9639,vxn_original_only,synthetic-branch_a-03,3,classification
1.8515,vxn_original_only,synthetic-branch_a-03,4,classification
1.8622,vxn_original_only,synthetic-branch_a-04,0,classification
1.8455,vxn_original_only,synthetic-branch_a-04,1,classification
2.7456,vxn_original_only,synthetic-branch_a-04,2,classification
2.6454,vxn_original_only,synthetic-branch_a-04,3,classification
1.9865,vxn_original_only,synthetic-branch_a-04,4,classification
2.3283,vxn_original_only,synthetic-branch_a-05,0,classification
1.9758,vxn_original_only,synthetic-branch_a-05,1,classification
2.8466,vxn_original_only,synthetic-branch_a-05,2,classification
2.1665,vxn_original_only,synthetic-branch_a-05,3,classification
1.9499,vxn_original_only,synthetic-branch_a-05,4,classification
1.8593,vxn_original_only,synthetic-branch_a-06,0,classification
1.8575,vxn_original_only,synthetic-branch_a-06,1,classification
3.4622,vxn_original_only,synthetic-branch_a-06,2,classification
2.145,vxn_original_only,synthetic-branch_a-06,3,classification
1.9695,vxn_original_only,synthetic-branch_a-06,4,classification
1.8608,vxn_original_only,synthetic-branch_a-07,0,classification
2.8896,vxn_original_only,synthetic-branch_a-07,1,classification
2.8099,vxn_original_only,synthetic-branch_a-07,2,classification
2.0179,vxn_original_only,synthetic-branch_a-07,3,classification
1.9562,vxn_original_only,synthetic-branch_a-07,4,classification
1.8632,vxn_original_only,synthetic-branch_a-08,0,classification
2.4274,vxn_original_only,synthetic-branch_a-08,1,classification
2.464,vxn_original_only,synthetic-branch_a-08,2,classification
2.0847,vxn_original_only,synthetic-branch_a-08,3,classification
2.1573,vxn_original_only,synthetic-branch_a-08,4,classification
1.9577,vxn_original_only,synthetic-branch_a-09,0,classification
2.5889,vxn_original_only,synthetic-branch_a-09,1,classification
2.2575,vxn_original_only,synthetic-branch_a-09,2,classification
2.0722,vxn_original_only,synthetic-branch_a-09,3,classification
1.9456,vxn_original_only,synthetic-branch_a-09,4,classification
2.2179,vxn_original_only,synthetic-branch_a-10,0,classification
2.918,vxn_original_only,synthetic-branch_a-10,1,classification
1.9671,vxn_original_only,synthetic-branch_a-10,2,classification
2.0004,vxn_original_only,synthetic-branch_a-10,3,classification
2.1781,vxn_original_only,synthetic-branch_a-10,4,classification
2.1491,vxn_original_only,synthetic-branch_a-11,0,classification
2.9618,vxn_original_only,synthetic-branch_a-11,1,classification
2.0339,vxn_original_only,synthetic-branch_a-11,2,classification
1.9725,vxn_original_only,synthetic-branch_a-11,3,classification
1.996,vxn_original_only,synthetic-branch_a-11,4,classification
2.6341,vxn_original_only,synthetic-branch_a-12,0,classification
6.4493,vxn_original_only,synthetic-branch_a-12,1,classification
2.1121,vxn_original_only,synthetic-branch_a-12,2,classification
2.0194,vxn_original_only,synthetic-branch_a-12,3,classification
2.155,vxn_original_only,synthetic-branch_a-12,4,classification
2.0646,vxn_original_only,synthetic-branch_a-13,0,classification
2.0045,vxn_original_only,synthetic-branch_a-13,1,classification
1.9788,vxn_original_only,synthetic-branch_a-13,2,classification
1.9922,vxn_original_only,synthetic-branch_a-13,3,classification
2.0758,vxn_original_only,synthetic-branch_a-13,4,classification
2.0492,vxn_original_only,synthetic-branch_a-14,0,classification
1.9807,vxn_original_only,synthetic-branch_a-14,1,classification
1.9597,vxn_original_only,synthetic-branch_a-14,2,classification
1.9512,vxn_original_only,synthetic-branch_a-14,3,classification
1.9464,vxn_original_only,synthetic-branch_a-14,4,classification
1.8945,vxn_original_only,synthetic-branch_a-15,0,classification
1.8605,vxn_original_only,synthetic-branch_a-15,1,classification
1.8452,vxn_original_only,synthetic-branch_a-15,2,classification
1.8781,vxn_original_only,synthetic-branch_a-15,3,classification
1.8692,vxn_original_only,synthetic-branch_a-15,4,classification
1.9819,vxn_original_only,synthetic-branch_a-16,0,classification
2.1853,vxn_original_only,synthetic-branch_a-16,1,classification
1.9478,vxn_original_only,synthetic-branch_a-16,2,classification
1.8588,vxn_original_only,synthetic-branch_a-16,3,classification
1.8407,vxn_original_only,synthetic-branch_a-16,4,classification
1.8592,vxn_original_only,synthetic-branch_a-17,0,classification
1.844,vxn_original_only,synthetic-branch_a-17,1,classification
1.833,vxn_original_only,synthetic-branch_a-17,2,classification
1.8312,vxn_original_only,synthetic-branch_a-17,3,classification
1.8333,vxn_original_only,synthetic-branch_a-17,4,classification
2.0606,vxn_original_only,synthetic-branch_a-18,0,classification
2.4784,vxn_original_only,synthetic-branch_a-18,1,classification
1.991,vxn_original_only,synthetic-branch_a-18,2,classification
1.9647,vxn_original_only,synthetic-branch_a-18,3,classification
2.2268,vxn_original_only,synthetic-branch_a-18,4,classification
2.0078,vxn_original_only,synthetic-branch_a-19,0,classification
1.9708,vxn_original_only,synthetic-branch_a-19,1,classification
2.567,vxn_original_only,synthetic-branch_a-19,2,classification
2.1652,vxn_original_only,synthetic-branch_a-19,3,classification
3.8911,vxn_original_only,synthetic-branch_a-19,4,classification
1.8896,vxn_original_only,synthetic-branch_a-20,0,classification
1.9502,vxn_original_only,synthetic-branch_a-20,1,classification
2.112,vxn_original_only,synthetic-branch_a-20,2,classification
3.8123,vxn_original_only,synthetic-branch_a-20,3,classification
2.3335,vxn_original_only,synthetic-branch_a-20,4,classification
1.9988,vxn_original_only,synthetic-branch_a-21,0,classification
1.9795,vxn_original_only,synthetic-branch_a-21,1,classification
3.2927,vxn_original_only,synthetic-branch_a-21,2,classification
2.2228,vxn_original_only,synthetic-branch_a-21,3,classification
1.9884,vxn_original_only,synthetic-branch_a-21,4,classification
2.0639,vxn_original_only,synthetic-branch_a-22,0,classification
2.4939,vxn_original_only,synthetic-branch_a-22,1,classification
2.7246,vxn_original_only,synthetic-branch_a-22,2,classification
2.1865,vxn_original_only,synthetic-branch_a-22,3,classification
1.9838,vxn_original_only,synthetic-branch_a-22,4,classification
2.1042,vxn_original_only,synthetic-branch_a-23,0,classification
3.3277,vxn_original_only,synthetic-branch_a-23,1,classification
2.164,vxn_original_only,synthetic-branch_a-23,2,classification
2.0033,vxn_original_only,synthetic-branch_a-23,3,classification
1.9723,vxn_original_only,synthetic-branch_a-23,4,classification
2.5809,vxn_original_only,synthetic-branch_b-00,0,classification
2.0954,vxn_original_only,synthetic-branch_b-00,1,classification
2.2195,vxn_original_only,synthetic-branch_b-00,2,classification
1.9955,vxn_original_only,synthetic-branch_b-00,3,classification
1.9662,vxn_original_only,synthetic-branch_b-00,4,classification
3.0492,vxn_original_only,synthetic-branch_b-01,0,classification
2.04,vxn_original_only,synthetic-branch_b-01,1,classification
1.8857,vxn_original_only,synthetic-branch_b-01,2,classification
1.8621,vxn_original_only,synthetic-branch_b-01,3,classification
1.8504,vxn_original_only,synthetic-branch_b-01,4,classification
2.3522,vxn_original_only,synthetic-branch_b-02,0,classification
1.9184,vxn_original_only,synthetic-branch_b-02,1,classification
1.8766,vxn_original_only,synthetic-branch_b-02,2,classification
1.9033,vxn_original_only,synthetic-branch_b-02,3,classification
1.8668,vxn_original_only,synthetic-branch_b-02,4,classification
2.2705,vxn_original_only,synthetic-branch_b-03,0,classification
2.0658,vxn_original_only,synthetic-branch_b-03,1,classification
1.9811,vxn_original_only,synthetic-branch_b-03,2,classification
1.9845,vxn_original_only,synthetic-branch_b-03,3,classification
1.9995,vxn_original_only,synthetic-branch_b-03,4,classification
2.9665,vxn_original_only,synthetic-branch_b-04,0,classification
2.1589,vxn_original_only,synthetic-branch_b-04,1,classification
2.53,vxn_original_only,synthetic-branch_b-04,2,classification
2.0787,vxn_original_only,synthetic-branch_b-04,3,classification
2.527,vxn_original_only,synthetic-branch_b-04,4,classification
2.0705,vxn_original_only,synthetic-branch_b-05,0,classification
2.0109,vxn_original_only,synthetic-branch_b-05,1,classification
2.0039,vxn_original_only,synthetic-branch_b-05,2,classification
2.1925,vxn_original_only,synthetic-branch_b-05,3,classification
3.2532,vxn_original_only,synthetic-branch_b-05,4,classification
2.3742,vxn_original_only,synthetic-branch_b-06,0,classification
2.0688,vxn_original_only,synthetic-branch_b-06,1,classification
2.9434,vxn_original_only,synthetic-branch_b-06,2,classification
2.9684,vxn_original_only,synthetic-branch_b-06,3,classification
2.4736,vxn_original_only,synthetic-branch_b-06,4,classification
2.0447,vxn_original_only,synthetic-branch_b-07,0,classification
2.6722,vxn_original_only,synthetic-branch_b-07,1,classification
3.0545,vxn_original_only,synthetic-branch_b-07,2,classification
2.0821,vxn_original_only,synthetic-branch_b-07,3,classification
2.1189,vxn_original_only,synthetic-branch_b-07,4,classification
2.354,vxn_original_only,synthetic-branch_b-08,0,classification
2.6911,vxn_original_only,synthetic-branch_b-08,1,classification
2.2181,vxn_original_only,synthetic-branch_b-08,2,classification
2.1501,vxn_original_only,synthetic-branch_b-08,3,classification
1.9994,vxn_original_only,synthetic-branch_b-08,4,classification
2.7483,vxn_original_only,synthetic-branch_b-09,0,classification
2.4123,vxn_original_only,synthetic-branch_b-09,1,classification
2.0088,vxn_original_only,synthetic-branch_b-09,2,classification
1.9836,vxn_original_only,synthetic-branch_b-09,3,classification
1.9711,vxn_original_only,synthetic-branch_b-09,4,classification
2.4653,vxn_original_only,synthetic-branch_b-10,0,classification
2.1001,vxn_original_only,synthetic-branch_b-10,1,classification
2.0346,vxn_original_only,synthetic-branch_b-10,2,classification
2.0386,vxn_original_only,synthetic-branch_b-10,3,classification
2.0012,vxn_original_only,synthetic-branch_b-10,4,classification
2.5594,vxn_original_only,synthetic-branch_b-11,0,classification
2.1877,vxn_original_only,synthetic-branch_b-11,1,classification
2.0311,vxn_original_only,synthetic-branch_b-11,2,classification
1.9928,vxn_original_only,synthetic-branch_b-11,3,classification
1.9983,vxn_original_only,synthetic-branch_b-11,4,classification
2.2544,vxn_original_only,synthetic-branch_b-12,0,classification
2.0387,vxn_original_only,synthetic-branch_b-12,1,classification
2.0032,vxn_original_only,synthetic-branch_b-12,2,classification
2.0104,vxn_original_only,synthetic-branch_b-12,3,classification
2.0007,vxn_original_only,synthetic-branch_b-12,4,classification
2.0414,vxn_original_only,synthetic-branch_b-13,0,classification
2.0218,vxn_original_only,synthetic-branch_b-13,1,classification
1.9677,vxn_original_only,synthetic-branch_b-13,2,classification
1.9651,vxn_original_only,synthetic-branch_b-13,3,classification
1.946,vxn_original_only,synthetic-branch_b-13,4,classification
2.0369,vxn_original_only,synthetic-branch_b-14,0,classification
1.9804,vxn_original_only,synthetic-branch_b-14,1,classification
1.9646,vxn_original_only,synthetic-branch_b-14,2,classification
1.9629,vxn_original_only,synthetic-branch_b-14,3,classification
1.9518,vxn_original_only,synthetic-branch_b-14,4,classification
2.0155,vxn_original_only,synthetic-branch_b-15,0,classification
1.9898,vxn_original_only,synthetic-branch_b-15,1,classification
1.9693,vxn_original_only,synthetic-branch_b-15,2,classification
1.9601,vxn_original_only,synthetic-branch_b-15,3,classification
1.9625,vxn_original_only,synthetic-branch_b-15,4,classification
2.3121,vxn_original_only,synthetic-branch_b-16,0,classification
2.0095,vxn_original_only,synthetic-branch_b-16,1,classification
1.9852,vxn_original_only,synthetic-branch_b-16,2,classification
1.9744,vxn_original_only,synthetic-branch_b-16,3,classification
2.4885,vxn_original_only,synthetic-branch_b-16,4,classification
2.0283,vxn_original_only,synthetic-branch_b-17,0,classification
1.9708,vxn_original_only,synthetic-branch_b-17,1,classification
1.9606,vxn_original_only,synthetic-branch_b-17,2,classification
1.9617,vxn_original_only,synthetic-branch_b-17,3,classification
1.9568,vxn_original_only,synthetic-branch_b-17,4,classification
2.0327,vxn_original_only,synthetic-branch_b-18,0,classification
2.0057,vxn_original_only,synthetic-branch_b-18,1,classification
1.9773,vxn_original_only,synthetic-branch_b-18,2,classification
1.9695,vxn_original_only,synthetic-branch_b-18,3,classification
3.3707,vxn_original_only,synthetic-branch_b-18,4,classification
2.02,vxn_original_only,synthetic-branch_b-19,0,classification
1.9691,vxn_original_only,synthetic-branch_b-19,1,classification
1.9549,vxn_original_only,synthetic-branch_b-19,2,classification
2.9932,vxn_original_only,synthetic-branch_b-19,3,classification
2.6353,vxn_original_only,synthetic-branch_b-19,4,classification
2.0037,vxn_original_only,synthetic-branch_b-20,0,classification
1.9903,vxn_original_only,synthetic-branch_b-20,1,classification
2.423,vxn_original_only,synthetic-branch_b-20,2,classification
3.3864,vxn_original_only,synthetic-branch_b-20,3,classification
2.0945,vxn_original_only,synthetic-branch_b-20,4,classification
2.2106,vxn_original_only,synthetic-branch_b-21,0,classification
2.3015,vxn_original_only,synthetic-branch_b-21,1,classification
2.6528,vxn_original_only,synthetic-branch_b-21,2,classification
2.1268,vxn_original_only,synthetic-branch_b-21,3,classification
2.0559,vxn_original_only,synthetic-branch_b-21,4,classification
1.9944,vxn_original_only,synthetic-branch_b-22,0,classification
3.3552,vxn_original_only,synthetic-branch_b-22,1,classification
2.3463,vxn_original_only,synthetic-branch_b-22,2,classification
2.0784,vxn_original_only,synthetic-branch_b-22,3,classification
2.0153,vxn_original_only,synthetic-branch_b-22,4,classification
2.6703,vxn_original_only,synthetic-branch_b-23,0,classification
2.5027,vxn_original_only,synthetic-branch_b-23,1,classification
2.0456,vxn_original_only,synthetic-branch_b-23,2,classification
1.9998,vxn_original_only,synthetic-branch_b-23,3,classification
1.9819,vxn_original_only,synthetic-branch_b-23,4,classification
3.2417,vxn_original_only,synthetic-unknown-00,0,classification
2.22,vxn_original_only,synthetic-unknown-00,1,classification
1.9718,vxn_original_only,synthetic-unknown-00,2,classification
1.9458,vxn_original_only,synthetic-unknown-00,3,classification
2.0795,vxn_original_only,synthetic-unknown-00,4,classification
2.8229,vxn_original_only,synthetic-unknown-01,0,classification
2.0197,vxn_original_only,synthetic-unknown-01,1,classification
1.9606,vxn_original_only,synthetic-unknown-01,2,classification
1.9571,vxn_original_only,synthetic-unknown-01,3,classification
1.9539,vxn_original_only,synthetic-unknown-01,4,classification
2.0676,vxn_original_only,synthetic-unknown-02,0,classification
1.9661,vxn_original_only,synthetic-unknown-02,1,classification
1.9476,vxn_original_only,synthetic-unknown-02,2,classification
1.9442,vxn_original_only,synthetic-unknown-02,3,classification
1.9362,vxn_original_only,synthetic-unknown-02,4,classification
2.0012,vxn_original_only,synthetic-unknown-03,0,classification
1.9798,vxn_original_only,synthetic-unknown-03,1,classification
1.9408,vxn_original_only,synthetic-unknown-03,2,classification
1.9392,vxn_original_only,synthetic-unknown-03,3,classification
1.9364,vxn_original_only,synthetic-unknown-03,4,classification
2.0302,vxn_original_only,synthetic-unknown-04,0,classification
1.9784,vxn_original_only,synthetic-unknown-04,1,classification
1.9709,vxn_original_only,synthetic-unknown-04,2,classification
2.4114,vxn_original_only,synthetic-unknown-04,3,classification
2.4379,vxn_original_only,synthetic-unknown-04,4,classification
1.9813,vxn_original_only,synthetic-unknown-05,0,classification
1.9617,vxn_original_only,synthetic-unknown-05,1,classification
2.0249,vxn_original_only,synthetic-unknown-05,2,classification
1.9235,vxn_original_only,synthetic-unknown-05,3,classification
1.9111,vxn_original_only,synthetic-unknown-05,4,classification
2.2877,vxn_original_only,synthetic-unknown-06,0,classification
1.9665,vxn_original_only,synthetic-unknown-06,1,classification
1.9422,vxn_original_only,synthetic-unknown-06,2,classification
1.9345,vxn_original_only,synthetic-unknown-06,3,classification
1.9294,vxn_original_only,synthetic-unknown-06,4,classification
2.2378,vxn_original_only,synthetic-unknown-07,0,classification
2.0161,vxn_original_only,synthetic-unknown-07,1,classification
2.0011,vxn_original_only,synthetic-unknown-07,2,classification
2.1006,vxn_original_only,synthetic-unknown-07,3,classification
3.7149,vxn_original_only,synthetic-unknown-07,4,classification
2.0064,vxn_original_only,synthetic-unknown-08,0,classification
1.9766,vxn_original_only,synthetic-unknown-08,1,classification
2.5164,vxn_original_only,synthetic-unknown-08,2,classification
3.5683,vxn_original_only,synthetic-unknown-08,3,classification
2.3952,vxn_original_only,synthetic-unknown-08,4,classification
1.9858,vxn_original_only,synthetic-unknown-09,0,classification
2.7932,vxn_original_only,synthetic-unknown-09,1,classification
2.8438,vxn_original_only,synthetic-unknown-09,2,classification
1.9978,vxn_original_only,synthetic-unknown-09,3,classification
1.9488,vxn_original_only,synthetic-unknown-09,4,classification
2.3508,vxn_original_only,synthetic-unknown-10,0,classification
3.3203,vxn_original_only,synthetic-unknown-10,1,classification
2.0744,vxn_original_only,synthetic-unknown-10,2,classification
2.0429,vxn_original_only,synthetic-unknown-10,3,classification
1.9341,vxn_original_only,synthetic-unknown-10,4,classification
3.295,vxn_original_only,synthetic-unknown-11,0,classification
2.4255,vxn_original_only,synthetic-unknown-11,1,classification
2.0003,vxn_original_only,synthetic-unknown-11,2,classification
1.9541,vxn_original_only,synthetic-unknown-11,3,classification
1.9406,vxn_original_only,synthetic-unknown-11,4,classification
2.7725,vxn_original_only,synthetic-unknown-12,0,classification
1.9039,vxn_original_only,synthetic-unknown-12,1,classification
1.8448,vxn_original_only,synthetic-unknown-12,2,classification
1.8401,vxn_original_only,synthetic-unknown-12,3,classification
1.8359,vxn_original_only,synthetic-unknown-12,4,classification
2.8344,vxn_original_only,synthetic-unknown-13,0,classification
2.0668,vxn_original_only,synthetic-unknown-13,1,classification
1.9927,vxn_original_only,synthetic-unknown-13,2,classification
1.9747,vxn_original_only,synthetic-unknown-13,3,classification
1.9583,vxn_original_only,synthetic-unknown-13,4,classification
2.1823,vxn_original_only,synthetic-unknown-14,0,classification
2.0516,vxn_original_only,synthetic-unknown-14,1,classification
2.5515,vxn_original_only,synthetic-unknown-14,2,classification
2.0659,vxn_original_only,synthetic-unknown-14,3,classification
1.9681,vxn_original_only,synthetic-unknown-14,4,classification
2.0176,vxn_original_only,synthetic-unknown-15,0,classification
1.9687,vxn_original_only,synthetic-unknown-15,1,classification
1.9611,vxn_original_only,synthetic-unknown-15,2,classification
1.9599,vxn_original_only,synthetic-unknown-15,3,classification
1.9564,vxn_original_only,synthetic-unknown-15,4,classification
2.1414,vxn_original_only,synthetic-unknown-16,0,classification
2.134,vxn_original_only,synthetic-unknown-16,1,classification
1.8847,vxn_original_only,synthetic-unknown-16,2,classification
1.8493,vxn_original_only,synthetic-unknown-16,3,classification
1.8475,vxn_original_only,synthetic-unknown-16,4,classification
1.9794,vxn_original_only,synthetic-unknown-17,0,classification
1.9602,vxn_original_only,synthetic-unknown-17,1,classification
1.9367,vxn_original_only,synthetic-unknown-17,2,classification
1.9398,vxn_original_only,synthetic-unknown-17,3,classification
1.9336,vxn_original_only,synthetic-unknown-17,4,classification
1.9736,vxn_original_only,synthetic-unknown-18,0,classification
1.9445,vxn_original_only,synthetic-unknown-18,1,classification
1.9386,vxn_original_only,synthetic-unknown-18,2,classification
1.9329,vxn_original_only,synthetic-unknown-18,3,classification
2.2863,vxn_original_only,synthetic-unknown-18,4,classification
2.02,vxn_original_only,synthetic-unknown-19,0,classification
1.9722,vxn_original_only,synthetic-unknown-19,1,classification
2.0003,vxn_original_only,synthetic-unknown-19,2,classification
2.2509,vxn_original_only,synthetic-unknown-19,3,classification
3.4584,vxn_original_only,synthetic-unknown-19,4,classification
2.3001,vxn_original_only,synthetic-unknown-20,0,classification
2.0523,vxn_original_only,synthetic-unknown-20,1,classification
1.9603,vxn_original_only,synthetic-unknown-20,2,classification
2.7891,vxn_original_only,synthetic-unknown-20,3,classification
2.2011,vxn_original_only,synthetic-unknown-20,4,classification
1.8907,vxn_original_only,synthetic-unknown-21,0,classification
1.8559,vxn_original_only,synthetic-unknown-21,1,classification
2.4255,vxn_original_only,synthetic-unknown-21,2,classification
2.6732,vxn_original_only,synthetic-unknown-21,3,classification
2.1475,vxn_original_only,synthetic-unknown-21,4,classification
1.9143,vxn_original_only,synthetic-unknown-22,0,classification
1.8466,vxn_original_only,synthetic-unknown-22,1,classification
2.4786,vxn_original_only,synthetic-unknown-22,2,classification
2.8973,vxn_original_only,synthetic-unknown-22,3,classification
2.8573,vxn_original_only,synthetic-unknown-22,4,classification
2.5509,vxn_original_only,synthetic-unknown-23,0,classification
3.4626,vxn_original_only,synthetic-unknown-23,1,classification
2.0489,vxn_original_only,synthetic-unknown-23,2,classification
1.9821,vxn_original_only,synthetic-unknown-23,3,classification
1.9829,vxn_original_only,synthetic-unknown-23,4,classification
2.5028,vxn_original_only,synthetic-ambiguous-00,0,classification
2.1301,vxn_original_only,synthetic-ambiguous-00,1,classification
2.0019,vxn_original_only,synthetic-ambiguous-00,2,classification
2.0789,vxn_original_only,synthetic-ambiguous-00,3,classification
1.9542,vxn_original_only,synthetic-ambiguous-00,4,classification
2.1652,vxn_original_only,synthetic-ambiguous-01,0,classification
2.8046,vxn_original_only,synthetic-ambiguous-01,1,classification
2.0057,vxn_original_only,synthetic-ambiguous-01,2,classification
1.9699,vxn_original_only,synthetic-ambiguous-01,3,classification
1.9527,vxn_original_only,synthetic-ambiguous-01,4,classification
2.053,vxn_original_only,synthetic-ambiguous-02,0,classification
2.0098,vxn_original_only,synthetic-ambiguous-02,1,classification
1.9822,vxn_original_only,synthetic-ambiguous-02,2,classification
1.9853,vxn_original_only,synthetic-ambiguous-02,3,classification
1.9639,vxn_original_only,synthetic-ambiguous-02,4,classification
1.9247,vxn_original_only,synthetic-ambiguous-03,0,classification
1.8955,vxn_original_only,synthetic-ambiguous-03,1,classification
1.8578,vxn_original_only,synthetic-ambiguous-03,2,classification
1.8581,vxn_original_only,synthetic-ambiguous-03,3,classification
1.8443,vxn_original_only,synthetic-ambiguous-03,4,classification
2.1158,vxn_original_only,synthetic-ambiguous-04,0,classification
2.0107,vxn_original_only,synthetic-ambiguous-04,1,classification
1.9722,vxn_original_only,synthetic-ambiguous-04,2,classification
2.0875,vxn_original_only,synthetic-ambiguous-04,3,classification
2.3206,vxn_original_only,synthetic-ambiguous-04,4,classification
2.2949,vxn_original_only,synthetic-ambiguous-05,0,classification
2.0278,vxn_original_only,synthetic-ambiguous-05,1,classification
1.9924,vxn_original_only,synthetic-ambiguous-05,2,classification
1.9708,vxn_original_only,synthetic-ambiguous-05,3,classification
2.276,vxn_original_only,synthetic-ambiguous-05,4,classification
2.0468,vxn_original_only,synthetic-ambiguous-06,0,classification
1.9852,vxn_original_only,synthetic-ambiguous-06,1,classification
2.0394,vxn_original_only,synthetic-ambiguous-06,2,classification
1.9552,vxn_original_only,synthetic-ambiguous-06,3,classification
2.8555,vxn_original_only,synthetic-ambiguous-06,4,classification
1.883,vxn_original_only,synthetic-ambiguous-07,0,classification
1.8549,vxn_original_only,synthetic-ambiguous-07,1,classification
1.8508,vxn_original_only,synthetic-ambiguous-07,2,classification
1.8466,vxn_original_only,synthetic-ambiguous-07,3,classification
2.9169,vxn_original_only,synthetic-ambiguous-07,4,classification
1.8873,vxn_original_only,synthetic-ambiguous-08,0,classification
1.8541,vxn_original_only,synthetic-ambiguous-08,1,classification
2.0365,vxn_original_only,synthetic-ambiguous-08,2,classification
2.7824,vxn_original_only,synthetic-ambiguous-08,3,classification
2.4659,vxn_original_only,synthetic-ambiguous-08,4,classification
2.1198,vxn_original_only,synthetic-ambiguous-09,0,classification
1.8782,vxn_original_only,synthetic-ambiguous-09,1,classification
2.5089,vxn_original_only,synthetic-ambiguous-09,2,classification
2.59,vxn_original_only,synthetic-ambiguous-09,3,classification
2.0554,vxn_original_only,synthetic-ambiguous-09,4,classification
1.9249,vxn_original_only,synthetic-ambiguous-10,0,classification
2.7669,vxn_original_only,synthetic-ambiguous-10,1,classification
2.5756,vxn_original_only,synthetic-ambiguous-10,2,classification
1.8887,vxn_original_only,synthetic-ambiguous-10,3,classification
1.8445,vxn_original_only,synthetic-ambiguous-10,4,classification
2.1171,vxn_original_only,synthetic-ambiguous-11,0,classification
2.7539,vxn_original_only,synthetic-ambiguous-11,1,classification
2.2034,vxn_original_only,synthetic-ambiguous-11,2,classification
2.0181,vxn_original_only,synthetic-ambiguous-11,3,classification
1.9559,vxn_original_only,synthetic-ambiguous-11,4,classification
2.2122,vxn_no_temporal_prior,synthetic-branch_a-00,0,classification
1.9915,vxn_no_temporal_prior,synthetic-branch_a-00,1,classification
1.975,vxn_no_temporal_prior,synthetic-branch_a-00,2,classification
1.9572,vxn_no_temporal_prior,synthetic-branch_a-00,3,classification
1.9576,vxn_no_temporal_prior,synthetic-branch_a-00,4,classification
1.9897,vxn_no_temporal_prior,synthetic-branch_a-01,0,classification
1.955,vxn_no_temporal_prior,synthetic-branch_a-01,1,classification
1.9816,vxn_no_temporal_prior,synthetic-branch_a-01,2,classification
1.9375,vxn_no_temporal_prior,synthetic-branch_a-01,3,classification
2.2799,vxn_no_temporal_prior,synthetic-branch_a-01,4,classification
2.0136,vxn_no_temporal_prior,synthetic-branch_a-02,0,classification
1.9779,vxn_no_temporal_prior,synthetic-branch_a-02,1,classification
2.2813,vxn_no_temporal_prior,synthetic-branch_a-02,2,classification
2.1502,vxn_no_temporal_prior,synthetic-branch_a-02,3,classification
2.932,vxn_no_temporal_prior,synthetic-branch_a-02,4,classification
2.1153,vxn_no_temporal_prior,synthetic-branch_a-03,0,classification
1.8695,vxn_no_temporal_prior,synthetic-branch_a-03,1,classification
2.9801,vxn_no_temporal_prior,synthetic-branch_a-03,2,classification
2.5079,vxn_no_temporal_prior,synthetic-branch_a-03,3,classification
2.0157,vxn_no_temporal_prior,synthetic-branch_a-03,4,classification
2.0419,vxn_no_temporal_prior,synthetic-branch_a-04,0,classification
3.0422,vxn_no_temporal_prior,synthetic-branch_a-04,1,classification
2.7044,vxn_no_temporal_prior,synthetic-branch_a-04,2,classification
2.0533,vxn_no_temporal_prior,synthetic-branch_a-04,3,classification
1.9867,vxn_no_temporal_prior,synthetic-branch_a-04,4,classification
2.7254,vxn_no_temporal_prior,synthetic-branch_a-05,0,classification
2.8672,vxn_no_temporal_prior,synthetic-branch_a-05,1,classification
2.0522,vxn_no_temporal_prior,synthetic-branch_a-05,2,classification
2.3399,vxn_no_temporal_prior,synthetic-branch_a-05,3,classification
2.0542,vxn_no_temporal_prior,synthetic-branch_a-05,4,classification
3.0199,vxn_no_temporal_prior,synthetic-branch_a-06,0,classification
1.9694,vxn_no_temporal_prior,synthetic-branch_a-06,1,classification
1.8662,vxn_no_temporal_prior,synthetic-branch_a-06,2,classification
1.8465,vxn_no_temporal_prior,synthetic-branch_a-06,3,classification
1.8599,vxn_no_temporal_prior,synthetic-branch_a-06,4,classification
2.6944,vxn_no_temporal_prior,synthetic-branch_a-07,0,classification
1.9557,vxn_no_temporal_prior,synthetic-branch_a-07,1,classification
1.9843,vxn_no_temporal_prior,synthetic-branch_a-07,2,classification
2.0645,vxn_no_temporal_prior,synthetic-branch_a-07,3,classification
1.8452,vxn_no_temporal_prior,synthetic-branch_a-07,4,classification
2.015,vxn_no_temporal_prior,synthetic-branch_a-08,0,classification
1.9776,vxn_no_temporal_prior,synthetic-branch_a-08,1,classification
2.0962,vxn_no_temporal_prior,synthetic-branch_a-08,2,classification
1.9674,vxn_no_temporal_prior,synthetic-branch_a-08,3,classification
2.7381,vxn_no_temporal_prior,synthetic-branch_a-08,4,classification
1.8836,vxn_no_temporal_prior,synthetic-branch_a-09,0,classification
1.8475,vxn_no_temporal_prior,synthetic-branch_a-09,1,classification
1.9408,vxn_no_temporal_prior,synthetic-branch_a-09,2,classification
1.8369,vxn_no_temporal_prior,synthetic-branch_a-09,3,classification
1.8471,vxn_no_temporal_prior,synthetic-branch_a-09,4,classification
2.2518,vxn_no_temporal_prior,synthetic-branch_a-10,0,classification
1.984,vxn_no_temporal_prior,synthetic-branch_a-10,1,classification
1.8443,vxn_no_temporal_prior,synthetic-branch_a-10,2,classification
1.8365,vxn_no_temporal_prior,synthetic-branch_a-10,3,classification
1.8255,vxn_no_temporal_prior,synthetic-branch_a-10,4,classification
2.1608,vxn_no_temporal_prior,synthetic-branch_a-11,0,classification
2.4385,vxn_no_temporal_prior,synthetic-branch_a-11,1,classification
2.0077,vxn_no_temporal_prior,synthetic-branch_a-11,2,classification
1.9519,vxn_no_temporal_prior,synthetic-branch_a-11,3,classification
1.9324,vxn_no_temporal_prior,synthetic-branch_a-11,4,classification
1.8773,vxn_no_temporal_prior,synthetic-branch_a-12,0,classification
1.8561,vxn_no_temporal_prior,synthetic-branch_a-12,1,classification
2.3822,vxn_no_temporal_prior,synthetic-branch_a-12,2,classification
2.096,vxn_no_temporal_prior,synthetic-branch_a-12,3,classification
2.2471,vxn_no_temporal_prior,synthetic-branch_a-12,4,classification
1.8769,vxn_no_temporal_prior,synthetic-branch_a-13,0,classification
1.8439,vxn_no_temporal_prior,synthetic-branch_a-13,1,classification
1.8403,vxn_no_temporal_prior,synthetic-branch_a-13,2,classification
1.8403,vxn_no_temporal_prior,synthetic-branch_a-13,3,classification
2.1606,vxn_no_temporal_prior,synthetic-branch_a-13,4,classification
1.9531,vxn_no_temporal_prior,synthetic-branch_a-14,0,classification
1.853,vxn_no_temporal_prior,synthetic-branch_a-14,1,classification
1.8363,vxn_no_temporal_prior,synthetic-branch_a-14,2,classification
1.8328,vxn_no_temporal_prior,synthetic-branch_a-14,3,classification
1.8302,vxn_no_temporal_prior,synthetic-branch_a-14,4,classification
1.8977,vxn_no_temporal_prior,synthetic-branch_a-15,0,classification
1.8537,vxn_no_temporal_prior,synthetic-branch_a-15,1,classification
1.8414,vxn_no_temporal_prior,synthetic-branch_a-15,2,classification
1.8331,vxn_no_temporal_prior,synthetic-branch_a-15,3,classification
1.8288,vxn_no_temporal_prior,synthetic-branch_a-15,4,classification
1.8695,vxn_no_temporal_prior,synthetic-branch_a-16,0,classification
1.8533,vxn_no_temporal_prior,synthetic-branch_a-16,1,classification
2.0967,vxn_no_temporal_prior,synthetic-branch_a-16,2,classification
1.879,vxn_no_temporal_prior,synthetic-branch_a-16,3,classification
1.8352,vxn_no_temporal_prior,synthetic-branch_a-16,4,classification
2.1831,vxn_no_temporal_prior,synthetic-branch_a-17,0,classification
1.9621,vxn_no_temporal_prior,synthetic-branch_a-17,1,classification
1.9321,vxn_no_temporal_prior,synthetic-branch_a-17,2,classification
1.9259,vxn_no_temporal_prior,synthetic-branch_a-17,3,classification
2.0204,vxn_no_temporal_prior,synthetic-branch_a-17,4,classification
1.994,vxn_no_temporal_prior,synthetic-branch_a-18,0,classification
1.9404,vxn_no_temporal_prior,synthetic-branch_a-18,1,classification
2.0449,vxn_no_temporal_prior,synthetic-branch_a-18,2,classification
1.9647,vxn_no_temporal_prior,synthetic-branch_a-18,3,classification
1.864,vxn_no_temporal_prior,synthetic-branch_a-18,4,classification
2.1879,vxn_no_temporal_prior,synthetic-branch_a-19,0,classification
2.2337,vxn_no_temporal_prior,synthetic-branch_a-19,1,classification
2.1116,vxn_no_temporal_prior,synthetic-branch_a-19,2,classification
2.0695,vxn_no_temporal_prior,synthetic-branch_a-19,3,classification
1.9583,vxn_no_temporal_prior,synthetic-branch_a-19,4,classification
1.969,vxn_no_temporal_prior,synthetic-branch_a-20,0,classification
1.95,vxn_no_temporal_prior,synthetic-branch_a-20,1,classification
1.9309,vxn_no_temporal_prior,synthetic-branch_a-20,2,classification
1.9298,vxn_no_temporal_prior,synthetic-branch_a-20,3,classification
1.9304,vxn_no_temporal_prior,synthetic-branch_a-20,4,classification
2.1006,vxn_no_temporal_prior,synthetic-branch_a-21,0,classification
1.966,vxn_no_temporal_prior,synthetic-branch_a-21,1,classification
1.9989,vxn_no_temporal_prior,synthetic-branch_a-21,2,classification
1.9568,vxn_no_temporal_prior,synthetic-branch_a-21,3,classification
2.261,vxn_no_temporal_prior,synthetic-branch_a-21,4,classification
1.866,vxn_no_temporal_prior,synthetic-branch_a-22,0,classification
1.8442,vxn_no_temporal_prior,synthetic-branch_a-22,1,classification
1.8339,vxn_no_temporal_prior,synthetic-branch_a-22,2,classification
1.8229,vxn_no_temporal_prior,synthetic-branch_a-22,3,classification
1.8261,vxn_no_temporal_prior,synthetic-branch_a-22,4,classification
1.9938,vxn_no_temporal_prior,synthetic-branch_a-23,0,classification
1.9461,vxn_no_temporal_prior,synthetic-branch_a-23,1,classification
1.9332,vxn_no_temporal_prior,synthetic-branch_a-23,2,classification
1.9332,vxn_no_temporal_prior,synthetic-branch_a-23,3,classification
1.9264,vxn_no_temporal_prior,synthetic-branch_a-23,4,classification
2.4702,vxn_no_temporal_prior,synthetic-branch_b-00,0,classification
2.0505,vxn_no_temporal_prior,synthetic-branch_b-00,1,classification
1.9749,vxn_no_temporal_prior,synthetic-branch_b-00,2,classification
1.9545,vxn_no_temporal_prior,synthetic-branch_b-00,3,classification
2.0403,vxn_no_temporal_prior,synthetic-branch_b-00,4,classification
1.9976,vxn_no_temporal_prior,synthetic-branch_b-01,0,classification
1.9636,vxn_no_temporal_prior,synthetic-branch_b-01,1,classification
1.9514,vxn_no_temporal_prior,synthetic-branch_b-01,2,classification
1.946,vxn_no_temporal_prior,synthetic-branch_b-01,3,classification
1.9423,vxn_no_temporal_prior,synthetic-branch_b-01,4,classification
1.9589,vxn_no_temporal_prior,synthetic-branch_b-02,0,classification
1.8742,vxn_no_temporal_prior,synthetic-branch_b-02,1,classification
1.8557,vxn_no_temporal_prior,synthetic-branch_b-02,2,classification
1.8537,vxn_no_temporal_prior,synthetic-branch_b-02,3,classification
1.9326,vxn_no_temporal_prior,synthetic-branch_b-02,4,classification
2.035,vxn_no_temporal_prior,synthetic-branch_b-03,0,classification
1.8955,vxn_no_temporal_prior,synthetic-branch_b-03,1,classification
1.8635,vxn_no_temporal_prior,synthetic-branch_b-03,2,classification
1.8562,vxn_no_temporal_prior,synthetic-branch_b-03,3,classification
1.9719,vxn_no_temporal_prior,synthetic-branch_b-03,4,classification
1.9952,vxn_no_temporal_prior,synthetic-branch_b-04,0,classification
1.9663,vxn_no_temporal_prior,synthetic-branch_b-04,1,classification
1.9584,vxn_no_temporal_prior,synthetic-branch_b-04,2,classification
2.0291,vxn_no_temporal_prior,synthetic-branch_b-04,3,classification
1.9408,vxn_no_temporal_prior,synthetic-branch_b-04,4,classification
2.0263,vxn_no_temporal_prior,synthetic-branch_b-05,0,classification
2.3714,vxn_no_temporal_prior,synthetic-branch_b-05,1,classification
2.0514,vxn_no_temporal_prior,synthetic-branch_b-05,2,classification
1.9866,vxn_no_temporal_prior,synthetic-branch_b-05,3,classification
1.9575,vxn_no_temporal_prior,synthetic-branch_b-05,4,classification
2.5494,vxn_no_temporal_prior,synthetic-branch_b-06,0,classification
2.0678,vxn_no_temporal_prior,synthetic-branch_b-06,1,classification
2.121,vxn_no_temporal_prior,synthetic-branch_b-06,2,classification
2.067,vxn_no_temporal_prior,synthetic-branch_b-06,3,classification
2.0338,vxn_no_temporal_prior,synthetic-branch_b-06,4,classification
2.0397,vxn_no_temporal_prior,synthetic-branch_b-07,0,classification
2.1938,vxn_no_temporal_prior,synthetic-branch_b-07,1,classification
2.329,vxn_no_temporal_prior,synthetic-branch_b-07,2,classification
1.9874,vxn_no_temporal_prior,synthetic-branch_b-07,3,classification
2.8095,vxn_no_temporal_prior,synthetic-branch_b-07,4,classification
2.2714,vxn_no_temporal_prior,synthetic-branch_b-08,0,classification
1.8999,vxn_no_temporal_prior,synthetic-branch_b-08,1,classification
1.8513,vxn_no_temporal_prior,synthetic-branch_b-08,2,classification
2.4567,vxn_no_temporal_prior,synthetic-branch_b-08,3,classification
3.4689,vxn_no_temporal_prior,synthetic-branch_b-08,4,classification
1.9836,vxn_no_temporal_prior,synthetic-branch_b-09,0,classification
1.9629,vxn_no_temporal_prior,synthetic-branch_b-09,1,classification
2.3391,vxn_no_temporal_prior,synthetic-branch_b-09,2,classification
2.5837,vxn_no_temporal_prior,synthetic-branch_b-09,3,classification
1.9492,vxn_no_temporal_prior,synthetic-branch_b-09,4,classification
2.0175,vxn_no_temporal_prior,synthetic-branch_b-10,0,classification
2.0186,vxn_no_temporal_prior,synthetic-branch_b-10,1,classification
3.2981,vxn_no_temporal_prior,synthetic-branch_b-10,2,classification
2.2838,vxn_no_temporal_prior,synthetic-branch_b-10,3,classification
1.9683,vxn_no_temporal_prior,synthetic-branch_b-10,4,classification
2.0128,vxn_no_temporal_prior,synthetic-branch_b-11,0,classification
2.722,vxn_no_temporal_prior,synthetic-branch_b-11,1,classification
2.0219,vxn_no_temporal_prior,synthetic-branch_b-11,2,classification
2.0425,vxn_no_temporal_prior,synthetic-branch_b-11,3,classification
2.4836,vxn_no_temporal_prior,synthetic-branch_b-11,4,classification
2.2863,vxn_no_temporal_prior,synthetic-branch_b-12,0,classification
2.5526,vxn_no_temporal_prior,synthetic-branch_b-12,1,classification
2.249,vxn_no_temporal_prior,synthetic-branch_b-12,2,classification
2.0372,vxn_no_temporal_prior,synthetic-branch_b-12,3,classification
1.8557,vxn_no_temporal_prior,synthetic-branch_b-12,4,classification
2.8104,vxn_no_temporal_prior,synthetic-branch_b-13,0,classification
2.1755,vxn_no_temporal_prior,synthetic-branch_b-13,1,classification
2.2693,vxn_no_temporal_prior,synthetic-branch_b-13,2,classification
1.9011,vxn_no_temporal_prior,synthetic-branch_b-13,3,classification
1.8554,vxn_no_temporal_prior,synthetic-branch_b-13,4,classification
3.1409,vxn_no_temporal_prior,synthetic-branch_b-14,0,classification
2.519,vxn_no_temporal_prior,synthetic-branch_b-14,1,classification
2.1361,vxn_no_temporal_prior,synthetic-branch_b-14,2,classification
1.964,vxn_no_temporal_prior,synthetic-branch_b-14,3,classification
1.9567,vxn_no_temporal_prior,synthetic-branch_b-14,4,classification
2.209,vxn_no_temporal_prior,synthetic-branch_b-15,0,classification
1.9986,vxn_no_temporal_prior,synthetic-branch_b-15,1,classification
2.1276,vxn_no_temporal_prior,synthetic-branch_b-15,2,classification
2.2744,vxn_no_temporal_prior,synthetic-branch_b-15,3,classification
1.9108,vxn_no_temporal_prior,synthetic-branch_b-15,4,classification
2.1981,vxn_no_temporal_prior,synthetic-branch_b-16,0,classification
2.0281,vxn_no_temporal_prior,synthetic-branch_b-16,1,classification
1.8647,vxn_no_temporal_prior,synthetic-branch_b-16,2,classification
1.8469,vxn_no_temporal_prior,synthetic-branch_b-16,3,classification
1.8461,vxn_no_temporal_prior,synthetic-branch_b-16,4,classification
2.3957,vxn_no_temporal_prior,synthetic-branch_b-17,0,classification
2.0537,vxn_no_temporal_prior,synthetic-branch_b-17,1,classification
2.1977,vxn_no_temporal_prior,synthetic-branch_b-17,2,classification
2.2245,vxn_no_temporal_prior,synthetic-branch_b-17,3,classification
2.0417,vxn_no_temporal_prior,synthetic-branch_b-17,4,classification
2.0714,vxn_no_temporal_prior,synthetic-branch_b-18,0,classification
2.0362,vxn_no_temporal_prior,synthetic-branch_b-18,1,classification
1.9972,vxn_no_temporal_prior,synthetic-branch_b-18,2,classification
2.0039,vxn_no_temporal_prior,synthetic-branch_b-18,3,classification
1.998,vxn_no_temporal_prior,synthetic-branch_b-18,4,classification
2.0423,vxn_no_temporal_prior,synthetic-branch_b-19,0,classification
2.0583,vxn_no_temporal_prior,synthetic-branch_b-19,1,classification
1.9895,vxn_no_temporal_prior,synthetic-branch_b-19,2,classification
1.9917,vxn_no_temporal_prior,synthetic-branch_b-19,3,classification
2.052,vxn_no_temporal_prior,synthetic-branch_b-19,4,classification
2.024,vxn_no_temporal_prior,synthetic-branch_b-20,0,classification
2.0166,vxn_no_temporal_prior,synthetic-branch_b-20,1,classification
1.9786,vxn_no_temporal_prior,synthetic-branch_b-20,2,classification
1.9785,vxn_no_temporal_prior,synthetic-branch_b-20,3,classification
1.983,vxn_no_temporal_prior,synthetic-branch_b-20,4,classification
2.0236,vxn_no_temporal_prior,synthetic-branch_b-21,0,classification
2.0132,vxn_no_temporal_prior,synthetic-branch_b-21,1,classification
1.9871,vxn_no_temporal_prior,synthetic-branch_b-21,2,classification
1.9774,vxn_no_temporal_prior,synthetic-branch_b-21,3,classification
2.0182,vxn_no_temporal_prior,synthetic-branch_b-21,4,classification
2.0313,vxn_no_temporal_prior,synthetic-branch_b-22,0,classification
2.0175,vxn_no_temporal_prior,synthetic-branch_b-22,1,classification
1.9785,vxn_no_temporal_prior,synthetic-branch_b-22,2,classification
2.1261,vxn_no_temporal_prior,synthetic-branch_b-22,3,classification
2.4024,vxn_no_temporal_prior,synthetic-branch_b-22,4,classification
1.899,vxn_no_temporal_prior,synthetic-branch_b-23,0,classification
1.8552,vxn_no_temporal_prior,synthetic-branch_b-23,1,classification
1.8672,vxn_no_temporal_prior,synthetic-branch_b-23,2,classification
2.0461,vxn_no_temporal_prior,synthetic-branch_b-23,3,classification
2.1252,vxn_no_temporal_prior,synthetic-branch_b-23,4,classification
2.0705,vxn_no_temporal_prior,synthetic-unknown-00,0,classification
2.0134,vxn_no_temporal_prior,synthetic-unknown-00,1,classification
2.1421,vxn_no_temporal_prior,synthetic-unknown-00,2,classification
2.1781,vxn_no_temporal_prior,synthetic-unknown-00,3,classification
2.6385,vxn_no_temporal_prior,synthetic-unknown-00,4,classification
2.0624,vxn_no_temporal_prior,synthetic-unknown-01,0,classification
2.005,vxn_no_temporal_prior,synthetic-unknown-01,1,classification
2.0358,vxn_no_temporal_prior,synthetic-unknown-01,2,classification
2.3526,vxn_no_temporal_prior,synthetic-unknown-01,3,classification
2.9546,vxn_no_temporal_prior,synthetic-unknown-01,4,classification
2.1242,vxn_no_temporal_prior,synthetic-unknown-02,0,classification
1.8539,vxn_no_temporal_prior,synthetic-unknown-02,1,classification
1.8338,vxn_no_temporal_prior,synthetic-unknown-02,2,classification
2.6631,vxn_no_temporal_prior,synthetic-unknown-02,3,classification
2.2189,vxn_no_temporal_prior,synthetic-unknown-02,4,classification
2.0643,vxn_no_temporal_prior,synthetic-unknown-03,0,classification
2.0407,vxn_no_temporal_prior,synthetic-unknown-03,1,classification
1.9722,vxn_no_temporal_prior,synthetic-unknown-03,2,classification
2.7136,vxn_no_temporal_prior,synthetic-unknown-03,3,classification
2.1575,vxn_no_temporal_prior,synthetic-unknown-03,4,classification
2.3096,vxn_no_temporal_prior,synthetic-unknown-04,0,classification
2.1063,vxn_no_temporal_prior,synthetic-unknown-04,1,classification
2.0927,vxn_no_temporal_prior,synthetic-unknown-04,2,classification
2.4513,vxn_no_temporal_prior,synthetic-unknown-04,3,classification
1.8966,vxn_no_temporal_prior,synthetic-unknown-04,4,classification
2.0142,vxn_no_temporal_prior,synthetic-unknown-05,0,classification
1.9601,vxn_no_temporal_prior,synthetic-unknown-05,1,classification
2.5365,vxn_no_temporal_prior,synthetic-unknown-05,2,classification
2.3823,vxn_no_temporal_prior,synthetic-unknown-05,3,classification
2.0255,vxn_no_temporal_prior,synthetic-unknown-05,4,classification
1.9741,vxn_no_temporal_prior,synthetic-unknown-06,0,classification
1.9414,vxn_no_temporal_prior,synthetic-unknown-06,1,classification
2.5175,vxn_no_temporal_prior,synthetic-unknown-06,2,classification
2.1995,vxn_no_temporal_prior,synthetic-unknown-06,3,classification
2.0436,vxn_no_temporal_prior,synthetic-unknown-06,4,classification
2.0256,vxn_no_temporal_prior,synthetic-unknown-07,0,classification
1.9878,vxn_no_temporal_prior,synthetic-unknown-07,1,classification
3.4,vxn_no_temporal_prior,synthetic-unknown-07,2,classification
2.1218,vxn_no_temporal_prior,synthetic-unknown-07,3,classification
2.0126,vxn_no_temporal_prior,synthetic-unknown-07,4,classification
1.8931,vxn_no_temporal_prior,synthetic-unknown-08,0,classification
2.6642,vxn_no_temporal_prior,synthetic-unknown-08,1,classification
2.0237,vxn_no_temporal_prior,synthetic-unknown-08,2,classification
1.8796,vxn_no_temporal_prior,synthetic-unknown-08,3,classification
1.9607,vxn_no_temporal_prior,synthetic-unknown-08,4,classification
2.4144,vxn_no_temporal_prior,synthetic-unknown-09,0,classification
2.8563,vxn_no_temporal_prior,synthetic-unknown-09,1,classification
2.08,vxn_no_temporal_prior,synthetic-unknown-09,2,classification
2.1322,vxn_no_temporal_prior,synthetic-unknown-09,3,classification
2.0074,vxn_no_temporal_prior,synthetic-unknown-09,4,classification
3.3329,vxn_no_temporal_prior,synthetic-unknown-10,0,classification
2.0326,vxn_no_temporal_prior,synthetic-unknown-10,1,classification
2.0475,vxn_no_temporal_prior,synthetic-unknown-10,2,classification
1.9436,vxn_no_temporal_prior,synthetic-unknown-10,3,classification
1.9351,vxn_no_temporal_prior,synthetic-unknown-10,4,classification
2.8826,vxn_no_temporal_prior,synthetic-unknown-11,0,classification
2.0413,vxn_no_temporal_prior,synthetic-unknown-11,1,classification
2.3588,vxn_no_temporal_prior,synthetic-unknown-11,2,classification
1.8919,vxn_no_temporal_prior,synthetic-unknown-11,3,classification
1.8531,vxn_no_temporal_prior,synthetic-unknown-11,4,classification
2.1625,vxn_no_temporal_prior,synthetic-unknown-12,0,classification
1.9648,vxn_no_temporal_prior,synthetic-unknown-12,1,classification
1.8617,vxn_no_temporal_prior,synthetic-unknown-12,2,classification
1.8616,vxn_no_temporal_prior,synthetic-unknown-12,3,classification
2.1981,vxn_no_temporal_prior,synthetic-unknown-12,4,classification
2.0713,vxn_no_temporal_prior,synthetic-unknown-13,0,classification
1.866,vxn_no_temporal_prior,synthetic-unknown-13,1,classification
1.8385,vxn_no_temporal_prior,synthetic-unknown-13,2,classification
1.8344,vxn_no_temporal_prior,synthetic-unknown-13,3,classification
1.8277,vxn_no_temporal_prior,synthetic-unknown-13,4,classification
2.029,vxn_no_temporal_prior,synthetic-unknown-14,0,classification
1.9477,vxn_no_temporal_prior,synthetic-unknown-14,1,classification
1.9415,vxn_no_temporal_prior,synthetic-unknown-14,2,classification
1.9318,vxn_no_temporal_prior,synthetic-unknown-14,3,classification
1.9298,vxn_no_temporal_prior,synthetic-unknown-14,4,classification
1.8992,vxn_no_temporal_prior,synthetic-unknown-15,0,classification
1.8604,vxn_no_temporal_prior,synthetic-unknown-15,1,classification
2.5016,vxn_no_temporal_prior,synthetic-unknown-15,2,classification
2.097,vxn_no_temporal_prior,synthetic-unknown-15,3,classification
1.9547,vxn_no_temporal_prior,synthetic-unknown-15,4,classification
1.9704,vxn_no_temporal_prior,synthetic-unknown-16,0,classification
1.9303,vxn_no_temporal_prior,synthetic-unknown-16,1,classification
1.9205,vxn_no_temporal_prior,synthetic-unknown-16,2,classification
2.5059,vxn_no_temporal_prior,synthetic-unknown-16,3,classification
2.3428,vxn_no_temporal_prior,synthetic-unknown-16,4,classification
2.0932,vxn_no_temporal_prior,synthetic-unknown-17,0,classification
1.9534,vxn_no_temporal_prior,synthetic-unknown-17,1,classification
1.8661,vxn_no_temporal_prior,synthetic-unknown-17,2,classification
2.0157,vxn_no_temporal_prior,synthetic-unknown-17,3,classification
2.5443,vxn_no_temporal_prior,synthetic-unknown-17,4,classification
1.873,vxn_no_temporal_prior,synthetic-unknown-18,0,classification
2.1753,vxn_no_temporal_prior,synthetic-unknown-18,1,classification
1.9094,vxn_no_temporal_prior,synthetic-unknown-18,2,classification
1.8222,vxn_no_temporal_prior,synthetic-unknown-18,3,classification
2.63,vxn_no_temporal_prior,synthetic-unknown-18,4,classification
1.8847,vxn_no_temporal_prior,synthetic-unknown-19,0,classification
1.8634,vxn_no_temporal_prior,synthetic-unknown-19,1,classification
1.8589,vxn_no_temporal_prior,synthetic-unknown-19,2,classification
1.8445,vxn_no_temporal_prior,synthetic-unknown-19,3,classification
2.758,vxn_no_temporal_prior,synthetic-unknown-19,4,classification
1.8601,vxn_no_temporal_prior,synthetic-unknown-20,0,classification
1.8362,vxn_no_temporal_prior,synthetic-unknown-20,1,classification
1.8247,vxn_no_temporal_prior,synthetic-unknown-20,2,classification
1.8263,vxn_no_temporal_prior,synthetic-unknown-20,3,classification
2.2563,vxn_no_temporal_prior,synthetic-unknown-20,4,classification
1.8738,vxn_no_temporal_prior,synthetic-unknown-21,0,classification
1.8463,vxn_no_temporal_prior,synthetic-unknown-21,1,classification
1.84,vxn_no_temporal_prior,synthetic-unknown-21,2,classification
2.392,vxn_no_temporal_prior,synthetic-unknown-21,3,classification
2.2639,vxn_no_temporal_prior,synthetic-unknown-21,4,classification
1.8758,vxn_no_temporal_prior,synthetic-unknown-22,0,classification
1.8498,vxn_no_temporal_prior,synthetic-unknown-22,1,classification
2.121,vxn_no_temporal_prior,synthetic-unknown-22,2,classification
2.0925,vxn_no_temporal_prior,synthetic-unknown-22,3,classification
2.252,vxn_no_temporal_prior,synthetic-unknown-22,4,classification
1.8659,vxn_no_temporal_prior,synthetic-unknown-23,0,classification
1.8433,vxn_no_temporal_prior,synthetic-unknown-23,1,classification
1.9957,vxn_no_temporal_prior,synthetic-unknown-23,2,classification
1.9863,vxn_no_temporal_prior,synthetic-unknown-23,3,classification
2.1422,vxn_no_temporal_prior,synthetic-unknown-23,4,classification
1.8702,vxn_no_temporal_prior,synthetic-ambiguous-00,0,classification
1.8435,vxn_no_temporal_prior,synthetic-ambiguous-00,1,classification
1.8347,vxn_no_temporal_prior,synthetic-ambiguous-00,2,classification
1.9459,vxn_no_temporal_prior,synthetic-ambiguous-00,3,classification
2.4793,vxn_no_temporal_prior,synthetic-ambiguous-00,4,classification
1.8744,vxn_no_temporal_prior,synthetic-ambiguous-01,0,classification
1.8403,vxn_no_temporal_prior,synthetic-ambiguous-01,1,classification
1.8371,vxn_no_temporal_prior,synthetic-ambiguous-01,2,classification
1.8267,vxn_no_temporal_prior,synthetic-ambiguous-01,3,classification
1.9196,vxn_no_temporal_prior,synthetic-ambiguous-01,4,classification
1.8772,vxn_no_temporal_prior,synthetic-ambiguous-02,0,classification
2.3889,vxn_no_temporal_prior,synthetic-ambiguous-02,1,classification
1.978,vxn_no_temporal_prior,synthetic-ambiguous-02,2,classification
1.9567,vxn_no_temporal_prior,synthetic-ambiguous-02,3,classification
1.9903,vxn_no_temporal_prior,synthetic-ambiguous-02,4,classification
1.8682,vxn_no_temporal_prior,synthetic-ambiguous-03,0,classification
1.8428,vxn_no_temporal_prior,synthetic-ambiguous-03,1,classification
1.8376,vxn_no_temporal_prior,synthetic-ambiguous-03,2,classification
1.8434,vxn_no_temporal_prior,synthetic-ambiguous-03,3,classification
1.8305,vxn_no_temporal_prior,synthetic-ambiguous-03,4,classification
2.1341,vxn_no_temporal_prior,synthetic-ambiguous-04,0,classification
1.8765,vxn_no_temporal_prior,synthetic-ambiguous-04,1,classification
1.846,vxn_no_temporal_prior,synthetic-ambiguous-04,2,classification
1.8368,vxn_no_temporal_prior,synthetic-ambiguous-04,3,classification
1.8358,vxn_no_temporal_prior,synthetic-ambiguous-04,4,classification
1.9753,vxn_no_temporal_prior,synthetic-ambiguous-05,0,classification
1.8698,vxn_no_temporal_prior,synthetic-ambiguous-05,1,classification
2.7117,vxn_no_temporal_prior,synthetic-ambiguous-05,2,classification
2.3477,vxn_no_temporal_prior,synthetic-ambiguous-05,3,classification
2.0882,vxn_no_temporal_prior,synthetic-ambiguous-05,4,classification
1.8658,vxn_no_temporal_prior,synthetic-ambiguous-06,0,classification
1.8367,vxn_no_temporal_prior,synthetic-ambiguous-06,1,classification
1.8261,vxn_no_temporal_prior,synthetic-ambiguous-06,2,classification
1.83,vxn_no_temporal_prior,synthetic-ambiguous-06,3,classification
1.8283,vxn_no_temporal_prior,synthetic-ambiguous-06,4,classification
1.9869,vxn_no_temporal_prior,synthetic-ambiguous-07,0,classification
1.9783,vxn_no_temporal_prior,synthetic-ambiguous-07,1,classification
1.955,vxn_no_temporal_prior,synthetic-ambiguous-07,2,classification
1.951,vxn_no_temporal_prior,synthetic-ambiguous-07,3,classification
1.9421,vxn_no_temporal_prior,synthetic-ambiguous-07,4,classification
1.9937,vxn_no_temporal_prior,synthetic-ambiguous-08,0,classification
1.9625,vxn_no_temporal_prior,synthetic-ambiguous-08,1,classification
1.9547,vxn_no_temporal_prior,synthetic-ambiguous-08,2,classification
1.945,vxn_no_temporal_prior,synthetic-ambiguous-08,3,classification
2.119,vxn_no_temporal_prior,synthetic-ambiguous-08,4,classification
2.1137,vxn_no_temporal_prior,synthetic-ambiguous-09,0,classification
2.2506,vxn_no_temporal_prior,synthetic-ambiguous-09,1,classification
2.1192,vxn_no_temporal_prior,synthetic-ambiguous-09,2,classification
1.9787,vxn_no_temporal_prior,synthetic-ambiguous-09,3,classification
2.9662,vxn_no_temporal_prior,synthetic-ambiguous-09,4,classification
2.1922,vxn_no_temporal_prior,synthetic-ambiguous-10,0,classification
2.0371,vxn_no_temporal_prior,synthetic-ambiguous-10,1,classification
1.9927,vxn_no_temporal_prior,synthetic-ambiguous-10,2,classification
2.7913,vxn_no_temporal_prior,synthetic-ambiguous-10,3,classification
2.7243,vxn_no_temporal_prior,synthetic-ambiguous-10,4,classification
1.9928,vxn_no_temporal_prior,synthetic-ambiguous-11,0,classification
2.5253,vxn_no_temporal_prior,synthetic-ambiguous-11,1,classification
3.0269,vxn_no_temporal_prior,synthetic-ambiguous-11,2,classification
2.561,vxn_no_temporal_prior,synthetic-ambiguous-11,3,classification
2.0426,vxn_no_temporal_prior,synthetic-ambiguous-11,4,classification
0.0025,fixed_branch_a,synthetic-branch_a-00,0,classification
0.0006,fixed_branch_a,synthetic-branch_a-00,1,classification
0.0005,fixed_branch_a,synthetic-branch_a-00,2,classification
0.0004,fixed_branch_a,synthetic-branch_a-00,3,classification
0.0004,fixed_branch_a,synthetic-branch_a-00,4,classification
0.0005,fixed_branch_a,synthetic-branch_a-01,0,classification
0.0005,fixed_branch_a,synthetic-branch_a-01,1,classification
0.0004,fixed_branch_a,synthetic-branch_a-01,2,classification
0.0005,fixed_branch_a,synthetic-branch_a-01,3,classification
0.0006,fixed_branch_a,synthetic-branch_a-01,4,classification
0.0005,fixed_branch_a,synthetic-branch_a-02,0,classification
0.0005,fixed_branch_a,synthetic-branch_a-02,1,classification
0.0005,fixed_branch_a,synthetic-branch_a-02,2,classification
0.0004,fixed_branch_a,synthetic-branch_a-02,3,classification
0.0005,fixed_branch_a,synthetic-branch_a-02,4,classification
0.0005,fixed_branch_a,synthetic-branch_a-03,0,classification
0.0005,fixed_branch_a,synthetic-branch_a-03,1,classification
0.0004,fixed_branch_a,synthetic-branch_a-03,2,classification
0.0004,fixed_branch_a,synthetic-branch_a-03,3,classification
0.0004,fixed_branch_a,synthetic-branch_a-03,4,classification
0.0004,fixed_branch_a,synthetic-branch_a-04,0,classification
0.0004,fixed_branch_a,synthetic-branch_a-04,1,classification
0.0005,fixed_branch_a,synthetic-branch_a-04,2,classification
0.0004,fixed_branch_a,synthetic-branch_a-04,3,classification
0.0005,fixed_branch_a,synthetic-branch_a-04,4,classification
0.0004,fixed_branch_a,synthetic-branch_a-05,0,classification
0.0005,fixed_branch_a,synthetic-branch_a-05,1,classification
0.0005,fixed_branch_a,synthetic-branch_a-05,2,classification
0.0005,fixed_branch_a,synthetic-branch_a-05,3,classification
0.0004,fixed_branch_a,synthetic-branch_a-05,4,classification
0.0005,fixed_branch_a,synthetic-branch_a-06,0,classification
0.0005,fixed_branch_a,synthetic-branch_a-06,1,classification
0.0005,fixed_branch_a,synthetic-branch_a-06,2,classification
0.0005,fixed_branch_a,synthetic-branch_a-06,3,classification
0.0004,fixed_branch_a,synthetic-branch_a-06,4,classification
0.0005,fixed_branch_a,synthetic-branch_a-07,0,classification
0.0005,fixed_branch_a,synthetic-branch_a-07,1,classification
0.0005,fixed_branch_a,synthetic-branch_a-07,2,classification
0.0004,fixed_branch_a,synthetic-branch_a-07,3,classification
0.0004,fixed_branch_a,synthetic-branch_a-07,4,classification
0.0005,fixed_branch_a,synthetic-branch_a-08,0,classification
0.0004,fixed_branch_a,synthetic-branch_a-08,1,classification
0.0005,fixed_branch_a,synthetic-branch_a-08,2,classification
0.0005,fixed_branch_a,synthetic-branch_a-08,3,classification
0.0005,fixed_branch_a,synthetic-branch_a-08,4,classification
0.0005,fixed_branch_a,synthetic-branch_a-09,0,classification
0.0005,fixed_branch_a,synthetic-branch_a-09,1,classification
0.0004,fixed_branch_a,synthetic-branch_a-09,2,classification
0.0005,fixed_branch_a,synthetic-branch_a-09,3,classification
0.0004,fixed_branch_a,synthetic-branch_a-09,4,classification
0.0004,fixed_branch_a,synthetic-branch_a-10,0,classification
0.0004,fixed_branch_a,synthetic-branch_a-10,1,classification
0.0005,fixed_branch_a,synthetic-branch_a-10,2,classification
0.0005,fixed_branch_a,synthetic-branch_a-10,3,classification
0.0003,fixed_branch_a,synthetic-branch_a-10,4,classification
0.0004,fixed_branch_a,synthetic-branch_a-11,0,classification
0.0005,fixed_branch_a,synthetic-branch_a-11,1,classification
0.0005,fixed_branch_a,synthetic-branch_a-11,2,classification
0.0004,fixed_branch_a,synthetic-branch_a-11,3,classification
0.0005,fixed_branch_a,synthetic-branch_a-11,4,classification
0.0005,fixed_branch_a,synthetic-branch_a-12,0,classification
0.0005,fixed_branch_a,synthetic-branch_a-12,1,classification
0.0004,fixed_branch_a,synthetic-branch_a-12,2,classification
0.0005,fixed_branch_a,synthetic-branch_a-12,3,classification
0.0004,fixed_branch_a,synthetic-branch_a-12,4,classification
0.0005,fixed_branch_a,synthetic-branch_a-13,0,classification
0.0004,fixed_branch_a,synthetic-branch_a-13,1,classification
0.0004,fixed_branch_a,synthetic-branch_a-13,2,classification
0.0005,fixed_branch_a,synthetic-branch_a-13,3,classification
0.0004,fixed_branch_a,synthetic-branch_a-13,4,classification
0.0005,fixed_branch_a,synthetic-branch_a-14,0,classification
0.0006,fixed_branch_a,synthetic-branch_a-14,1,classification
0.0005,fixed_branch_a,synthetic-branch_a-14,2,classification
0.0005,fixed_branch_a,synthetic-branch_a-14,3,classification
0.0004,fixed_branch_a,synthetic-branch_a-14,4,classification
0.0003,fixed_branch_a,synthetic-branch_a-15,0,classification
0.0006,fixed_branch_a,synthetic-branch_a-15,1,classification
0.0005,fixed_branch_a,synthetic-branch_a-15,2,classification
0.0005,fixed_branch_a,synthetic-branch_a-15,3,classification
0.0005,fixed_branch_a,synthetic-branch_a-15,4,classification
0.0005,fixed_branch_a,synthetic-branch_a-16,0,classification
0.0003,fixed_branch_a,synthetic-branch_a-16,1,classification
0.0005,fixed_branch_a,synthetic-branch_a-16,2,classification
0.0005,fixed_branch_a,synthetic-branch_a-16,3,classification
0.0005,fixed_branch_a,synthetic-branch_a-16,4,classification
0.0004,fixed_branch_a,synthetic-branch_a-17,0,classification
0.0005,fixed_branch_a,synthetic-branch_a-17,1,classification
0.0004,fixed_branch_a,synthetic-branch_a-17,2,classification
0.0005,fixed_branch_a,synthetic-branch_a-17,3,classification
0.0004,fixed_branch_a,synthetic-branch_a-17,4,classification
0.0004,fixed_branch_a,synthetic-branch_a-18,0,classification
0.0005,fixed_branch_a,synthetic-branch_a-18,1,classification
0.0004,fixed_branch_a,synthetic-branch_a-18,2,classification
0.0005,fixed_branch_a,synthetic-branch_a-18,3,classification
0.0003,fixed_branch_a,synthetic-branch_a-18,4,classification
0.0005,fixed_branch_a,synthetic-branch_a-19,0,classification
0.0004,fixed_branch_a,synthetic-branch_a-19,1,classification
0.0005,fixed_branch_a,synthetic-branch_a-19,2,classification
0.0005,fixed_branch_a,synthetic-branch_a-19,3,classification
0.0003,fixed_branch_a,synthetic-branch_a-19,4,classification
0.0004,fixed_branch_a,synthetic-branch_a-20,0,classification
0.0005,fixed_branch_a,synthetic-branch_a-20,1,classification
0.0005,fixed_branch_a,synthetic-branch_a-20,2,classification
0.0005,fixed_branch_a,synthetic-branch_a-20,3,classification
0.0004,fixed_branch_a,synthetic-branch_a-20,4,classification
0.0005,fixed_branch_a,synthetic-branch_a-21,0,classification
0.0005,fixed_branch_a,synthetic-branch_a-21,1,classification
0.0005,fixed_branch_a,synthetic-branch_a-21,2,classification
0.0005,fixed_branch_a,synthetic-branch_a-21,3,classification
0.0005,fixed_branch_a,synthetic-branch_a-21,4,classification
0.0005,fixed_branch_a,synthetic-branch_a-22,0,classification
0.0005,fixed_branch_a,synthetic-branch_a-22,1,classification
0.0004,fixed_branch_a,synthetic-branch_a-22,2,classification
0.0005,fixed_branch_a,synthetic-branch_a-22,3,classification
0.0004,fixed_branch_a,synthetic-branch_a-22,4,classification
0.0004,fixed_branch_a,synthetic-branch_a-23,0,classification
0.0006,fixed_branch_a,synthetic-branch_a-23,1,classification
0.0004,fixed_branch_a,synthetic-branch_a-23,2,classification
0.0005,fixed_branch_a,synthetic-branch_a-23,3,classification
0.0004,fixed_branch_a,synthetic-branch_a-23,4,classification
0.0004,fixed_branch_a,synthetic-branch_b-00,0,classification
0.0005,fixed_branch_a,synthetic-branch_b-00,1,classification
0.0005,fixed_branch_a,synthetic-branch_b-00,2,classification
0.0004,fixed_branch_a,synthetic-branch_b-00,3,classification
0.0005,fixed_branch_a,synthetic-branch_b-00,4,classification
0.0005,fixed_branch_a,synthetic-branch_b-01,0,classification
0.0004,fixed_branch_a,synthetic-branch_b-01,1,classification
0.0005,fixed_branch_a,synthetic-branch_b-01,2,classification
0.0004,fixed_branch_a,synthetic-branch_b-01,3,classification
0.0004,fixed_branch_a,synthetic-branch_b-01,4,classification
0.0005,fixed_branch_a,synthetic-branch_b-02,0,classification
0.0005,fixed_branch_a,synthetic-branch_b-02,1,classification
0.0004,fixed_branch_a,synthetic-branch_b-02,2,classification
0.0005,fixed_branch_a,synthetic-branch_b-02,3,classification
0.0005,fixed_branch_a,synthetic-branch_b-02,4,classification
0.0005,fixed_branch_a,synthetic-branch_b-03,0,classification
0.0004,fixed_branch_a,synthetic-branch_b-03,1,classification
0.0004,fixed_branch_a,synthetic-branch_b-03,2,classification
0.0005,fixed_branch_a,synthetic-branch_b-03,3,classification
0.0004,fixed_branch_a,synthetic-branch_b-03,4,classification
0.0004,fixed_branch_a,synthetic-branch_b-04,0,classification
0.0005,fixed_branch_a,synthetic-branch_b-04,1,classification
0.0005,fixed_branch_a,synthetic-branch_b-04,2,classification
0.0004,fixed_branch_a,synthetic-branch_b-04,3,classification
0.0005,fixed_branch_a,synthetic-branch_b-04,4,classification
0.0005,fixed_branch_a,synthetic-branch_b-05,0,classification
0.0005,fixed_branch_a,synthetic-branch_b-05,1,classification
0.0004,fixed_branch_a,synthetic-branch_b-05,2,classification
0.0005,fixed_branch_a,synthetic-branch_b-05,3,classification
0.0005,fixed_branch_a,synthetic-branch_b-05,4,classification
0.0004,fixed_branch_a,synthetic-branch_b-06,0,classification
0.0005,fixed_branch_a,synthetic-branch_b-06,1,classification
0.0004,fixed_branch_a,synthetic-branch_b-06,2,classification
0.0004,fixed_branch_a,synthetic-branch_b-06,3,classification
0.0005,fixed_branch_a,synthetic-branch_b-06,4,classification
0.0005,fixed_branch_a,synthetic-branch_b-07,0,classification
0.0004,fixed_branch_a,synthetic-branch_b-07,1,classification
0.0004,fixed_branch_a,synthetic-branch_b-07,2,classification
0.0004,fixed_branch_a,synthetic-branch_b-07,3,classification
0.0005,fixed_branch_a,synthetic-branch_b-07,4,classification
0.0005,fixed_branch_a,synthetic-branch_b-08,0,classification
0.0005,fixed_branch_a,synthetic-branch_b-08,1,classification
0.0005,fixed_branch_a,synthetic-branch_b-08,2,classification
0.0005,fixed_branch_a,synthetic-branch_b-08,3,classification
0.0005,fixed_branch_a,synthetic-branch_b-08,4,classification
0.0004,fixed_branch_a,synthetic-branch_b-09,0,classification
0.0004,fixed_branch_a,synthetic-branch_b-09,1,classification
0.0005,fixed_branch_a,synthetic-branch_b-09,2,classification
0.0005,fixed_branch_a,synthetic-branch_b-09,3,classification
0.0004,fixed_branch_a,synthetic-branch_b-09,4,classification
0.0004,fixed_branch_a,synthetic-branch_b-10,0,classification
0.0005,fixed_branch_a,synthetic-branch_b-10,1,classification
0.0004,fixed_branch_a,synthetic-branch_b-10,2,classification
0.0004,fixed_branch_a,synthetic-branch_b-10,3,classification
0.0004,fixed_branch_a,synthetic-branch_b-10,4,classification
0.0005,fixed_branch_a,synthetic-branch_b-11,0,classification
0.0005,fixed_branch_a,synthetic-branch_b-11,1,classification
0.0004,fixed_branch_a,synthetic-branch_b-11,2,classification
0.0005,fixed_branch_a,synthetic-branch_b-11,3,classification
0.0004,fixed_branch_a,synthetic-branch_b-11,4,classification
0.0004,fixed_branch_a,synthetic-branch_b-12,0,classification
0.0004,fixed_branch_a,synthetic-branch_b-12,1,classification
0.0005,fixed_branch_a,synthetic-branch_b-12,2,classification
0.0006,fixed_branch_a,synthetic-branch_b-12,3,classification
0.0004,fixed_branch_a,synthetic-branch_b-12,4,classification
0.0005,fixed_branch_a,synthetic-branch_b-13,0,classification
0.0005,fixed_branch_a,synthetic-branch_b-13,1,classification
0.0005,fixed_branch_a,synthetic-branch_b-13,2,classification
0.0005,fixed_branch_a,synthetic-branch_b-13,3,classification
0.0004,fixed_branch_a,synthetic-branch_b-13,4,classification
0.0004,fixed_branch_a,synthetic-branch_b-14,0,classification
0.0005,fixed_branch_a,synthetic-branch_b-14,1,classification
0.0004,fixed_branch_a,synthetic-branch_b-14,2,classification
0.0005,fixed_branch_a,synthetic-branch_b-14,3,classification
0.0005,fixed_branch_a,synthetic-branch_b-14,4,classification
0.0004,fixed_branch_a,synthetic-branch_b-15,0,classification
0.0005,fixed_branch_a,synthetic-branch_b-15,1,classification
0.0004,fixed_branch_a,synthetic-branch_b-15,2,classification
0.0004,fixed_branch_a,synthetic-branch_b-15,3,classification
0.0004,fixed_branch_a,synthetic-branch_b-15,4,classification
0.0005,fixed_branch_a,synthetic-branch_b-16,0,classification
0.0006,fixed_branch_a,synthetic-branch_b-16,1,classification
0.0004,fixed_branch_a,synthetic-branch_b-16,2,classification
0.0005,fixed_branch_a,synthetic-branch_b-16,3,classification
0.0005,fixed_branch_a,synthetic-branch_b-16,4,classification
0.0004,fixed_branch_a,synthetic-branch_b-17,0,classification
0.0004,fixed_branch_a,synthetic-branch_b-17,1,classification
0.0005,fixed_branch_a,synthetic-branch_b-17,2,classification
0.0005,fixed_branch_a,synthetic-branch_b-17,3,classification
0.0004,fixed_branch_a,synthetic-branch_b-17,4,classification
0.0005,fixed_branch_a,synthetic-branch_b-18,0,classification
0.0004,fixed_branch_a,synthetic-branch_b-18,1,classification
0.0005,fixed_branch_a,synthetic-branch_b-18,2,classification
0.0004,fixed_branch_a,synthetic-branch_b-18,3,classification
0.0005,fixed_branch_a,synthetic-branch_b-18,4,classification
0.0004,fixed_branch_a,synthetic-branch_b-19,0,classification
0.0005,fixed_branch_a,synthetic-branch_b-19,1,classification
0.0005,fixed_branch_a,synthetic-branch_b-19,2,classification
0.0004,fixed_branch_a,synthetic-branch_b-19,3,classification
0.0005,fixed_branch_a,synthetic-branch_b-19,4,classification
0.0004,fixed_branch_a,synthetic-branch_b-20,0,classification
0.0005,fixed_branch_a,synthetic-branch_b-20,1,classification
0.0005,fixed_branch_a,synthetic-branch_b-20,2,classification
0.0004,fixed_branch_a,synthetic-branch_b-20,3,classification
0.0005,fixed_branch_a,synthetic-branch_b-20,4,classification
0.0005,fixed_branch_a,synthetic-branch_b-21,0,classification
0.0005,fixed_branch_a,synthetic-branch_b-21,1,classification
0.0005,fixed_branch_a,synthetic-branch_b-21,2,classification
0.0004,fixed_branch_a,synthetic-branch_b-21,3,classification
0.0004,fixed_branch_a,synthetic-branch_b-21,4,classification
0.0004,fixed_branch_a,synthetic-branch_b-22,0,classification
0.0004,fixed_branch_a,synthetic-branch_b-22,1,classification
0.0005,fixed_branch_a,synthetic-branch_b-22,2,classification
0.0005,fixed_branch_a,synthetic-branch_b-22,3,classification
0.0004,fixed_branch_a,synthetic-branch_b-22,4,classification
0.0004,fixed_branch_a,synthetic-branch_b-23,0,classification
0.0004,fixed_branch_a,synthetic-branch_b-23,1,classification
0.0005,fixed_branch_a,synthetic-branch_b-23,2,classification
0.0005,fixed_branch_a,synthetic-branch_b-23,3,classification
0.0004,fixed_branch_a,synthetic-branch_b-23,4,classification
0.0003,fixed_branch_a,synthetic-unknown-00,0,classification
0.0005,fixed_branch_a,synthetic-unknown-00,1,classification
0.0005,fixed_branch_a,synthetic-unknown-00,2,classification
0.0004,fixed_branch_a,synthetic-unknown-00,3,classification
0.0004,fixed_branch_a,synthetic-unknown-00,4,classification
0.0005,fixed_branch_a,synthetic-unknown-01,0,classification
0.0005,fixed_branch_a,synthetic-unknown-01,1,classification
0.0005,fixed_branch_a,synthetic-unknown-01,2,classification
0.0004,fixed_branch_a,synthetic-unknown-01,3,classification
0.0005,fixed_branch_a,synthetic-unknown-01,4,classification
0.0005,fixed_branch_a,synthetic-unknown-02,0,classification
0.0004,fixed_branch_a,synthetic-unknown-02,1,classification
0.0005,fixed_branch_a,synthetic-unknown-02,2,classification
0.0005,fixed_branch_a,synthetic-unknown-02,3,classification
0.0005,fixed_branch_a,synthetic-unknown-02,4,classification
0.0004,fixed_branch_a,synthetic-unknown-03,0,classification
0.0005,fixed_branch_a,synthetic-unknown-03,1,classification
0.0004,fixed_branch_a,synthetic-unknown-03,2,classification
0.0005,fixed_branch_a,synthetic-unknown-03,3,classification
0.0005,fixed_branch_a,synthetic-unknown-03,4,classification
0.0004,fixed_branch_a,synthetic-unknown-04,0,classification
0.0005,fixed_branch_a,synthetic-unknown-04,1,classification
0.0005,fixed_branch_a,synthetic-unknown-04,2,classification
0.0004,fixed_branch_a,synthetic-unknown-04,3,classification
0.0004,fixed_branch_a,synthetic-unknown-04,4,classification
0.0005,fixed_branch_a,synthetic-unknown-05,0,classification
0.0005,fixed_branch_a,synthetic-unknown-05,1,classification
0.0004,fixed_branch_a,synthetic-unknown-05,2,classification
0.0005,fixed_branch_a,synthetic-unknown-05,3,classification
0.0005,fixed_branch_a,synthetic-unknown-05,4,classification
0.0004,fixed_branch_a,synthetic-unknown-06,0,classification
0.0005,fixed_branch_a,synthetic-unknown-06,1,classification
0.0005,fixed_branch_a,synthetic-unknown-06,2,classification
0.0005,fixed_branch_a,synthetic-unknown-06,3,classification
0.0004,fixed_branch_a,synthetic-unknown-06,4,classification
0.0004,fixed_branch_a,synthetic-unknown-07,0,classification
0.0004,fixed_branch_a,synthetic-unknown-07,1,classification
0.0004,fixed_branch_a,synthetic-unknown-07,2,classification
0.0005,fixed_branch_a,synthetic-unknown-07,3,classification
0.0004,fixed_branch_a,synthetic-unknown-07,4,classification
0.0005,fixed_branch_a,synthetic-unknown-08,0,classification
0.0004,fixed_branch_a,synthetic-unknown-08,1,classification
0.0005,fixed_branch_a,synthetic-unknown-08,2,classification
0.0005,fixed_branch_a,synthetic-unknown-08,3,classification
0.0005,fixed_branch_a,synthetic-unknown-08,4,classification
0.0004,fixed_branch_a,synthetic-unknown-09,0,classification
0.0004,fixed_branch_a,synthetic-unknown-09,1,classification
0.0005,fixed_branch_a,synthetic-unknown-09,2,classification
0.0005,fixed_branch_a,synthetic-unknown-09,3,classification
0.0004,fixed_branch_a,synthetic-unknown-09,4,classification
0.0003,fixed_branch_a,synthetic-unknown-10,0,classification
0.0005,fixed_branch_a,synthetic-unknown-10,1,classification
0.0005,fixed_branch_a,synthetic-unknown-10,2,classification
0.0005,fixed_branch_a,synthetic-unknown-10,3,classification
0.0004,fixed_branch_a,synthetic-unknown-10,4,classification
0.0005,fixed_branch_a,synthetic-unknown-11,0,classification
0.0005,fixed_branch_a,synthetic-unknown-11,1,classification
0.0005,fixed_branch_a,synthetic-unknown-11,2,classification
0.0004,fixed_branch_a,synthetic-unknown-11,3,classification
0.0005,fixed_branch_a,synthetic-unknown-11,4,classification
0.0003,fixed_branch_a,synthetic-unknown-12,0,classification
0.0005,fixed_branch_a,synthetic-unknown-12,1,classification
0.0005,fixed_branch_a,synthetic-unknown-12,2,classification
0.0005,fixed_branch_a,synthetic-unknown-12,3,classification
0.0004,fixed_branch_a,synthetic-unknown-12,4,classification
0.0005,fixed_branch_a,synthetic-unknown-13,0,classification
0.0005,fixed_branch_a,synthetic-unknown-13,1,classification
0.0004,fixed_branch_a,synthetic-unknown-13,2,classification
0.0005,fixed_branch_a,synthetic-unknown-13,3,classification
0.0004,fixed_branch_a,synthetic-unknown-13,4,classification
0.0005,fixed_branch_a,synthetic-unknown-14,0,classification
0.0005,fixed_branch_a,synthetic-unknown-14,1,classification
0.0004,fixed_branch_a,synthetic-unknown-14,2,classification
0.0003,fixed_branch_a,synthetic-unknown-14,3,classification
0.0005,fixed_branch_a,synthetic-unknown-14,4,classification
0.0005,fixed_branch_a,synthetic-unknown-15,0,classification
0.0005,fixed_branch_a,synthetic-unknown-15,1,classification
0.0004,fixed_branch_a,synthetic-unknown-15,2,classification
0.0005,fixed_branch_a,synthetic-unknown-15,3,classification
0.0003,fixed_branch_a,synthetic-unknown-15,4,classification
0.0003,fixed_branch_a,synthetic-unknown-16,0,classification
0.0005,fixed_branch_a,synthetic-unknown-16,1,classification
0.0004,fixed_branch_a,synthetic-unknown-16,2,classification
0.0005,fixed_branch_a,synthetic-unknown-16,3,classification
0.0004,fixed_branch_a,synthetic-unknown-16,4,classification
0.0005,fixed_branch_a,synthetic-unknown-17,0,classification
0.0004,fixed_branch_a,synthetic-unknown-17,1,classification
0.0004,fixed_branch_a,synthetic-unknown-17,2,classification
0.0005,fixed_branch_a,synthetic-unknown-17,3,classification
0.0005,fixed_branch_a,synthetic-unknown-17,4,classification
0.0005,fixed_branch_a,synthetic-unknown-18,0,classification
0.0005,fixed_branch_a,synthetic-unknown-18,1,classification
0.0005,fixed_branch_a,synthetic-unknown-18,2,classification
0.0004,fixed_branch_a,synthetic-unknown-18,3,classification
0.0004,fixed_branch_a,synthetic-unknown-18,4,classification
0.0004,fixed_branch_a,synthetic-unknown-19,0,classification
0.0005,fixed_branch_a,synthetic-unknown-19,1,classification
0.0005,fixed_branch_a,synthetic-unknown-19,2,classification
0.0005,fixed_branch_a,synthetic-unknown-19,3,classification
0.0004,fixed_branch_a,synthetic-unknown-19,4,classification
0.0005,fixed_branch_a,synthetic-unknown-20,0,classification
0.0006,fixed_branch_a,synthetic-unknown-20,1,classification
0.0004,fixed_branch_a,synthetic-unknown-20,2,classification
0.0005,fixed_branch_a,synthetic-unknown-20,3,classification
0.0005,fixed_branch_a,synthetic-unknown-20,4,classification
0.0004,fixed_branch_a,synthetic-unknown-21,0,classification
0.0005,fixed_branch_a,synthetic-unknown-21,1,classification
0.0005,fixed_branch_a,synthetic-unknown-21,2,classification
0.0005,fixed_branch_a,synthetic-unknown-21,3,classification
0.0004,fixed_branch_a,synthetic-unknown-21,4,classification
0.0004,fixed_branch_a,synthetic-unknown-22,0,classification
0.0005,fixed_branch_a,synthetic-unknown-22,1,classification
0.0005,fixed_branch_a,synthetic-unknown-22,2,classification
0.0005,fixed_branch_a,synthetic-unknown-22,3,classification
0.0005,fixed_branch_a,synthetic-unknown-22,4,classification
0.0004,fixed_branch_a,synthetic-unknown-23,0,classification
0.0005,fixed_branch_a,synthetic-unknown-23,1,classification
0.0004,fixed_branch_a,synthetic-unknown-23,2,classification
0.0005,fixed_branch_a,synthetic-unknown-23,3,classification
0.0005,fixed_branch_a,synthetic-unknown-23,4,classification
0.0004,fixed_branch_a,synthetic-ambiguous-00,0,classification
0.0005,fixed_branch_a,synthetic-ambiguous-00,1,classification
0.0005,fixed_branch_a,synthetic-ambiguous-00,2,classification
0.0004,fixed_branch_a,synthetic-ambiguous-00,3,classification
0.0004,fixed_branch_a,synthetic-ambiguous-00,4,classification
0.0004,fixed_branch_a,synthetic-ambiguous-01,0,classification
0.0004,fixed_branch_a,synthetic-ambiguous-01,1,classification
0.0005,fixed_branch_a,synthetic-ambiguous-01,2,classification
0.0005,fixed_branch_a,synthetic-ambiguous-01,3,classification
0.0004,fixed_branch_a,synthetic-ambiguous-01,4,classification
0.0005,fixed_branch_a,synthetic-ambiguous-02,0,classification
0.0004,fixed_branch_a,synthetic-ambiguous-02,1,classification
0.0005,fixed_branch_a,synthetic-ambiguous-02,2,classification
0.0004,fixed_branch_a,synthetic-ambiguous-02,3,classification
0.0004,fixed_branch_a,synthetic-ambiguous-02,4,classification
0.0004,fixed_branch_a,synthetic-ambiguous-03,0,classification
0.0005,fixed_branch_a,synthetic-ambiguous-03,1,classification
0.0005,fixed_branch_a,synthetic-ambiguous-03,2,classification
0.0004,fixed_branch_a,synthetic-ambiguous-03,3,classification
0.0005,fixed_branch_a,synthetic-ambiguous-03,4,classification
0.0004,fixed_branch_a,synthetic-ambiguous-04,0,classification
0.0013,fixed_branch_a,synthetic-ambiguous-04,1,classification
0.0005,fixed_branch_a,synthetic-ambiguous-04,2,classification
0.0005,fixed_branch_a,synthetic-ambiguous-04,3,classification
0.0004,fixed_branch_a,synthetic-ambiguous-04,4,classification
0.0004,fixed_branch_a,synthetic-ambiguous-05,0,classification
0.0004,fixed_branch_a,synthetic-ambiguous-05,1,classification
0.0005,fixed_branch_a,synthetic-ambiguous-05,2,classification
0.0005,fixed_branch_a,synthetic-ambiguous-05,3,classification
0.0005,fixed_branch_a,synthetic-ambiguous-05,4,classification
0.0004,fixed_branch_a,synthetic-ambiguous-06,0,classification
0.0005,fixed_branch_a,synthetic-ambiguous-06,1,classification
0.0005,fixed_branch_a,synthetic-ambiguous-06,2,classification
0.0004,fixed_branch_a,synthetic-ambiguous-06,3,classification
0.0004,fixed_branch_a,synthetic-ambiguous-06,4,classification
0.0004,fixed_branch_a,synthetic-ambiguous-07,0,classification
0.0004,fixed_branch_a,synthetic-ambiguous-07,1,classification
0.0005,fixed_branch_a,synthetic-ambiguous-07,2,classification
0.0004,fixed_branch_a,synthetic-ambiguous-07,3,classification
0.0004,fixed_branch_a,synthetic-ambiguous-07,4,classification
0.0005,fixed_branch_a,synthetic-ambiguous-08,0,classification
0.0005,fixed_branch_a,synthetic-ambiguous-08,1,classification
0.0003,fixed_branch_a,synthetic-ambiguous-08,2,classification
0.0005,fixed_branch_a,synthetic-ambiguous-08,3,classification
0.0005,fixed_branch_a,synthetic-ambiguous-08,4,classification
0.0005,fixed_branch_a,synthetic-ambiguous-09,0,classification
0.0005,fixed_branch_a,synthetic-ambiguous-09,1,classification
0.0004,fixed_branch_a,synthetic-ambiguous-09,2,classification
0.0004,fixed_branch_a,synthetic-ambiguous-09,3,classification
0.0005,fixed_branch_a,synthetic-ambiguous-09,4,classification
0.0004,fixed_branch_a,synthetic-ambiguous-10,0,classification
0.0004,fixed_branch_a,synthetic-ambiguous-10,1,classification
0.0004,fixed_branch_a,synthetic-ambiguous-10,2,classification
0.0005,fixed_branch_a,synthetic-ambiguous-10,3,classification
0.0004,fixed_branch_a,synthetic-ambiguous-10,4,classification
0.0004,fixed_branch_a,synthetic-ambiguous-11,0,classification
0.0004,fixed_branch_a,synthetic-ambiguous-11,1,classification
0.0005,fixed_branch_a,synthetic-ambiguous-11,2,classification
0.0004,fixed_branch_a,synthetic-ambiguous-11,3,classification
0.0005,fixed_branch_a,synthetic-ambiguous-11,4,classification
0.0473,global_centroid,synthetic-branch_a-00,0,classification
0.0393,global_centroid,synthetic-branch_a-00,1,classification
0.0351,global_centroid,synthetic-branch_a-00,2,classification
0.0342,global_centroid,synthetic-branch_a-00,3,classification
0.0333,global_centroid,synthetic-branch_a-00,4,classification
0.0325,global_centroid,synthetic-branch_a-01,0,classification
0.0317,global_centroid,synthetic-branch_a-01,1,classification
0.0311,global_centroid,synthetic-branch_a-01,2,classification
0.0305,global_centroid,synthetic-branch_a-01,3,classification
0.0312,global_centroid,synthetic-branch_a-01,4,classification
0.1605,global_centroid,synthetic-branch_a-02,0,classification
0.0537,global_centroid,synthetic-branch_a-02,1,classification
0.0419,global_centroid,synthetic-branch_a-02,2,classification
0.0385,global_centroid,synthetic-branch_a-02,3,classification
0.036,global_centroid,synthetic-branch_a-02,4,classification
0.0348,global_centroid,synthetic-branch_a-03,0,classification
0.0337,global_centroid,synthetic-branch_a-03,1,classification
0.0337,global_centroid,synthetic-branch_a-03,2,classification
0.0326,global_centroid,synthetic-branch_a-03,3,classification
0.0327,global_centroid,synthetic-branch_a-03,4,classification
0.0333,global_centroid,synthetic-branch_a-04,0,classification
0.0342,global_centroid,synthetic-branch_a-04,1,classification
0.0322,global_centroid,synthetic-branch_a-04,2,classification
0.0331,global_centroid,synthetic-branch_a-04,3,classification
0.0328,global_centroid,synthetic-branch_a-04,4,classification
0.033,global_centroid,synthetic-branch_a-05,0,classification
0.0325,global_centroid,synthetic-branch_a-05,1,classification
0.1067,global_centroid,synthetic-branch_a-05,2,classification
0.0415,global_centroid,synthetic-branch_a-05,3,classification
0.0345,global_centroid,synthetic-branch_a-05,4,classification
0.0333,global_centroid,synthetic-branch_a-06,0,classification
0.0331,global_centroid,synthetic-branch_a-06,1,classification
0.0328,global_centroid,synthetic-branch_a-06,2,classification
0.0325,global_centroid,synthetic-branch_a-06,3,classification
0.0319,global_centroid,synthetic-branch_a-06,4,classification
0.0324,global_centroid,synthetic-branch_a-07,0,classification
0.0315,global_centroid,synthetic-branch_a-07,1,classification
0.0312,global_centroid,synthetic-branch_a-07,2,classification
0.0316,global_centroid,synthetic-branch_a-07,3,classification
0.0315,global_centroid,synthetic-branch_a-07,4,classification
0.0322,global_centroid,synthetic-branch_a-08,0,classification
0.0323,global_centroid,synthetic-branch_a-08,1,classification
0.032,global_centroid,synthetic-branch_a-08,2,classification
0.0311,global_centroid,synthetic-branch_a-08,3,classification
0.0315,global_centroid,synthetic-branch_a-08,4,classification
0.0324,global_centroid,synthetic-branch_a-09,0,classification
0.0318,global_centroid,synthetic-branch_a-09,1,classification
0.0325,global_centroid,synthetic-branch_a-09,2,classification
0.0312,global_centroid,synthetic-branch_a-09,3,classification
0.261,global_centroid,synthetic-branch_a-09,4,classification
0.0694,global_centroid,synthetic-branch_a-10,0,classification
0.0477,global_centroid,synthetic-branch_a-10,1,classification
0.0353,global_centroid,synthetic-branch_a-10,2,classification
0.0339,global_centroid,synthetic-branch_a-10,3,classification
0.0326,global_centroid,synthetic-branch_a-10,4,classification
0.0536,global_centroid,synthetic-branch_a-11,0,classification
0.0433,global_centroid,synthetic-branch_a-11,1,classification
0.0384,global_centroid,synthetic-branch_a-11,2,classification
0.04,global_centroid,synthetic-branch_a-11,3,classification
0.045,global_centroid,synthetic-branch_a-11,4,classification
0.0385,global_centroid,synthetic-branch_a-12,0,classification
0.0339,global_centroid,synthetic-branch_a-12,1,classification
0.0335,global_centroid,synthetic-branch_a-12,2,classification
0.0331,global_centroid,synthetic-branch_a-12,3,classification
0.037,global_centroid,synthetic-branch_a-12,4,classification
0.0331,global_centroid,synthetic-branch_a-13,0,classification
0.037,global_centroid,synthetic-branch_a-13,1,classification
0.0323,global_centroid,synthetic-branch_a-13,2,classification
0.0324,global_centroid,synthetic-branch_a-13,3,classification
0.0324,global_centroid,synthetic-branch_a-13,4,classification
0.0329,global_centroid,synthetic-branch_a-14,0,classification
0.0321,global_centroid,synthetic-branch_a-14,1,classification
0.0317,global_centroid,synthetic-branch_a-14,2,classification
0.0314,global_centroid,synthetic-branch_a-14,3,classification
0.0315,global_centroid,synthetic-branch_a-14,4,classification
0.036,global_centroid,synthetic-branch_a-15,0,classification
0.0359,global_centroid,synthetic-branch_a-15,1,classification
0.0325,global_centroid,synthetic-branch_a-15,2,classification
0.0336,global_centroid,synthetic-branch_a-15,3,classification
0.0359,global_centroid,synthetic-branch_a-15,4,classification
0.0319,global_centroid,synthetic-branch_a-16,0,classification
0.0319,global_centroid,synthetic-branch_a-16,1,classification
0.0314,global_centroid,synthetic-branch_a-16,2,classification
0.0314,global_centroid,synthetic-branch_a-16,3,classification
0.0315,global_centroid,synthetic-branch_a-16,4,classification
0.0333,global_centroid,synthetic-branch_a-17,0,classification
0.032,global_centroid,synthetic-branch_a-17,1,classification
0.0315,global_centroid,synthetic-branch_a-17,2,classification
0.0315,global_centroid,synthetic-branch_a-17,3,classification
0.0311,global_centroid,synthetic-branch_a-17,4,classification
0.0312,global_centroid,synthetic-branch_a-18,0,classification
0.0311,global_centroid,synthetic-branch_a-18,1,classification
0.031,global_centroid,synthetic-branch_a-18,2,classification
0.0314,global_centroid,synthetic-branch_a-18,3,classification
0.0312,global_centroid,synthetic-branch_a-18,4,classification
0.0314,global_centroid,synthetic-branch_a-19,0,classification
0.0315,global_centroid,synthetic-branch_a-19,1,classification
0.0315,global_centroid,synthetic-branch_a-19,2,classification
0.0315,global_centroid,synthetic-branch_a-19,3,classification
0.0309,global_centroid,synthetic-branch_a-19,4,classification
0.0329,global_centroid,synthetic-branch_a-20,0,classification
0.0319,global_centroid,synthetic-branch_a-20,1,classification
0.0326,global_centroid,synthetic-branch_a-20,2,classification
0.0315,global_centroid,synthetic-branch_a-20,3,classification
0.0314,global_centroid,synthetic-branch_a-20,4,classification
0.0311,global_centroid,synthetic-branch_a-21,0,classification
0.0312,global_centroid,synthetic-branch_a-21,1,classification
0.0311,global_centroid,synthetic-branch_a-21,2,classification
0.0309,global_centroid,synthetic-branch_a-21,3,classification
0.0313,global_centroid,synthetic-branch_a-21,4,classification
0.0317,global_centroid,synthetic-branch_a-22,0,classification
0.0316,global_centroid,synthetic-branch_a-22,1,classification
0.0322,global_centroid,synthetic-branch_a-22,2,classification
0.0309,global_centroid,synthetic-branch_a-22,3,classification
0.0308,global_centroid,synthetic-branch_a-22,4,classification
0.0315,global_centroid,synthetic-branch_a-23,0,classification
0.0314,global_centroid,synthetic-branch_a-23,1,classification
0.0313,global_centroid,synthetic-branch_a-23,2,classification
0.031,global_centroid,synthetic-branch_a-23,3,classification
0.0308,global_centroid,synthetic-branch_a-23,4,classification
0.0314,global_centroid,synthetic-branch_b-00,0,classification
0.0313,global_centroid,synthetic-branch_b-00,1,classification
0.0306,global_centroid,synthetic-branch_b-00,2,classification
0.0308,global_centroid,synthetic-branch_b-00,3,classification
0.031,global_centroid,synthetic-branch_b-00,4,classification
0.0359,global_centroid,synthetic-branch_b-01,0,classification
0.0314,global_centroid,synthetic-branch_b-01,1,classification
0.0307,global_centroid,synthetic-branch_b-01,2,classification
0.0308,global_centroid,synthetic-branch_b-01,3,classification
0.0313,global_centroid,synthetic-branch_b-01,4,classification
0.0314,global_centroid,synthetic-branch_b-02,0,classification
0.0309,global_centroid,synthetic-branch_b-02,1,classification
0.031,global_centroid,synthetic-branch_b-02,2,classification
0.0314,global_centroid,synthetic-branch_b-02,3,classification
0.0311,global_centroid,synthetic-branch_b-02,4,classification
0.031,global_centroid,synthetic-branch_b-03,0,classification
0.0309,global_centroid,synthetic-branch_b-03,1,classification
0.0308,global_centroid,synthetic-branch_b-03,2,classification
0.0309,global_centroid,synthetic-branch_b-03,3,classification
0.0308,global_centroid,synthetic-branch_b-03,4,classification
0.0308,global_centroid,synthetic-branch_b-04,0,classification
0.0312,global_centroid,synthetic-branch_b-04,1,classification
0.0309,global_centroid,synthetic-branch_b-04,2,classification
0.0328,global_centroid,synthetic-branch_b-04,3,classification
0.0316,global_centroid,synthetic-branch_b-04,4,classification
0.0314,global_centroid,synthetic-branch_b-05,0,classification
0.0314,global_centroid,synthetic-branch_b-05,1,classification
0.0308,global_centroid,synthetic-branch_b-05,2,classification
0.0309,global_centroid,synthetic-branch_b-05,3,classification
0.0306,global_centroid,synthetic-branch_b-05,4,classification
0.0309,global_centroid,synthetic-branch_b-06,0,classification
0.0307,global_centroid,synthetic-branch_b-06,1,classification
0.0311,global_centroid,synthetic-branch_b-06,2,classification
0.031,global_centroid,synthetic-branch_b-06,3,classification
0.0309,global_centroid,synthetic-branch_b-06,4,classification
0.031,global_centroid,synthetic-branch_b-07,0,classification
0.031,global_centroid,synthetic-branch_b-07,1,classification
0.0307,global_centroid,synthetic-branch_b-07,2,classification
0.0308,global_centroid,synthetic-branch_b-07,3,classification
0.0309,global_centroid,synthetic-branch_b-07,4,classification
0.031,global_centroid,synthetic-branch_b-08,0,classification
0.0349,global_centroid,synthetic-branch_b-08,1,classification
0.0314,global_centroid,synthetic-branch_b-08,2,classification
0.031,global_centroid,synthetic-branch_b-08,3,classification
0.031,global_centroid,synthetic-branch_b-08,4,classification
0.0317,global_centroid,synthetic-branch_b-09,0,classification
0.0311,global_centroid,synthetic-branch_b-09,1,classification
0.031,global_centroid,synthetic-branch_b-09,2,classification
0.031,global_centroid,synthetic-branch_b-09,3,classification
0.031,global_centroid,synthetic-branch_b-09,4,classification
0.0313,global_centroid,synthetic-branch_b-10,0,classification
0.0311,global_centroid,synthetic-branch_b-10,1,classification
0.0313,global_centroid,synthetic-branch_b-10,2,classification
0.0314,global_centroid,synthetic-branch_b-10,3,classification
0.0324,global_centroid,synthetic-branch_b-10,4,classification
0.0308,global_centroid,synthetic-branch_b-11,0,classification
0.0309,global_centroid,synthetic-branch_b-11,1,classification
0.0306,global_centroid,synthetic-branch_b-11,2,classification
0.0308,global_centroid,synthetic-branch_b-11,3,classification
0.0305,global_centroid,synthetic-branch_b-11,4,classification
0.0309,global_centroid,synthetic-branch_b-12,0,classification
0.0307,global_centroid,synthetic-branch_b-12,1,classification
0.0649,global_centroid,synthetic-branch_b-12,2,classification
0.036,global_centroid,synthetic-branch_b-12,3,classification
0.0329,global_centroid,synthetic-branch_b-12,4,classification
0.0325,global_centroid,synthetic-branch_b-13,0,classification
0.0318,global_centroid,synthetic-branch_b-13,1,classification
0.0315,global_centroid,synthetic-branch_b-13,2,classification
0.0314,global_centroid,synthetic-branch_b-13,3,classification
0.0307,global_centroid,synthetic-branch_b-13,4,classification
0.0313,global_centroid,synthetic-branch_b-14,0,classification
0.0311,global_centroid,synthetic-branch_b-14,1,classification
0.0308,global_centroid,synthetic-branch_b-14,2,classification
0.0304,global_centroid,synthetic-branch_b-14,3,classification
0.0307,global_centroid,synthetic-branch_b-14,4,classification
0.0312,global_centroid,synthetic-branch_b-15,0,classification
0.0312,global_centroid,synthetic-branch_b-15,1,classification
0.0309,global_centroid,synthetic-branch_b-15,2,classification
0.0311,global_centroid,synthetic-branch_b-15,3,classification
0.0308,global_centroid,synthetic-branch_b-15,4,classification
0.0306,global_centroid,synthetic-branch_b-16,0,classification
0.0313,global_centroid,synthetic-branch_b-16,1,classification
0.0311,global_centroid,synthetic-branch_b-16,2,classification
0.0309,global_centroid,synthetic-branch_b-16,3,classification
0.0308,global_centroid,synthetic-branch_b-16,4,classification
0.0324,global_centroid,synthetic-branch_b-17,0,classification
0.0313,global_centroid,synthetic-branch_b-17,1,classification
0.0307,global_centroid,synthetic-branch_b-17,2,classification
0.0304,global_centroid,synthetic-branch_b-17,3,classification
0.0313,global_centroid,synthetic-branch_b-17,4,classification
0.031,global_centroid,synthetic-branch_b-18,0,classification
0.0311,global_centroid,synthetic-branch_b-18,1,classification
0.0351,global_centroid,synthetic-branch_b-18,2,classification
0.0311,global_centroid,synthetic-branch_b-18,3,classification
0.031,global_centroid,synthetic-branch_b-18,4,classification
0.0312,global_centroid,synthetic-branch_b-19,0,classification
0.0312,global_centroid,synthetic-branch_b-19,1,classification
0.0308,global_centroid,synthetic-branch_b-19,2,classification
0.0309,global_centroid,synthetic-branch_b-19,3,classification
0.0305,global_centroid,synthetic-branch_b-19,4,classification
0.0309,global_centroid,synthetic-branch_b-20,0,classification
0.0308,global_centroid,synthetic-branch_b-20,1,classification
0.0308,global_centroid,synthetic-branch_b-20,2,classification
0.0306,global_centroid,synthetic-branch_b-20,3,classification
0.0304,global_centroid,synthetic-branch_b-20,4,classification
0.0306,global_centroid,synthetic-branch_b-21,0,classification
0.031,global_centroid,synthetic-branch_b-21,1,classification
0.0309,global_centroid,synthetic-branch_b-21,2,classification
0.0309,global_centroid,synthetic-branch_b-21,3,classification
0.0306,global_centroid,synthetic-branch_b-21,4,classification
0.0308,global_centroid,synthetic-branch_b-22,0,classification
0.0308,global_centroid,synthetic-branch_b-22,1,classification
0.0304,global_centroid,synthetic-branch_b-22,2,classification
0.0306,global_centroid,synthetic-branch_b-22,3,classification
0.0303,global_centroid,synthetic-branch_b-22,4,classification
0.0308,global_centroid,synthetic-branch_b-23,0,classification
0.0306,global_centroid,synthetic-branch_b-23,1,classification
0.0303,global_centroid,synthetic-branch_b-23,2,classification
0.0319,global_centroid,synthetic-branch_b-23,3,classification
0.0307,global_centroid,synthetic-branch_b-23,4,classification
0.0305,global_centroid,synthetic-unknown-00,0,classification
0.0306,global_centroid,synthetic-unknown-00,1,classification
0.0306,global_centroid,synthetic-unknown-00,2,classification
0.0305,global_centroid,synthetic-unknown-00,3,classification
0.0306,global_centroid,synthetic-unknown-00,4,classification
0.0306,global_centroid,synthetic-unknown-01,0,classification
0.0308,global_centroid,synthetic-unknown-01,1,classification
0.0304,global_centroid,synthetic-unknown-01,2,classification
0.0309,global_centroid,synthetic-unknown-01,3,classification
0.0305,global_centroid,synthetic-unknown-01,4,classification
0.1319,global_centroid,synthetic-unknown-02,0,classification
0.0526,global_centroid,synthetic-unknown-02,1,classification
0.0416,global_centroid,synthetic-unknown-02,2,classification
0.0373,global_centroid,synthetic-unknown-02,3,classification
0.0358,global_centroid,synthetic-unknown-02,4,classification
0.0346,global_centroid,synthetic-unknown-03,0,classification
0.0337,global_centroid,synthetic-unknown-03,1,classification
0.0323,global_centroid,synthetic-unknown-03,2,classification
0.0315,global_centroid,synthetic-unknown-03,3,classification
0.0322,global_centroid,synthetic-unknown-03,4,classification
0.0327,global_centroid,synthetic-unknown-04,0,classification
0.0322,global_centroid,synthetic-unknown-04,1,classification
0.032,global_centroid,synthetic-unknown-04,2,classification
0.0318,global_centroid,synthetic-unknown-04,3,classification
0.0317,global_centroid,synthetic-unknown-04,4,classification
0.0335,global_centroid,synthetic-unknown-05,0,classification
0.0338,global_centroid,synthetic-unknown-05,1,classification
0.0323,global_centroid,synthetic-unknown-05,2,classification
0.0321,global_centroid,synthetic-unknown-05,3,classification
0.0324,global_centroid,synthetic-unknown-05,4,classification
0.0325,global_centroid,synthetic-unknown-06,0,classification
0.032,global_centroid,synthetic-unknown-06,1,classification
0.0318,global_centroid,synthetic-unknown-06,2,classification
0.0328,global_centroid,synthetic-unknown-06,3,classification
0.0317,global_centroid,synthetic-unknown-06,4,classification
0.032,global_centroid,synthetic-unknown-07,0,classification
0.0316,global_centroid,synthetic-unknown-07,1,classification
0.0318,global_centroid,synthetic-unknown-07,2,classification
0.0313,global_centroid,synthetic-unknown-07,3,classification
0.0313,global_centroid,synthetic-unknown-07,4,classification
0.0314,global_centroid,synthetic-unknown-08,0,classification
0.0311,global_centroid,synthetic-unknown-08,1,classification
0.0308,global_centroid,synthetic-unknown-08,2,classification
0.0313,global_centroid,synthetic-unknown-08,3,classification
0.0314,global_centroid,synthetic-unknown-08,4,classification
0.0318,global_centroid,synthetic-unknown-09,0,classification
0.0313,global_centroid,synthetic-unknown-09,1,classification
0.0309,global_centroid,synthetic-unknown-09,2,classification
0.0311,global_centroid,synthetic-unknown-09,3,classification
0.0306,global_centroid,synthetic-unknown-09,4,classification
0.0317,global_centroid,synthetic-unknown-10,0,classification
0.0312,global_centroid,synthetic-unknown-10,1,classification
0.0312,global_centroid,synthetic-unknown-10,2,classification
0.0308,global_centroid,synthetic-unknown-10,3,classification
0.0306,global_centroid,synthetic-unknown-10,4,classification
0.0311,global_centroid,synthetic-unknown-11,0,classification
0.0311,global_centroid,synthetic-unknown-11,1,classification
0.0308,global_centroid,synthetic-unknown-11,2,classification
0.031,global_centroid,synthetic-unknown-11,3,classification
0.0306,global_centroid,synthetic-unknown-11,4,classification
0.0316,global_centroid,synthetic-unknown-12,0,classification
0.0311,global_centroid,synthetic-unknown-12,1,classification
0.0308,global_centroid,synthetic-unknown-12,2,classification
0.0308,global_centroid,synthetic-unknown-12,3,classification
0.0309,global_centroid,synthetic-unknown-12,4,classification
0.0311,global_centroid,synthetic-unknown-13,0,classification
0.0307,global_centroid,synthetic-unknown-13,1,classification
0.031,global_centroid,synthetic-unknown-13,2,classification
0.0309,global_centroid,synthetic-unknown-13,3,classification
0.0309,global_centroid,synthetic-unknown-13,4,classification
0.0311,global_centroid,synthetic-unknown-14,0,classification
0.0308,global_centroid,synthetic-unknown-14,1,classification
0.0307,global_centroid,synthetic-unknown-14,2,classification
0.0305,global_centroid,synthetic-unknown-14,3,classification
0.0307,global_centroid,synthetic-unknown-14,4,classification
0.031,global_centroid,synthetic-unknown-15,0,classification
0.0308,global_centroid,synthetic-unknown-15,1,classification
0.0308,global_centroid,synthetic-unknown-15,2,classification
0.0308,global_centroid,synthetic-unknown-15,3,classification
0.0305,global_centroid,synthetic-unknown-15,4,classification
0.0309,global_centroid,synthetic-unknown-16,0,classification
0.031,global_centroid,synthetic-unknown-16,1,classification
0.0311,global_centroid,synthetic-unknown-16,2,classification
0.0306,global_centroid,synthetic-unknown-16,3,classification
0.0308,global_centroid,synthetic-unknown-16,4,classification
0.031,global_centroid,synthetic-unknown-17,0,classification
0.032,global_centroid,synthetic-unknown-17,1,classification
0.0311,global_centroid,synthetic-unknown-17,2,classification
0.0308,global_centroid,synthetic-unknown-17,3,classification
0.0307,global_centroid,synthetic-unknown-17,4,classification
0.0312,global_centroid,synthetic-unknown-18,0,classification
0.0312,global_centroid,synthetic-unknown-18,1,classification
0.0308,global_centroid,synthetic-unknown-18,2,classification
0.0319,global_centroid,synthetic-unknown-18,3,classification
0.0306,global_centroid,synthetic-unknown-18,4,classification
0.0306,global_centroid,synthetic-unknown-19,0,classification
0.0309,global_centroid,synthetic-unknown-19,1,classification
0.0308,global_centroid,synthetic-unknown-19,2,classification
0.0306,global_centroid,synthetic-unknown-19,3,classification
0.0306,global_centroid,synthetic-unknown-19,4,classification
0.0307,global_centroid,synthetic-unknown-20,0,classification
0.0343,global_centroid,synthetic-unknown-20,1,classification
0.0312,global_centroid,synthetic-unknown-20,2,classification
0.0323,global_centroid,synthetic-unknown-20,3,classification
0.0308,global_centroid,synthetic-unknown-20,4,classification
0.0313,global_centroid,synthetic-unknown-21,0,classification
0.0311,global_centroid,synthetic-unknown-21,1,classification
0.0309,global_centroid,synthetic-unknown-21,2,classification
0.0309,global_centroid,synthetic-unknown-21,3,classification
0.031,global_centroid,synthetic-unknown-21,4,classification
0.0312,global_centroid,synthetic-unknown-22,0,classification
0.0309,global_centroid,synthetic-unknown-22,1,classification
0.0306,global_centroid,synthetic-unknown-22,2,classification
0.0308,global_centroid,synthetic-unknown-22,3,classification
0.0308,global_centroid,synthetic-unknown-22,4,classification
0.0311,global_centroid,synthetic-unknown-23,0,classification
0.0306,global_centroid,synthetic-unknown-23,1,classification
0.0307,global_centroid,synthetic-unknown-23,2,classification
0.0305,global_centroid,synthetic-unknown-23,3,classification
0.0308,global_centroid,synthetic-unknown-23,4,classification
0.0307,global_centroid,synthetic-ambiguous-00,0,classification
0.0307,global_centroid,synthetic-ambiguous-00,1,classification
0.0306,global_centroid,synthetic-ambiguous-00,2,classification
0.0303,global_centroid,synthetic-ambiguous-00,3,classification
0.0305,global_centroid,synthetic-ambiguous-00,4,classification
0.0306,global_centroid,synthetic-ambiguous-01,0,classification
0.0305,global_centroid,synthetic-ambiguous-01,1,classification
0.0306,global_centroid,synthetic-ambiguous-01,2,classification
0.0306,global_centroid,synthetic-ambiguous-01,3,classification
0.0305,global_centroid,synthetic-ambiguous-01,4,classification
0.0304,global_centroid,synthetic-ambiguous-02,0,classification
0.0304,global_centroid,synthetic-ambiguous-02,1,classification
0.0305,global_centroid,synthetic-ambiguous-02,2,classification
0.0305,global_centroid,synthetic-ambiguous-02,3,classification
0.0305,global_centroid,synthetic-ambiguous-02,4,classification
0.0309,global_centroid,synthetic-ambiguous-03,0,classification
0.0304,global_centroid,synthetic-ambiguous-03,1,classification
0.0304,global_centroid,synthetic-ambiguous-03,2,classification
0.0304,global_centroid,synthetic-ambiguous-03,3,classification
0.0303,global_centroid,synthetic-ambiguous-03,4,classification
0.0313,global_centroid,synthetic-ambiguous-04,0,classification
0.0308,global_centroid,synthetic-ambiguous-04,1,classification
0.0309,global_centroid,synthetic-ambiguous-04,2,classification
0.0304,global_centroid,synthetic-ambiguous-04,3,classification
0.0303,global_centroid,synthetic-ambiguous-04,4,classification
0.031,global_centroid,synthetic-ambiguous-05,0,classification
0.0307,global_centroid,synthetic-ambiguous-05,1,classification
0.0308,global_centroid,synthetic-ambiguous-05,2,classification
0.0306,global_centroid,synthetic-ambiguous-05,3,classification
0.0311,global_centroid,synthetic-ambiguous-05,4,classification
0.0307,global_centroid,synthetic-ambiguous-06,0,classification
0.0309,global_centroid,synthetic-ambiguous-06,1,classification
0.0305,global_centroid,synthetic-ambiguous-06,2,classification
0.0304,global_centroid,synthetic-ambiguous-06,3,classification
0.034,global_centroid,synthetic-ambiguous-06,4,classification
0.0308,global_centroid,synthetic-ambiguous-07,0,classification
0.0309,global_centroid,synthetic-ambiguous-07,1,classification
0.0325,global_centroid,synthetic-ambiguous-07,2,classification
0.031,global_centroid,synthetic-ambiguous-07,3,classification
0.0309,global_centroid,synthetic-ambiguous-07,4,classification
0.0306,global_centroid,synthetic-ambiguous-08,0,classification
0.0308,global_centroid,synthetic-ambiguous-08,1,classification
0.0308,global_centroid,synthetic-ambiguous-08,2,classification
0.0308,global_centroid,synthetic-ambiguous-08,3,classification
0.0305,global_centroid,synthetic-ambiguous-08,4,classification
0.1073,global_centroid,synthetic-ambiguous-09,0,classification
0.048,global_centroid,synthetic-ambiguous-09,1,classification
0.0403,global_centroid,synthetic-ambiguous-09,2,classification
0.0368,global_centroid,synthetic-ambiguous-09,3,classification
0.0368,global_centroid,synthetic-ambiguous-09,4,classification
0.0356,global_centroid,synthetic-ambiguous-10,0,classification
0.0351,global_centroid,synthetic-ambiguous-10,1,classification
0.0346,global_centroid,synthetic-ambiguous-10,2,classification
0.0332,global_centroid,synthetic-ambiguous-10,3,classification
0.0336,global_centroid,synthetic-ambiguous-10,4,classification
0.0338,global_centroid,synthetic-ambiguous-11,0,classification
0.033,global_centroid,synthetic-ambiguous-11,1,classification
0.3004,global_centroid,synthetic-ambiguous-11,2,classification
0.0749,global_centroid,synthetic-ambiguous-11,3,classification
0.0751,global_centroid,synthetic-ambiguous-11,4,classification
0.3447,last_frame_nn,synthetic-branch_a-00,0,classification
0.32,last_frame_nn,synthetic-branch_a-00,1,classification
0.3082,last_frame_nn,synthetic-branch_a-00,2,classification
0.3133,last_frame_nn,synthetic-branch_a-00,3,classification
0.3025,last_frame_nn,synthetic-branch_a-00,4,classification
0.3009,last_frame_nn,synthetic-branch_a-01,0,classification
0.2996,last_frame_nn,synthetic-branch_a-01,1,classification
0.2986,last_frame_nn,synthetic-branch_a-01,2,classification
0.3041,last_frame_nn,synthetic-branch_a-01,3,classification
0.3022,last_frame_nn,synthetic-branch_a-01,4,classification
0.2984,last_frame_nn,synthetic-branch_a-02,0,classification
0.2974,last_frame_nn,synthetic-branch_a-02,1,classification
0.2973,last_frame_nn,synthetic-branch_a-02,2,classification
0.2961,last_frame_nn,synthetic-branch_a-02,3,classification
0.3007,last_frame_nn,synthetic-branch_a-02,4,classification
0.2991,last_frame_nn,synthetic-branch_a-03,0,classification
0.2984,last_frame_nn,synthetic-branch_a-03,1,classification
0.2976,last_frame_nn,synthetic-branch_a-03,2,classification
0.2982,last_frame_nn,synthetic-branch_a-03,3,classification
0.2958,last_frame_nn,synthetic-branch_a-03,4,classification
0.2937,last_frame_nn,synthetic-branch_a-04,0,classification
0.3002,last_frame_nn,synthetic-branch_a-04,1,classification
0.2989,last_frame_nn,synthetic-branch_a-04,2,classification
0.2981,last_frame_nn,synthetic-branch_a-04,3,classification
0.2947,last_frame_nn,synthetic-branch_a-04,4,classification
0.7859,last_frame_nn,synthetic-branch_a-05,0,classification
0.568,last_frame_nn,synthetic-branch_a-05,1,classification
0.3765,last_frame_nn,synthetic-branch_a-05,2,classification
0.3452,last_frame_nn,synthetic-branch_a-05,3,classification
0.35,last_frame_nn,synthetic-branch_a-05,4,classification
0.3291,last_frame_nn,synthetic-branch_a-06,0,classification
0.3237,last_frame_nn,synthetic-branch_a-06,1,classification
0.3055,last_frame_nn,synthetic-branch_a-06,2,classification
0.3045,last_frame_nn,synthetic-branch_a-06,3,classification
0.3026,last_frame_nn,synthetic-branch_a-06,4,classification
0.3014,last_frame_nn,synthetic-branch_a-07,0,classification
0.3071,last_frame_nn,synthetic-branch_a-07,1,classification
0.3019,last_frame_nn,synthetic-branch_a-07,2,classification
0.3014,last_frame_nn,synthetic-branch_a-07,3,classification
0.2992,last_frame_nn,synthetic-branch_a-07,4,classification
0.2978,last_frame_nn,synthetic-branch_a-08,0,classification
0.3063,last_frame_nn,synthetic-branch_a-08,1,classification
0.2988,last_frame_nn,synthetic-branch_a-08,2,classification
0.3071,last_frame_nn,synthetic-branch_a-08,3,classification
0.3003,last_frame_nn,synthetic-branch_a-08,4,classification
0.3016,last_frame_nn,synthetic-branch_a-09,0,classification
0.3066,last_frame_nn,synthetic-branch_a-09,1,classification
0.2981,last_frame_nn,synthetic-branch_a-09,2,classification
0.2997,last_frame_nn,synthetic-branch_a-09,3,classification
0.2983,last_frame_nn,synthetic-branch_a-09,4,classification
0.2996,last_frame_nn,synthetic-branch_a-10,0,classification
0.305,last_frame_nn,synthetic-branch_a-10,1,classification
0.2974,last_frame_nn,synthetic-branch_a-10,2,classification
0.3002,last_frame_nn,synthetic-branch_a-10,3,classification
0.2979,last_frame_nn,synthetic-branch_a-10,4,classification
0.3031,last_frame_nn,synthetic-branch_a-11,0,classification
0.3047,last_frame_nn,synthetic-branch_a-11,1,classification
0.2976,last_frame_nn,synthetic-branch_a-11,2,classification
0.3018,last_frame_nn,synthetic-branch_a-11,3,classification
0.2999,last_frame_nn,synthetic-branch_a-11,4,classification
0.2977,last_frame_nn,synthetic-branch_a-12,0,classification
0.3054,last_frame_nn,synthetic-branch_a-12,1,classification
0.2969,last_frame_nn,synthetic-branch_a-12,2,classification
0.3001,last_frame_nn,synthetic-branch_a-12,3,classification
0.2988,last_frame_nn,synthetic-branch_a-12,4,classification
0.2984,last_frame_nn,synthetic-branch_a-13,0,classification
0.3061,last_frame_nn,synthetic-branch_a-13,1,classification
0.2994,last_frame_nn,synthetic-branch_a-13,2,classification
0.3004,last_frame_nn,synthetic-branch_a-13,3,classification
0.3342,last_frame_nn,synthetic-branch_a-13,4,classification
0.3072,last_frame_nn,synthetic-branch_a-14,0,classification
0.5044,last_frame_nn,synthetic-branch_a-14,1,classification
0.4389,last_frame_nn,synthetic-branch_a-14,2,classification
0.8811,last_frame_nn,synthetic-branch_a-14,3,classification
0.3532,last_frame_nn,synthetic-branch_a-14,4,classification
0.3121,last_frame_nn,synthetic-branch_a-15,0,classification
0.3091,last_frame_nn,synthetic-branch_a-15,1,classification
0.3021,last_frame_nn,synthetic-branch_a-15,2,classification
0.3044,last_frame_nn,synthetic-branch_a-15,3,classification
0.3065,last_frame_nn,synthetic-branch_a-15,4,classification
0.3017,last_frame_nn,synthetic-branch_a-16,0,classification
0.301,last_frame_nn,synthetic-branch_a-16,1,classification
0.2991,last_frame_nn,synthetic-branch_a-16,2,classification
0.3016,last_frame_nn,synthetic-branch_a-16,3,classification
0.3076,last_frame_nn,synthetic-branch_a-16,4,classification
0.2981,last_frame_nn,synthetic-branch_a-17,0,classification
0.3002,last_frame_nn,synthetic-branch_a-17,1,classification
0.3026,last_frame_nn,synthetic-branch_a-17,2,classification
0.2994,last_frame_nn,synthetic-branch_a-17,3,classification
0.2971,last_frame_nn,synthetic-branch_a-17,4,classification
0.2966,last_frame_nn,synthetic-branch_a-18,0,classification
0.2971,last_frame_nn,synthetic-branch_a-18,1,classification
0.295,last_frame_nn,synthetic-branch_a-18,2,classification
0.2979,last_frame_nn,synthetic-branch_a-18,3,classification
0.2965,last_frame_nn,synthetic-branch_a-18,4,classification
0.2963,last_frame_nn,synthetic-branch_a-19,0,classification
0.2965,last_frame_nn,synthetic-branch_a-19,1,classification
0.295,last_frame_nn,synthetic-branch_a-19,2,classification
0.2971,last_frame_nn,synthetic-branch_a-19,3,classification
0.2937,last_frame_nn,synthetic-branch_a-19,4,classification
0.3013,last_frame_nn,synthetic-branch_a-20,0,classification
0.3037,last_frame_nn,synthetic-branch_a-20,1,classification
0.2967,last_frame_nn,synthetic-branch_a-20,2,classification
0.2978,last_frame_nn,synthetic-branch_a-20,3,classification
0.2945,last_frame_nn,synthetic-branch_a-20,4,classification
0.3006,last_frame_nn,synthetic-branch_a-21,0,classification
0.2996,last_frame_nn,synthetic-branch_a-21,1,classification
0.2968,last_frame_nn,synthetic-branch_a-21,2,classification
0.2975,last_frame_nn,synthetic-branch_a-21,3,classification
0.2963,last_frame_nn,synthetic-branch_a-21,4,classification
0.2951,last_frame_nn,synthetic-branch_a-22,0,classification
0.301,last_frame_nn,synthetic-branch_a-22,1,classification
0.775,last_frame_nn,synthetic-branch_a-22,2,classification
0.3443,last_frame_nn,synthetic-branch_a-22,3,classification
0.3197,last_frame_nn,synthetic-branch_a-22,4,classification
0.4014,last_frame_nn,synthetic-branch_a-23,0,classification
0.327,last_frame_nn,synthetic-branch_a-23,1,classification
0.9453,last_frame_nn,synthetic-branch_a-23,2,classification
0.5126,last_frame_nn,synthetic-branch_a-23,3,classification
0.4495,last_frame_nn,synthetic-branch_a-23,4,classification
0.4736,last_frame_nn,synthetic-branch_b-00,0,classification
0.3185,last_frame_nn,synthetic-branch_b-00,1,classification
0.3125,last_frame_nn,synthetic-branch_b-00,2,classification
0.3113,last_frame_nn,synthetic-branch_b-00,3,classification
0.3111,last_frame_nn,synthetic-branch_b-00,4,classification
0.2878,last_frame_nn,synthetic-branch_b-01,0,classification
0.2866,last_frame_nn,synthetic-branch_b-01,1,classification
0.285,last_frame_nn,synthetic-branch_b-01,2,classification
0.2874,last_frame_nn,synthetic-branch_b-01,3,classification
0.2925,last_frame_nn,synthetic-branch_b-01,4,classification
0.2862,last_frame_nn,synthetic-branch_b-02,0,classification
0.2978,last_frame_nn,synthetic-branch_b-02,1,classification
0.2919,last_frame_nn,synthetic-branch_b-02,2,classification
0.2834,last_frame_nn,synthetic-branch_b-02,3,classification
0.2844,last_frame_nn,synthetic-branch_b-02,4,classification
0.2824,last_frame_nn,synthetic-branch_b-03,0,classification
0.282,last_frame_nn,synthetic-branch_b-03,1,classification
0.2864,last_frame_nn,synthetic-branch_b-03,2,classification
0.2833,last_frame_nn,synthetic-branch_b-03,3,classification
0.2812,last_frame_nn,synthetic-branch_b-03,4,classification
0.2858,last_frame_nn,synthetic-branch_b-04,0,classification
0.2967,last_frame_nn,synthetic-branch_b-04,1,classification
0.2841,last_frame_nn,synthetic-branch_b-04,2,classification
0.2821,last_frame_nn,synthetic-branch_b-04,3,classification
0.282,last_frame_nn,synthetic-branch_b-04,4,classification
0.2852,last_frame_nn,synthetic-branch_b-05,0,classification
0.2914,last_frame_nn,synthetic-branch_b-05,1,classification
0.2814,last_frame_nn,synthetic-branch_b-05,2,classification
0.2797,last_frame_nn,synthetic-branch_b-05,3,classification
0.2799,last_frame_nn,synthetic-branch_b-05,4,classification
0.2795,last_frame_nn,synthetic-branch_b-06,0,classification
0.2792,last_frame_nn,synthetic-branch_b-06,1,classification
0.296,last_frame_nn,synthetic-branch_b-06,2,classification
0.5529,last_frame_nn,synthetic-branch_b-06,3,classification
0.3356,last_frame_nn,synthetic-branch_b-06,4,classification
0.3426,last_frame_nn,synthetic-branch_b-07,0,classification
0.3215,last_frame_nn,synthetic-branch_b-07,1,classification
0.578,last_frame_nn,synthetic-branch_b-07,2,classification
0.392,last_frame_nn,synthetic-branch_b-07,3,classification
0.3365,last_frame_nn,synthetic-branch_b-07,4,classification
0.3128,last_frame_nn,synthetic-branch_b-08,0,classification
0.3115,last_frame_nn,synthetic-branch_b-08,1,classification
0.3055,last_frame_nn,synthetic-branch_b-08,2,classification
0.3111,last_frame_nn,synthetic-branch_b-08,3,classification
0.3049,last_frame_nn,synthetic-branch_b-08,4,classification
0.3031,last_frame_nn,synthetic-branch_b-09,0,classification
0.3029,last_frame_nn,synthetic-branch_b-09,1,classification
0.3003,last_frame_nn,synthetic-branch_b-09,2,classification
0.3065,last_frame_nn,synthetic-branch_b-09,3,classification
0.3006,last_frame_nn,synthetic-branch_b-09,4,classification
0.3017,last_frame_nn,synthetic-branch_b-10,0,classification
0.3009,last_frame_nn,synthetic-branch_b-10,1,classification
0.3011,last_frame_nn,synthetic-branch_b-10,2,classification
0.3012,last_frame_nn,synthetic-branch_b-10,3,classification
0.3103,last_frame_nn,synthetic-branch_b-10,4,classification
0.3031,last_frame_nn,synthetic-branch_b-11,0,classification
0.302,last_frame_nn,synthetic-branch_b-11,1,classification
0.2975,last_frame_nn,synthetic-branch_b-11,2,classification
0.2989,last_frame_nn,synthetic-branch_b-11,3,classification
0.303,last_frame_nn,synthetic-branch_b-11,4,classification
0.2989,last_frame_nn,synthetic-branch_b-12,0,classification
0.2994,last_frame_nn,synthetic-branch_b-12,1,classification
0.297,last_frame_nn,synthetic-branch_b-12,2,classification
0.2981,last_frame_nn,synthetic-branch_b-12,3,classification
0.2982,last_frame_nn,synthetic-branch_b-12,4,classification
0.2985,last_frame_nn,synthetic-branch_b-13,0,classification
0.3001,last_frame_nn,synthetic-branch_b-13,1,classification
0.2983,last_frame_nn,synthetic-branch_b-13,2,classification
0.2984,last_frame_nn,synthetic-branch_b-13,3,classification
0.3034,last_frame_nn,synthetic-branch_b-13,4,classification
0.3034,last_frame_nn,synthetic-branch_b-14,0,classification
0.3006,last_frame_nn,synthetic-branch_b-14,1,classification
0.2987,last_frame_nn,synthetic-branch_b-14,2,classification
0.3,last_frame_nn,synthetic-branch_b-14,3,classification
0.2977,last_frame_nn,synthetic-branch_b-14,4,classification
0.3267,last_frame_nn,synthetic-branch_b-15,0,classification
0.6494,last_frame_nn,synthetic-branch_b-15,1,classification
0.35,last_frame_nn,synthetic-branch_b-15,2,classification
0.7408,last_frame_nn,synthetic-branch_b-15,3,classification
0.3934,last_frame_nn,synthetic-branch_b-15,4,classification
0.3146,last_frame_nn,synthetic-branch_b-16,0,classification
0.3169,last_frame_nn,synthetic-branch_b-16,1,classification
0.3181,last_frame_nn,synthetic-branch_b-16,2,classification
0.3119,last_frame_nn,synthetic-branch_b-16,3,classification
0.3022,last_frame_nn,synthetic-branch_b-16,4,classification
0.3009,last_frame_nn,synthetic-branch_b-17,0,classification
0.3014,last_frame_nn,synthetic-branch_b-17,1,classification
0.3016,last_frame_nn,synthetic-branch_b-17,2,classification
0.3063,last_frame_nn,synthetic-branch_b-17,3,classification
0.2992,last_frame_nn,synthetic-branch_b-17,4,classification
0.2999,last_frame_nn,synthetic-branch_b-18,0,classification
0.2977,last_frame_nn,synthetic-branch_b-18,1,classification
0.298,last_frame_nn,synthetic-branch_b-18,2,classification
0.3084,last_frame_nn,synthetic-branch_b-18,3,classification
0.298,last_frame_nn,synthetic-branch_b-18,4,classification
0.2977,last_frame_nn,synthetic-branch_b-19,0,classification
0.3,last_frame_nn,synthetic-branch_b-19,1,classification
0.3054,last_frame_nn,synthetic-branch_b-19,2,classification
0.3012,last_frame_nn,synthetic-branch_b-19,3,classification
0.2991,last_frame_nn,synthetic-branch_b-19,4,classification
0.2984,last_frame_nn,synthetic-branch_b-20,0,classification
0.2967,last_frame_nn,synthetic-branch_b-20,1,classification
0.2959,last_frame_nn,synthetic-branch_b-20,2,classification
0.3025,last_frame_nn,synthetic-branch_b-20,3,classification
0.2972,last_frame_nn,synthetic-branch_b-20,4,classification
0.2989,last_frame_nn,synthetic-branch_b-21,0,classification
0.2975,last_frame_nn,synthetic-branch_b-21,1,classification
0.306,last_frame_nn,synthetic-branch_b-21,2,classification
0.3009,last_frame_nn,synthetic-branch_b-21,3,classification
0.3009,last_frame_nn,synthetic-branch_b-21,4,classification
0.2999,last_frame_nn,synthetic-branch_b-22,0,classification
0.3046,last_frame_nn,synthetic-branch_b-22,1,classification
0.2993,last_frame_nn,synthetic-branch_b-22,2,classification
0.2981,last_frame_nn,synthetic-branch_b-22,3,classification
0.3019,last_frame_nn,synthetic-branch_b-22,4,classification
0.2972,last_frame_nn,synthetic-branch_b-23,0,classification
0.2971,last_frame_nn,synthetic-branch_b-23,1,classification
0.2977,last_frame_nn,synthetic-branch_b-23,2,classification
0.2976,last_frame_nn,synthetic-branch_b-23,3,classification
0.999,last_frame_nn,synthetic-branch_b-23,4,classification
0.3377,last_frame_nn,synthetic-unknown-00,0,classification
0.6557,last_frame_nn,synthetic-unknown-00,1,classification
0.3635,last_frame_nn,synthetic-unknown-00,2,classification
0.3406,last_frame_nn,synthetic-unknown-00,3,classification
0.3202,last_frame_nn,synthetic-unknown-00,4,classification
0.3022,last_frame_nn,synthetic-unknown-01,0,classification
0.3066,last_frame_nn,synthetic-unknown-01,1,classification
0.2999,last_frame_nn,synthetic-unknown-01,2,classification
0.3066,last_frame_nn,synthetic-unknown-01,3,classification
0.298,last_frame_nn,synthetic-unknown-01,4,classification
0.2987,last_frame_nn,synthetic-unknown-02,0,classification
0.2979,last_frame_nn,synthetic-unknown-02,1,classification
0.296,last_frame_nn,synthetic-unknown-02,2,classification
0.2965,last_frame_nn,synthetic-unknown-02,3,classification
0.3015,last_frame_nn,synthetic-unknown-02,4,classification
0.2949,last_frame_nn,synthetic-unknown-03,0,classification
0.2956,last_frame_nn,synthetic-unknown-03,1,classification
0.2942,last_frame_nn,synthetic-unknown-03,2,classification
0.2932,last_frame_nn,synthetic-unknown-03,3,classification
0.2996,last_frame_nn,synthetic-unknown-03,4,classification
0.2947,last_frame_nn,synthetic-unknown-04,0,classification
0.3018,last_frame_nn,synthetic-unknown-04,1,classification
0.2974,last_frame_nn,synthetic-unknown-04,2,classification
0.2932,last_frame_nn,synthetic-unknown-04,3,classification
0.2926,last_frame_nn,synthetic-unknown-04,4,classification
0.2928,last_frame_nn,synthetic-unknown-05,0,classification
0.2926,last_frame_nn,synthetic-unknown-05,1,classification
0.2925,last_frame_nn,synthetic-unknown-05,2,classification
0.2944,last_frame_nn,synthetic-unknown-05,3,classification
0.2929,last_frame_nn,synthetic-unknown-05,4,classification
0.3002,last_frame_nn,synthetic-unknown-06,0,classification
0.2979,last_frame_nn,synthetic-unknown-06,1,classification
0.2945,last_frame_nn,synthetic-unknown-06,2,classification
0.2943,last_frame_nn,synthetic-unknown-06,3,classification
0.2923,last_frame_nn,synthetic-unknown-06,4,classification
0.2999,last_frame_nn,synthetic-unknown-07,0,classification
0.2995,last_frame_nn,synthetic-unknown-07,1,classification
0.2944,last_frame_nn,synthetic-unknown-07,2,classification
0.2926,last_frame_nn,synthetic-unknown-07,3,classification
0.2938,last_frame_nn,synthetic-unknown-07,4,classification
0.2997,last_frame_nn,synthetic-unknown-08,0,classification
0.7203,last_frame_nn,synthetic-unknown-08,1,classification
0.5561,last_frame_nn,synthetic-unknown-08,2,classification
0.6038,last_frame_nn,synthetic-unknown-08,3,classification
0.4071,last_frame_nn,synthetic-unknown-08,4,classification
0.3175,last_frame_nn,synthetic-unknown-09,0,classification
0.3139,last_frame_nn,synthetic-unknown-09,1,classification
0.3027,last_frame_nn,synthetic-unknown-09,2,classification
0.305,last_frame_nn,synthetic-unknown-09,3,classification
0.3168,last_frame_nn,synthetic-unknown-09,4,classification
0.5899,last_frame_nn,synthetic-unknown-10,0,classification
0.3886,last_frame_nn,synthetic-unknown-10,1,classification
0.3273,last_frame_nn,synthetic-unknown-10,2,classification
0.3156,last_frame_nn,synthetic-unknown-10,3,classification
0.3105,last_frame_nn,synthetic-unknown-10,4,classification
0.3023,last_frame_nn,synthetic-unknown-11,0,classification
0.31,last_frame_nn,synthetic-unknown-11,1,classification
0.3107,last_frame_nn,synthetic-unknown-11,2,classification
0.2992,last_frame_nn,synthetic-unknown-11,3,classification
0.2979,last_frame_nn,synthetic-unknown-11,4,classification
0.297,last_frame_nn,synthetic-unknown-12,0,classification
0.303,last_frame_nn,synthetic-unknown-12,1,classification
0.2985,last_frame_nn,synthetic-unknown-12,2,classification
0.2953,last_frame_nn,synthetic-unknown-12,3,classification
0.2944,last_frame_nn,synthetic-unknown-12,4,classification
0.2992,last_frame_nn,synthetic-unknown-13,0,classification
0.2994,last_frame_nn,synthetic-unknown-13,1,classification
0.3379,last_frame_nn,synthetic-unknown-13,2,classification
0.3009,last_frame_nn,synthetic-unknown-13,3,classification
0.2961,last_frame_nn,synthetic-unknown-13,4,classification
0.2939,last_frame_nn,synthetic-unknown-14,0,classification
0.2938,last_frame_nn,synthetic-unknown-14,1,classification
0.3003,last_frame_nn,synthetic-unknown-14,2,classification
0.2952,last_frame_nn,synthetic-unknown-14,3,classification
0.2945,last_frame_nn,synthetic-unknown-14,4,classification
0.2939,last_frame_nn,synthetic-unknown-15,0,classification
0.293,last_frame_nn,synthetic-unknown-15,1,classification
0.2923,last_frame_nn,synthetic-unknown-15,2,classification
0.2982,last_frame_nn,synthetic-unknown-15,3,classification
0.292,last_frame_nn,synthetic-unknown-15,4,classification
0.2926,last_frame_nn,synthetic-unknown-16,0,classification
0.2943,last_frame_nn,synthetic-unknown-16,1,classification
0.6555,last_frame_nn,synthetic-unknown-16,2,classification
0.4676,last_frame_nn,synthetic-unknown-16,3,classification
0.4678,last_frame_nn,synthetic-unknown-16,4,classification
0.7054,last_frame_nn,synthetic-unknown-17,0,classification
0.5792,last_frame_nn,synthetic-unknown-17,1,classification
0.3134,last_frame_nn,synthetic-unknown-17,2,classification
0.3041,last_frame_nn,synthetic-unknown-17,3,classification
0.3004,last_frame_nn,synthetic-unknown-17,4,classification
0.5464,last_frame_nn,synthetic-unknown-18,0,classification
0.3437,last_frame_nn,synthetic-unknown-18,1,classification
0.3025,last_frame_nn,synthetic-unknown-18,2,classification
0.2908,last_frame_nn,synthetic-unknown-18,3,classification
0.2882,last_frame_nn,synthetic-unknown-18,4,classification
0.3164,last_frame_nn,synthetic-unknown-19,0,classification
0.2994,last_frame_nn,synthetic-unknown-19,1,classification
0.4752,last_frame_nn,synthetic-unknown-19,2,classification
0.3141,last_frame_nn,synthetic-unknown-19,3,classification
0.4567,last_frame_nn,synthetic-unknown-19,4,classification
0.3149,last_frame_nn,synthetic-unknown-20,0,classification
0.3589,last_frame_nn,synthetic-unknown-20,1,classification
0.3885,last_frame_nn,synthetic-unknown-20,2,classification
0.3325,last_frame_nn,synthetic-unknown-20,3,classification
0.303,last_frame_nn,synthetic-unknown-20,4,classification
0.3289,last_frame_nn,synthetic-unknown-21,0,classification
0.2997,last_frame_nn,synthetic-unknown-21,1,classification
0.3113,last_frame_nn,synthetic-unknown-21,2,classification
0.2865,last_frame_nn,synthetic-unknown-21,3,classification
0.2859,last_frame_nn,synthetic-unknown-21,4,classification
0.2819,last_frame_nn,synthetic-unknown-22,0,classification
0.2927,last_frame_nn,synthetic-unknown-22,1,classification
0.2825,last_frame_nn,synthetic-unknown-22,2,classification
0.2813,last_frame_nn,synthetic-unknown-22,3,classification
0.2815,last_frame_nn,synthetic-unknown-22,4,classification
0.28,last_frame_nn,synthetic-unknown-23,0,classification
0.2808,last_frame_nn,synthetic-unknown-23,1,classification
0.2907,last_frame_nn,synthetic-unknown-23,2,classification
0.2803,last_frame_nn,synthetic-unknown-23,3,classification
0.2788,last_frame_nn,synthetic-unknown-23,4,classification
0.7571,last_frame_nn,synthetic-ambiguous-00,0,classification
0.4155,last_frame_nn,synthetic-ambiguous-00,1,classification
0.3362,last_frame_nn,synthetic-ambiguous-00,2,classification
0.3128,last_frame_nn,synthetic-ambiguous-00,3,classification
0.4368,last_frame_nn,synthetic-ambiguous-00,4,classification
0.3265,last_frame_nn,synthetic-ambiguous-01,0,classification
0.3742,last_frame_nn,synthetic-ambiguous-01,1,classification
0.3241,last_frame_nn,synthetic-ambiguous-01,2,classification
0.2944,last_frame_nn,synthetic-ambiguous-01,3,classification
0.286,last_frame_nn,synthetic-ambiguous-01,4,classification
0.2835,last_frame_nn,synthetic-ambiguous-02,0,classification
0.2845,last_frame_nn,synthetic-ambiguous-02,1,classification
0.2814,last_frame_nn,synthetic-ambiguous-02,2,classification
0.283,last_frame_nn,synthetic-ambiguous-02,3,classification
0.2857,last_frame_nn,synthetic-ambiguous-02,4,classification
0.2805,last_frame_nn,synthetic-ambiguous-03,0,classification
0.2789,last_frame_nn,synthetic-ambiguous-03,1,classification
0.2778,last_frame_nn,synthetic-ambiguous-03,2,classification
0.2784,last_frame_nn,synthetic-ambiguous-03,3,classification
0.2774,last_frame_nn,synthetic-ambiguous-03,4,classification
0.2809,last_frame_nn,synthetic-ambiguous-04,0,classification
0.2819,last_frame_nn,synthetic-ambiguous-04,1,classification
0.2796,last_frame_nn,synthetic-ambiguous-04,2,classification
0.2805,last_frame_nn,synthetic-ambiguous-04,3,classification
0.2801,last_frame_nn,synthetic-ambiguous-04,4,classification
0.2804,last_frame_nn,synthetic-ambiguous-05,0,classification
0.2783,last_frame_nn,synthetic-ambiguous-05,1,classification
0.2771,last_frame_nn,synthetic-ambiguous-05,2,classification
0.277,last_frame_nn,synthetic-ambiguous-05,3,classification
0.2754,last_frame_nn,synthetic-ambiguous-05,4,classification
0.2789,last_frame_nn,synthetic-ambiguous-06,0,classification
0.2806,last_frame_nn,synthetic-ambiguous-06,1,classification
0.3701,last_frame_nn,synthetic-ambiguous-06,2,classification
0.2819,last_frame_nn,synthetic-ambiguous-06,3,classification
0.2799,last_frame_nn,synthetic-ambiguous-06,4,classification
0.278,last_frame_nn,synthetic-ambiguous-07,0,classification
0.2857,last_frame_nn,synthetic-ambiguous-07,1,classification
0.28,last_frame_nn,synthetic-ambiguous-07,2,classification
0.2828,last_frame_nn,synthetic-ambiguous-07,3,classification
0.2798,last_frame_nn,synthetic-ambiguous-07,4,classification
0.2809,last_frame_nn,synthetic-ambiguous-08,0,classification
0.2803,last_frame_nn,synthetic-ambiguous-08,1,classification
0.3869,last_frame_nn,synthetic-ambiguous-08,2,classification
0.2809,last_frame_nn,synthetic-ambiguous-08,3,classification
0.2811,last_frame_nn,synthetic-ambiguous-08,4,classification
0.9256,last_frame_nn,synthetic-ambiguous-09,0,classification
0.7649,last_frame_nn,synthetic-ambiguous-09,1,classification
0.3434,last_frame_nn,synthetic-ambiguous-09,2,classification
0.3336,last_frame_nn,synthetic-ambiguous-09,3,classification
0.3138,last_frame_nn,synthetic-ambiguous-09,4,classification
0.307,last_frame_nn,synthetic-ambiguous-10,0,classification
0.4812,last_frame_nn,synthetic-ambiguous-10,1,classification
0.3816,last_frame_nn,synthetic-ambiguous-10,2,classification
0.3099,last_frame_nn,synthetic-ambiguous-10,3,classification
0.3322,last_frame_nn,synthetic-ambiguous-10,4,classification
0.2911,last_frame_nn,synthetic-ambiguous-11,0,classification
0.2877,last_frame_nn,synthetic-ambiguous-11,1,classification
0.2861,last_frame_nn,synthetic-ambiguous-11,2,classification
0.5664,last_frame_nn,synthetic-ambiguous-11,3,classification
0.3203,last_frame_nn,synthetic-ambiguous-11,4,classification
0.4281,mean_frame_nn,synthetic-branch_a-00,0,classification
0.4081,mean_frame_nn,synthetic-branch_a-00,1,classification
0.3981,mean_frame_nn,synthetic-branch_a-00,2,classification
0.3967,mean_frame_nn,synthetic-branch_a-00,3,classification
0.7828,mean_frame_nn,synthetic-branch_a-00,4,classification
0.6355,mean_frame_nn,synthetic-branch_a-01,0,classification
0.5229,mean_frame_nn,synthetic-branch_a-01,1,classification
0.779,mean_frame_nn,synthetic-branch_a-01,2,classification
0.4099,mean_frame_nn,synthetic-branch_a-01,3,classification
0.3999,mean_frame_nn,synthetic-branch_a-01,4,classification
0.397,mean_frame_nn,synthetic-branch_a-02,0,classification
0.3958,mean_frame_nn,synthetic-branch_a-02,1,classification
0.404,mean_frame_nn,synthetic-branch_a-02,2,classification
0.6651,mean_frame_nn,synthetic-branch_a-02,3,classification
0.4276,mean_frame_nn,synthetic-branch_a-02,4,classification
0.4062,mean_frame_nn,synthetic-branch_a-03,0,classification
0.3959,mean_frame_nn,synthetic-branch_a-03,1,classification
0.3927,mean_frame_nn,synthetic-branch_a-03,2,classification
0.3928,mean_frame_nn,synthetic-branch_a-03,3,classification
0.3888,mean_frame_nn,synthetic-branch_a-03,4,classification
0.3872,mean_frame_nn,synthetic-branch_a-04,0,classification
0.3887,mean_frame_nn,synthetic-branch_a-04,1,classification
0.3849,mean_frame_nn,synthetic-branch_a-04,2,classification
0.3862,mean_frame_nn,synthetic-branch_a-04,3,classification
0.3893,mean_frame_nn,synthetic-branch_a-04,4,classification
0.3857,mean_frame_nn,synthetic-branch_a-05,0,classification
0.386,mean_frame_nn,synthetic-branch_a-05,1,classification
0.3852,mean_frame_nn,synthetic-branch_a-05,2,classification
0.3891,mean_frame_nn,synthetic-branch_a-05,3,classification
0.3835,mean_frame_nn,synthetic-branch_a-05,4,classification
0.3816,mean_frame_nn,synthetic-branch_a-06,0,classification
0.3836,mean_frame_nn,synthetic-branch_a-06,1,classification
0.3793,mean_frame_nn,synthetic-branch_a-06,2,classification
0.3868,mean_frame_nn,synthetic-branch_a-06,3,classification
0.3856,mean_frame_nn,synthetic-branch_a-06,4,classification
0.7123,mean_frame_nn,synthetic-branch_a-07,0,classification
0.6747,mean_frame_nn,synthetic-branch_a-07,1,classification
0.5771,mean_frame_nn,synthetic-branch_a-07,2,classification
0.7206,mean_frame_nn,synthetic-branch_a-07,3,classification
0.651,mean_frame_nn,synthetic-branch_a-07,4,classification
0.4201,mean_frame_nn,synthetic-branch_a-08,0,classification
0.409,mean_frame_nn,synthetic-branch_a-08,1,classification
0.3986,mean_frame_nn,synthetic-branch_a-08,2,classification
0.4018,mean_frame_nn,synthetic-branch_a-08,3,classification
0.3903,mean_frame_nn,synthetic-branch_a-08,4,classification
0.3906,mean_frame_nn,synthetic-branch_a-09,0,classification
0.3914,mean_frame_nn,synthetic-branch_a-09,1,classification
0.3863,mean_frame_nn,synthetic-branch_a-09,2,classification
0.3885,mean_frame_nn,synthetic-branch_a-09,3,classification
0.3876,mean_frame_nn,synthetic-branch_a-09,4,classification
0.3854,mean_frame_nn,synthetic-branch_a-10,0,classification
0.3901,mean_frame_nn,synthetic-branch_a-10,1,classification
0.384,mean_frame_nn,synthetic-branch_a-10,2,classification
0.3849,mean_frame_nn,synthetic-branch_a-10,3,classification
0.3824,mean_frame_nn,synthetic-branch_a-10,4,classification
0.3874,mean_frame_nn,synthetic-branch_a-11,0,classification
0.384,mean_frame_nn,synthetic-branch_a-11,1,classification
0.3821,mean_frame_nn,synthetic-branch_a-11,2,classification
0.3833,mean_frame_nn,synthetic-branch_a-11,3,classification
0.3829,mean_frame_nn,synthetic-branch_a-11,4,classification
0.3837,mean_frame_nn,synthetic-branch_a-12,0,classification
0.3835,mean_frame_nn,synthetic-branch_a-12,1,classification
0.4917,mean_frame_nn,synthetic-branch_a-12,2,classification
0.658,mean_frame_nn,synthetic-branch_a-12,3,classification
0.4506,mean_frame_nn,synthetic-branch_a-12,4,classification
0.3806,mean_frame_nn,synthetic-branch_a-13,0,classification
0.6829,mean_frame_nn,synthetic-branch_a-13,1,classification
0.4707,mean_frame_nn,synthetic-branch_a-13,2,classification
0.4971,mean_frame_nn,synthetic-branch_a-13,3,classification
0.5907,mean_frame_nn,synthetic-branch_a-13,4,classification
0.4122,mean_frame_nn,synthetic-branch_a-14,0,classification
0.398,mean_frame_nn,synthetic-branch_a-14,1,classification
0.3923,mean_frame_nn,synthetic-branch_a-14,2,classification
0.392,mean_frame_nn,synthetic-branch_a-14,3,classification
0.389,mean_frame_nn,synthetic-branch_a-14,4,classification
0.3861,mean_frame_nn,synthetic-branch_a-15,0,classification
0.3872,mean_frame_nn,synthetic-branch_a-15,1,classification
0.3877,mean_frame_nn,synthetic-branch_a-15,2,classification
0.3867,mean_frame_nn,synthetic-branch_a-15,3,classification
0.3891,mean_frame_nn,synthetic-branch_a-15,4,classification
0.3844,mean_frame_nn,synthetic-branch_a-16,0,classification
0.3856,mean_frame_nn,synthetic-branch_a-16,1,classification
0.384,mean_frame_nn,synthetic-branch_a-16,2,classification
0.4796,mean_frame_nn,synthetic-branch_a-16,3,classification
0.3839,mean_frame_nn,synthetic-branch_a-16,4,classification
0.3848,mean_frame_nn,synthetic-branch_a-17,0,classification
0.3842,mean_frame_nn,synthetic-branch_a-17,1,classification
0.3866,mean_frame_nn,synthetic-branch_a-17,2,classification
0.3833,mean_frame_nn,synthetic-branch_a-17,3,classification
0.3822,mean_frame_nn,synthetic-branch_a-17,4,classification
0.3814,mean_frame_nn,synthetic-branch_a-18,0,classification
0.3882,mean_frame_nn,synthetic-branch_a-18,1,classification
0.389,mean_frame_nn,synthetic-branch_a-18,2,classification
0.3836,mean_frame_nn,synthetic-branch_a-18,3,classification
0.3823,mean_frame_nn,synthetic-branch_a-18,4,classification
0.3822,mean_frame_nn,synthetic-branch_a-19,0,classification
0.3887,mean_frame_nn,synthetic-branch_a-19,1,classification
0.384,mean_frame_nn,synthetic-branch_a-19,2,classification
0.3843,mean_frame_nn,synthetic-branch_a-19,3,classification
0.3821,mean_frame_nn,synthetic-branch_a-19,4,classification
0.754,mean_frame_nn,synthetic-branch_a-20,0,classification
0.5727,mean_frame_nn,synthetic-branch_a-20,1,classification
0.8718,mean_frame_nn,synthetic-branch_a-20,2,classification
0.7851,mean_frame_nn,synthetic-branch_a-20,3,classification
0.4368,mean_frame_nn,synthetic-branch_a-20,4,classification
0.3963,mean_frame_nn,synthetic-branch_a-21,0,classification
0.3943,mean_frame_nn,synthetic-branch_a-21,1,classification
0.3892,mean_frame_nn,synthetic-branch_a-21,2,classification
0.3929,mean_frame_nn,synthetic-branch_a-21,3,classification
0.3864,mean_frame_nn,synthetic-branch_a-21,4,classification
0.3853,mean_frame_nn,synthetic-branch_a-22,0,classification
0.3867,mean_frame_nn,synthetic-branch_a-22,1,classification
0.4766,mean_frame_nn,synthetic-branch_a-22,2,classification
0.3864,mean_frame_nn,synthetic-branch_a-22,3,classification
0.3822,mean_frame_nn,synthetic-branch_a-22,4,classification
0.3836,mean_frame_nn,synthetic-branch_a-23,0,classification
0.3864,mean_frame_nn,synthetic-branch_a-23,1,classification
0.3803,mean_frame_nn,synthetic-branch_a-23,2,classification
0.382,mean_frame_nn,synthetic-branch_a-23,3,classification
0.3804,mean_frame_nn,synthetic-branch_a-23,4,classification
0.3855,mean_frame_nn,synthetic-branch_b-00,0,classification
0.593,mean_frame_nn,synthetic-branch_b-00,1,classification
0.4267,mean_frame_nn,synthetic-branch_b-00,2,classification
0.6939,mean_frame_nn,synthetic-branch_b-00,3,classification
0.4357,mean_frame_nn,synthetic-branch_b-00,4,classification
0.3981,mean_frame_nn,synthetic-branch_b-01,0,classification
0.4015,mean_frame_nn,synthetic-branch_b-01,1,classification
0.3915,mean_frame_nn,synthetic-branch_b-01,2,classification
0.3911,mean_frame_nn,synthetic-branch_b-01,3,classification
0.3886,mean_frame_nn,synthetic-branch_b-01,4,classification
0.7283,mean_frame_nn,synthetic-branch_b-02,0,classification
0.5135,mean_frame_nn,synthetic-branch_b-02,1,classification
0.8093,mean_frame_nn,synthetic-branch_b-02,2,classification
0.6765,mean_frame_nn,synthetic-branch_b-02,3,classification
0.8734,mean_frame_nn,synthetic-branch_b-02,4,classification
0.4156,mean_frame_nn,synthetic-branch_b-03,0,classification
0.4011,mean_frame_nn,synthetic-branch_b-03,1,classification
0.4019,mean_frame_nn,synthetic-branch_b-03,2,classification
0.3944,mean_frame_nn,synthetic-branch_b-03,3,classification
0.3898,mean_frame_nn,synthetic-branch_b-03,4,classification
0.3869,mean_frame_nn,synthetic-branch_b-04,0,classification
0.4851,mean_frame_nn,synthetic-branch_b-04,1,classification
0.3833,mean_frame_nn,synthetic-branch_b-04,2,classification
0.3829,mean_frame_nn,synthetic-branch_b-04,3,classification
0.3839,mean_frame_nn,synthetic-branch_b-04,4,classification
0.3877,mean_frame_nn,synthetic-branch_b-05,0,classification
0.3822,mean_frame_nn,synthetic-branch_b-05,1,classification
0.3806,mean_frame_nn,synthetic-branch_b-05,2,classification
0.3834,mean_frame_nn,synthetic-branch_b-05,3,classification
0.3811,mean_frame_nn,synthetic-branch_b-05,4,classification
0.3816,mean_frame_nn,synthetic-branch_b-06,0,classification
0.3821,mean_frame_nn,synthetic-branch_b-06,1,classification
0.381,mean_frame_nn,synthetic-branch_b-06,2,classification
0.3825,mean_frame_nn,synthetic-branch_b-06,3,classification
0.384,mean_frame_nn,synthetic-branch_b-06,4,classification
0.3802,mean_frame_nn,synthetic-branch_b-07,0,classification
0.3803,mean_frame_nn,synthetic-branch_b-07,1,classification
0.3799,mean_frame_nn,synthetic-branch_b-07,2,classification
0.3847,mean_frame_nn,synthetic-branch_b-07,3,classification
0.3786,mean_frame_nn,synthetic-branch_b-07,4,classification
0.3787,mean_frame_nn,synthetic-branch_b-08,0,classification
0.3803,mean_frame_nn,synthetic-branch_b-08,1,classification
0.4038,mean_frame_nn,synthetic-branch_b-08,2,classification
0.7312,mean_frame_nn,synthetic-branch_b-08,3,classification
0.6908,mean_frame_nn,synthetic-branch_b-08,4,classification
0.4461,mean_frame_nn,synthetic-branch_b-09,0,classification
0.4179,mean_frame_nn,synthetic-branch_b-09,1,classification
0.3757,mean_frame_nn,synthetic-branch_b-09,2,classification
0.3693,mean_frame_nn,synthetic-branch_b-09,3,classification
0.3682,mean_frame_nn,synthetic-branch_b-09,4,classification
0.3649,mean_frame_nn,synthetic-branch_b-10,0,classification
0.4468,mean_frame_nn,synthetic-branch_b-10,1,classification
0.3664,mean_frame_nn,synthetic-branch_b-10,2,classification
0.3645,mean_frame_nn,synthetic-branch_b-10,3,classification
0.3621,mean_frame_nn,synthetic-branch_b-10,4,classification
0.368,mean_frame_nn,synthetic-branch_b-11,0,classification
0.3638,mean_frame_nn,synthetic-branch_b-11,1,classification
0.3611,mean_frame_nn,synthetic-branch_b-11,2,classification
0.363,mean_frame_nn,synthetic-branch_b-11,3,classification
0.3627,mean_frame_nn,synthetic-branch_b-11,4,classification
0.3727,mean_frame_nn,synthetic-branch_b-12,0,classification
0.3616,mean_frame_nn,synthetic-branch_b-12,1,classification
0.3601,mean_frame_nn,synthetic-branch_b-12,2,classification
0.3597,mean_frame_nn,synthetic-branch_b-12,3,classification
0.3606,mean_frame_nn,synthetic-branch_b-12,4,classification
0.3608,mean_frame_nn,synthetic-branch_b-13,0,classification
0.3646,mean_frame_nn,synthetic-branch_b-13,1,classification
0.3693,mean_frame_nn,synthetic-branch_b-13,2,classification
0.8327,mean_frame_nn,synthetic-branch_b-13,3,classification
0.7202,mean_frame_nn,synthetic-branch_b-13,4,classification
0.43,mean_frame_nn,synthetic-branch_b-14,0,classification
0.407,mean_frame_nn,synthetic-branch_b-14,1,classification
0.4087,mean_frame_nn,synthetic-branch_b-14,2,classification
0.3952,mean_frame_nn,synthetic-branch_b-14,3,classification
0.7379,mean_frame_nn,synthetic-branch_b-14,4,classification
0.4072,mean_frame_nn,synthetic-branch_b-15,0,classification
0.9299,mean_frame_nn,synthetic-branch_b-15,1,classification
0.9573,mean_frame_nn,synthetic-branch_b-15,2,classification
0.4539,mean_frame_nn,synthetic-branch_b-15,3,classification
0.4105,mean_frame_nn,synthetic-branch_b-15,4,classification
0.3999,mean_frame_nn,synthetic-branch_b-16,0,classification
0.3943,mean_frame_nn,synthetic-branch_b-16,1,classification
0.3897,mean_frame_nn,synthetic-branch_b-16,2,classification
0.521,mean_frame_nn,synthetic-branch_b-16,3,classification
0.3934,mean_frame_nn,synthetic-branch_b-16,4,classification
0.3713,mean_frame_nn,synthetic-branch_b-17,0,classification
0.4525,mean_frame_nn,synthetic-branch_b-17,1,classification
0.3687,mean_frame_nn,synthetic-branch_b-17,2,classification
0.3664,mean_frame_nn,synthetic-branch_b-17,3,classification
0.3631,mean_frame_nn,synthetic-branch_b-17,4,classification
0.3682,mean_frame_nn,synthetic-branch_b-18,0,classification
0.3704,mean_frame_nn,synthetic-branch_b-18,1,classification
0.3674,mean_frame_nn,synthetic-branch_b-18,2,classification
0.3664,mean_frame_nn,synthetic-branch_b-18,3,classification
0.3605,mean_frame_nn,synthetic-branch_b-18,4,classification
0.37,mean_frame_nn,synthetic-branch_b-19,0,classification
0.3777,mean_frame_nn,synthetic-branch_b-19,1,classification
0.3622,mean_frame_nn,synthetic-branch_b-19,2,classification
0.6874,mean_frame_nn,synthetic-branch_b-19,3,classification
0.4527,mean_frame_nn,synthetic-branch_b-19,4,classification
0.3978,mean_frame_nn,synthetic-branch_b-20,0,classification
0.398,mean_frame_nn,synthetic-branch_b-20,1,classification
0.3886,mean_frame_nn,synthetic-branch_b-20,2,classification
0.3858,mean_frame_nn,synthetic-branch_b-20,3,classification
0.3834,mean_frame_nn,synthetic-branch_b-20,4,classification
0.575,mean_frame_nn,synthetic-branch_b-21,0,classification
0.6231,mean_frame_nn,synthetic-branch_b-21,1,classification
0.6143,mean_frame_nn,synthetic-branch_b-21,2,classification
0.647,mean_frame_nn,synthetic-branch_b-21,3,classification
0.457,mean_frame_nn,synthetic-branch_b-21,4,classification
0.3977,mean_frame_nn,synthetic-branch_b-22,0,classification
0.3937,mean_frame_nn,synthetic-branch_b-22,1,classification
0.392,mean_frame_nn,synthetic-branch_b-22,2,classification
0.3925,mean_frame_nn,synthetic-branch_b-22,3,classification
0.3865,mean_frame_nn,synthetic-branch_b-22,4,classification
0.3855,mean_frame_nn,synthetic-branch_b-23,0,classification
0.3861,mean_frame_nn,synthetic-branch_b-23,1,classification
0.3875,mean_frame_nn,synthetic-branch_b-23,2,classification
0.3824,mean_frame_nn,synthetic-branch_b-23,3,classification
0.3822,mean_frame_nn,synthetic-branch_b-23,4,classification
0.3818,mean_frame_nn,synthetic-unknown-00,0,classification
0.3654,mean_frame_nn,synthetic-unknown-00,1,classification
0.3605,mean_frame_nn,synthetic-unknown-00,2,classification
0.3586,mean_frame_nn,synthetic-unknown-00,3,classification
0.4747,mean_frame_nn,synthetic-unknown-00,4,classification
0.3547,mean_frame_nn,synthetic-unknown-01,0,classification
0.3543,mean_frame_nn,synthetic-unknown-01,1,classification
0.6431,mean_frame_nn,synthetic-unknown-01,2,classification
0.4351,mean_frame_nn,synthetic-unknown-01,3,classification
0.4006,mean_frame_nn,synthetic-unknown-01,4,classification
0.3918,mean_frame_nn,synthetic-unknown-02,0,classification
0.3825,mean_frame_nn,synthetic-unknown-02,1,classification
0.3819,mean_frame_nn,synthetic-unknown-02,2,classification
0.3795,mean_frame_nn,synthetic-unknown-02,3,classification
0.3801,mean_frame_nn,synthetic-unknown-02,4,classification
0.3773,mean_frame_nn,synthetic-unknown-03,0,classification
0.3803,mean_frame_nn,synthetic-unknown-03,1,classification
0.6912,mean_frame_nn,synthetic-unknown-03,2,classification
0.6043,mean_frame_nn,synthetic-unknown-03,3,classification
0.4165,mean_frame_nn,synthetic-unknown-03,4,classification
0.7621,mean_frame_nn,synthetic-unknown-04,0,classification
0.4449,mean_frame_nn,synthetic-unknown-04,1,classification
0.3694,mean_frame_nn,synthetic-unknown-04,2,classification
0.368,mean_frame_nn,synthetic-unknown-04,3,classification
0.3586,mean_frame_nn,synthetic-unknown-04,4,classification
0.3603,mean_frame_nn,synthetic-unknown-05,0,classification
0.3571,mean_frame_nn,synthetic-unknown-05,1,classification
0.3601,mean_frame_nn,synthetic-unknown-05,2,classification
0.3566,mean_frame_nn,synthetic-unknown-05,3,classification
0.3562,mean_frame_nn,synthetic-unknown-05,4,classification
0.3573,mean_frame_nn,synthetic-unknown-06,0,classification
0.3622,mean_frame_nn,synthetic-unknown-06,1,classification
0.3552,mean_frame_nn,synthetic-unknown-06,2,classification
0.3541,mean_frame_nn,synthetic-unknown-06,3,classification
0.356,mean_frame_nn,synthetic-unknown-06,4,classification
0.3524,mean_frame_nn,synthetic-unknown-07,0,classification
0.3569,mean_frame_nn,synthetic-unknown-07,1,classification
0.3546,mean_frame_nn,synthetic-unknown-07,2,classification
0.3536,mean_frame_nn,synthetic-unknown-07,3,classification
0.3544,mean_frame_nn,synthetic-unknown-07,4,classification
0.3579,mean_frame_nn,synthetic-unknown-08,0,classification
0.3547,mean_frame_nn,synthetic-unknown-08,1,classification
0.3525,mean_frame_nn,synthetic-unknown-08,2,classification
0.3531,mean_frame_nn,synthetic-unknown-08,3,classification
0.3528,mean_frame_nn,synthetic-unknown-08,4,classification
0.3554,mean_frame_nn,synthetic-unknown-09,0,classification
0.3545,mean_frame_nn,synthetic-unknown-09,1,classification
0.3549,mean_frame_nn,synthetic-unknown-09,2,classification
0.3714,mean_frame_nn,synthetic-unknown-09,3,classification
0.3606,mean_frame_nn,synthetic-unknown-09,4,classification
0.3579,mean_frame_nn,synthetic-unknown-10,0,classification
0.3543,mean_frame_nn,synthetic-unknown-10,1,classification
0.3542,mean_frame_nn,synthetic-unknown-10,2,classification
0.6829,mean_frame_nn,synthetic-unknown-10,3,classification
0.6275,mean_frame_nn,synthetic-unknown-10,4,classification
0.6306,mean_frame_nn,synthetic-unknown-11,0,classification
0.7821,mean_frame_nn,synthetic-unknown-11,1,classification
0.3985,mean_frame_nn,synthetic-unknown-11,2,classification
0.3672,mean_frame_nn,synthetic-unknown-11,3,classification
0.3614,mean_frame_nn,synthetic-unknown-11,4,classification
0.3618,mean_frame_nn,synthetic-unknown-12,0,classification
0.3567,mean_frame_nn,synthetic-unknown-12,1,classification
0.5791,mean_frame_nn,synthetic-unknown-12,2,classification
0.532,mean_frame_nn,synthetic-unknown-12,3,classification
0.4123,mean_frame_nn,synthetic-unknown-12,4,classification
0.393,mean_frame_nn,synthetic-unknown-13,0,classification
0.3856,mean_frame_nn,synthetic-unknown-13,1,classification
0.3839,mean_frame_nn,synthetic-unknown-13,2,classification
0.3805,mean_frame_nn,synthetic-unknown-13,3,classification
0.382,mean_frame_nn,synthetic-unknown-13,4,classification
0.3809,mean_frame_nn,synthetic-unknown-14,0,classification
0.3789,mean_frame_nn,synthetic-unknown-14,1,classification
0.378,mean_frame_nn,synthetic-unknown-14,2,classification
0.3766,mean_frame_nn,synthetic-unknown-14,3,classification
0.3771,mean_frame_nn,synthetic-unknown-14,4,classification
0.3782,mean_frame_nn,synthetic-unknown-15,0,classification
0.3761,mean_frame_nn,synthetic-unknown-15,1,classification
0.376,mean_frame_nn,synthetic-unknown-15,2,classification
0.3759,mean_frame_nn,synthetic-unknown-15,3,classification
0.3787,mean_frame_nn,synthetic-unknown-15,4,classification
0.3767,mean_frame_nn,synthetic-unknown-16,0,classification
0.3743,mean_frame_nn,synthetic-unknown-16,1,classification
0.3746,mean_frame_nn,synthetic-unknown-16,2,classification
0.3798,mean_frame_nn,synthetic-unknown-16,3,classification
0.6292,mean_frame_nn,synthetic-unknown-16,4,classification
0.7009,mean_frame_nn,synthetic-unknown-17,0,classification
0.5331,mean_frame_nn,synthetic-unknown-17,1,classification
0.6561,mean_frame_nn,synthetic-unknown-17,2,classification
0.4155,mean_frame_nn,synthetic-unknown-17,3,classification
0.3865,mean_frame_nn,synthetic-unknown-17,4,classification
0.3883,mean_frame_nn,synthetic-unknown-18,0,classification
0.3814,mean_frame_nn,synthetic-unknown-18,1,classification
0.3797,mean_frame_nn,synthetic-unknown-18,2,classification
0.38,mean_frame_nn,synthetic-unknown-18,3,classification
0.3807,mean_frame_nn,synthetic-unknown-18,4,classification
0.3789,mean_frame_nn,synthetic-unknown-19,0,classification
0.5391,mean_frame_nn,synthetic-unknown-19,1,classification
0.6121,mean_frame_nn,synthetic-unknown-19,2,classification
0.4247,mean_frame_nn,synthetic-unknown-19,3,classification
0.4047,mean_frame_nn,synthetic-unknown-19,4,classification
0.3889,mean_frame_nn,synthetic-unknown-20,0,classification
0.6903,mean_frame_nn,synthetic-unknown-20,1,classification
0.4502,mean_frame_nn,synthetic-unknown-20,2,classification
0.4044,mean_frame_nn,synthetic-unknown-20,3,classification
0.3942,mean_frame_nn,synthetic-unknown-20,4,classification
0.3871,mean_frame_nn,synthetic-unknown-21,0,classification
0.3837,mean_frame_nn,synthetic-unknown-21,1,classification
0.3817,mean_frame_nn,synthetic-unknown-21,2,classification
0.3795,mean_frame_nn,synthetic-unknown-21,3,classification
0.3848,mean_frame_nn,synthetic-unknown-21,4,classification
0.3802,mean_frame_nn,synthetic-unknown-22,0,classification
0.377,mean_frame_nn,synthetic-unknown-22,1,classification
0.3878,mean_frame_nn,synthetic-unknown-22,2,classification
0.3798,mean_frame_nn,synthetic-unknown-22,3,classification
0.7405,mean_frame_nn,synthetic-unknown-22,4,classification
0.8047,mean_frame_nn,synthetic-unknown-23,0,classification
0.6257,mean_frame_nn,synthetic-unknown-23,1,classification
0.7155,mean_frame_nn,synthetic-unknown-23,2,classification
0.4069,mean_frame_nn,synthetic-unknown-23,3,classification
0.3707,mean_frame_nn,synthetic-unknown-23,4,classification
0.3608,mean_frame_nn,synthetic-ambiguous-00,0,classification
0.3635,mean_frame_nn,synthetic-ambiguous-00,1,classification
0.359,mean_frame_nn,synthetic-ambiguous-00,2,classification
0.3584,mean_frame_nn,synthetic-ambiguous-00,3,classification
0.3605,mean_frame_nn,synthetic-ambiguous-00,4,classification
0.3585,mean_frame_nn,synthetic-ambiguous-01,0,classification
0.356,mean_frame_nn,synthetic-ambiguous-01,1,classification
0.3558,mean_frame_nn,synthetic-ambiguous-01,2,classification
0.3602,mean_frame_nn,synthetic-ambiguous-01,3,classification
0.3562,mean_frame_nn,synthetic-ambiguous-01,4,classification
0.3621,mean_frame_nn,synthetic-ambiguous-02,0,classification
0.3547,mean_frame_nn,synthetic-ambiguous-02,1,classification
0.354,mean_frame_nn,synthetic-ambiguous-02,2,classification
0.3571,mean_frame_nn,synthetic-ambiguous-02,3,classification
0.3557,mean_frame_nn,synthetic-ambiguous-02,4,classification
0.6129,mean_frame_nn,synthetic-ambiguous-03,0,classification
0.5919,mean_frame_nn,synthetic-ambiguous-03,1,classification
0.5384,mean_frame_nn,synthetic-ambiguous-03,2,classification
0.4545,mean_frame_nn,synthetic-ambiguous-03,3,classification
0.487,mean_frame_nn,synthetic-ambiguous-03,4,classification
0.3797,mean_frame_nn,synthetic-ambiguous-04,0,classification
0.3674,mean_frame_nn,synthetic-ambiguous-04,1,classification
0.358,mean_frame_nn,synthetic-ambiguous-04,2,classification
0.3626,mean_frame_nn,synthetic-ambiguous-04,3,classification
0.3638,mean_frame_nn,synthetic-ambiguous-04,4,classification
0.4938,mean_frame_nn,synthetic-ambiguous-05,0,classification
0.6301,mean_frame_nn,synthetic-ambiguous-05,1,classification
0.7369,mean_frame_nn,synthetic-ambiguous-05,2,classification
0.6426,mean_frame_nn,synthetic-ambiguous-05,3,classification
0.5485,mean_frame_nn,synthetic-ambiguous-05,4,classification
0.4293,mean_frame_nn,synthetic-ambiguous-06,0,classification
0.3923,mean_frame_nn,synthetic-ambiguous-06,1,classification
0.3847,mean_frame_nn,synthetic-ambiguous-06,2,classification
0.385,mean_frame_nn,synthetic-ambiguous-06,3,classification
0.3839,mean_frame_nn,synthetic-ambiguous-06,4,classification
0.3848,mean_frame_nn,synthetic-ambiguous-07,0,classification
0.3792,mean_frame_nn,synthetic-ambiguous-07,1,classification
0.3791,mean_frame_nn,synthetic-ambiguous-07,2,classification
0.3813,mean_frame_nn,synthetic-ambiguous-07,3,classification
0.3781,mean_frame_nn,synthetic-ambiguous-07,4,classification
0.3778,mean_frame_nn,synthetic-ambiguous-08,0,classification
0.3775,mean_frame_nn,synthetic-ambiguous-08,1,classification
0.3781,mean_frame_nn,synthetic-ambiguous-08,2,classification
0.375,mean_frame_nn,synthetic-ambiguous-08,3,classification
0.3744,mean_frame_nn,synthetic-ambiguous-08,4,classification
0.3751,mean_frame_nn,synthetic-ambiguous-09,0,classification
0.3779,mean_frame_nn,synthetic-ambiguous-09,1,classification
0.3746,mean_frame_nn,synthetic-ambiguous-09,2,classification
0.3749,mean_frame_nn,synthetic-ambiguous-09,3,classification
0.5063,mean_frame_nn,synthetic-ambiguous-09,4,classification
0.3739,mean_frame_nn,synthetic-ambiguous-10,0,classification
0.3652,mean_frame_nn,synthetic-ambiguous-10,1,classification
0.3613,mean_frame_nn,synthetic-ambiguous-10,2,classification
0.3603,mean_frame_nn,synthetic-ambiguous-10,3,classification
0.361,mean_frame_nn,synthetic-ambiguous-10,4,classification
0.3607,mean_frame_nn,synthetic-ambiguous-11,0,classification
0.3581,mean_frame_nn,synthetic-ambiguous-11,1,classification
0.3603,mean_frame_nn,synthetic-ambiguous-11,2,classification
0.3556,mean_frame_nn,synthetic-ambiguous-11,3,classification
0.3553,mean_frame_nn,synthetic-ambiguous-11,4,classification
3.1591,dtw_suffix,synthetic-branch_a-00,0,classification
3.1346,dtw_suffix,synthetic-branch_a-00,1,classification
3.9386,dtw_suffix,synthetic-branch_a-00,2,classification
3.3823,dtw_suffix,synthetic-branch_a-00,3,classification
3.1671,dtw_suffix,synthetic-branch_a-00,4,classification
3.1223,dtw_suffix,synthetic-branch_a-01,0,classification
4.3179,dtw_suffix,synthetic-branch_a-01,1,classification
3.1808,dtw_suffix,synthetic-branch_a-01,2,classification
3.1292,dtw_suffix,synthetic-branch_a-01,3,classification
3.3017,dtw_suffix,synthetic-branch_a-01,4,classification
3.4543,dtw_suffix,synthetic-branch_a-02,0,classification
3.1764,dtw_suffix,synthetic-branch_a-02,1,classification
3.1331,dtw_suffix,synthetic-branch_a-02,2,classification
3.2538,dtw_suffix,synthetic-branch_a-02,3,classification
3.2684,dtw_suffix,synthetic-branch_a-02,4,classification
3.1338,dtw_suffix,synthetic-branch_a-03,0,classification
3.1223,dtw_suffix,synthetic-branch_a-03,1,classification
3.2051,dtw_suffix,synthetic-branch_a-03,2,classification
3.1878,dtw_suffix,synthetic-branch_a-03,3,classification
3.522,dtw_suffix,synthetic-branch_a-03,4,classification
3.1238,dtw_suffix,synthetic-branch_a-04,0,classification
3.205,dtw_suffix,synthetic-branch_a-04,1,classification
3.129,dtw_suffix,synthetic-branch_a-04,2,classification
3.9082,dtw_suffix,synthetic-branch_a-04,3,classification
3.0047,dtw_suffix,synthetic-branch_a-04,4,classification
3.3553,dtw_suffix,synthetic-branch_a-05,0,classification
3.2613,dtw_suffix,synthetic-branch_a-05,1,classification
3.9759,dtw_suffix,synthetic-branch_a-05,2,classification
3.3311,dtw_suffix,synthetic-branch_a-05,3,classification
3.2998,dtw_suffix,synthetic-branch_a-05,4,classification
3.1908,dtw_suffix,synthetic-branch_a-06,0,classification
4.4042,dtw_suffix,synthetic-branch_a-06,1,classification
3.399,dtw_suffix,synthetic-branch_a-06,2,classification
3.4791,dtw_suffix,synthetic-branch_a-06,3,classification
3.2993,dtw_suffix,synthetic-branch_a-06,4,classification
3.6061,dtw_suffix,synthetic-branch_a-07,0,classification
3.2262,dtw_suffix,synthetic-branch_a-07,1,classification
3.288,dtw_suffix,synthetic-branch_a-07,2,classification
3.2536,dtw_suffix,synthetic-branch_a-07,3,classification
3.2309,dtw_suffix,synthetic-branch_a-07,4,classification
3.1397,dtw_suffix,synthetic-branch_a-08,0,classification
3.2194,dtw_suffix,synthetic-branch_a-08,1,classification
3.2026,dtw_suffix,synthetic-branch_a-08,2,classification
3.3747,dtw_suffix,synthetic-branch_a-08,3,classification
3.9163,dtw_suffix,synthetic-branch_a-08,4,classification
3.1188,dtw_suffix,synthetic-branch_a-09,0,classification
3.1274,dtw_suffix,synthetic-branch_a-09,1,classification
3.3797,dtw_suffix,synthetic-branch_a-09,2,classification
3.5808,dtw_suffix,synthetic-branch_a-09,3,classification
3.0566,dtw_suffix,synthetic-branch_a-09,4,classification
2.9633,dtw_suffix,synthetic-branch_a-10,0,classification
3.2351,dtw_suffix,synthetic-branch_a-10,1,classification
3.5002,dtw_suffix,synthetic-branch_a-10,2,classification
3.0434,dtw_suffix,synthetic-branch_a-10,3,classification
2.9528,dtw_suffix,synthetic-branch_a-10,4,classification
3.0136,dtw_suffix,synthetic-branch_a-11,0,classification
4.215,dtw_suffix,synthetic-branch_a-11,1,classification
3.2668,dtw_suffix,synthetic-branch_a-11,2,classification
3.2563,dtw_suffix,synthetic-branch_a-11,3,classification
5.5311,dtw_suffix,synthetic-branch_a-11,4,classification
3.2351,dtw_suffix,synthetic-branch_a-12,0,classification
3.1828,dtw_suffix,synthetic-branch_a-12,1,classification
3.4471,dtw_suffix,synthetic-branch_a-12,2,classification
3.4706,dtw_suffix,synthetic-branch_a-12,3,classification
3.656,dtw_suffix,synthetic-branch_a-12,4,classification
3.7539,dtw_suffix,synthetic-branch_a-13,0,classification
3.388,dtw_suffix,synthetic-branch_a-13,1,classification
4.1468,dtw_suffix,synthetic-branch_a-13,2,classification
3.5338,dtw_suffix,synthetic-branch_a-13,3,classification
3.2572,dtw_suffix,synthetic-branch_a-13,4,classification
3.172,dtw_suffix,synthetic-branch_a-14,0,classification
3.966,dtw_suffix,synthetic-branch_a-14,1,classification
3.3512,dtw_suffix,synthetic-branch_a-14,2,classification
3.1442,dtw_suffix,synthetic-branch_a-14,3,classification
3.1365,dtw_suffix,synthetic-branch_a-14,4,classification
3.6697,dtw_suffix,synthetic-branch_a-15,0,classification
3.5149,dtw_suffix,synthetic-branch_a-15,1,classification
3.1858,dtw_suffix,synthetic-branch_a-15,2,classification
3.1364,dtw_suffix,synthetic-branch_a-15,3,classification
3.1338,dtw_suffix,synthetic-branch_a-15,4,classification
3.0645,dtw_suffix,synthetic-branch_a-16,0,classification
3.1615,dtw_suffix,synthetic-branch_a-16,1,classification
3.3024,dtw_suffix,synthetic-branch_a-16,2,classification
3.1475,dtw_suffix,synthetic-branch_a-16,3,classification
3.9418,dtw_suffix,synthetic-branch_a-16,4,classification
3.2805,dtw_suffix,synthetic-branch_a-17,0,classification
3.0299,dtw_suffix,synthetic-branch_a-17,1,classification
3.3755,dtw_suffix,synthetic-branch_a-17,2,classification
3.9535,dtw_suffix,synthetic-branch_a-17,3,classification
3.671,dtw_suffix,synthetic-branch_a-17,4,classification
2.992,dtw_suffix,synthetic-branch_a-18,0,classification
3.2407,dtw_suffix,synthetic-branch_a-18,1,classification
3.9889,dtw_suffix,synthetic-branch_a-18,2,classification
3.4034,dtw_suffix,synthetic-branch_a-18,3,classification
3.2907,dtw_suffix,synthetic-branch_a-18,4,classification
3.2141,dtw_suffix,synthetic-branch_a-19,0,classification
3.8423,dtw_suffix,synthetic-branch_a-19,1,classification
3.4285,dtw_suffix,synthetic-branch_a-19,2,classification
3.1205,dtw_suffix,synthetic-branch_a-19,3,classification
2.9921,dtw_suffix,synthetic-branch_a-19,4,classification
3.871,dtw_suffix,synthetic-branch_a-20,0,classification
3.0317,dtw_suffix,synthetic-branch_a-20,1,classification
2.9863,dtw_suffix,synthetic-branch_a-20,2,classification
2.9815,dtw_suffix,synthetic-branch_a-20,3,classification
3.0493,dtw_suffix,synthetic-branch_a-20,4,classification
3.2381,dtw_suffix,synthetic-branch_a-21,0,classification
2.9963,dtw_suffix,synthetic-branch_a-21,1,classification
2.9625,dtw_suffix,synthetic-branch_a-21,2,classification
2.9565,dtw_suffix,synthetic-branch_a-21,3,classification
3.8902,dtw_suffix,synthetic-branch_a-21,4,classification
3.0936,dtw_suffix,synthetic-branch_a-22,0,classification
2.9998,dtw_suffix,synthetic-branch_a-22,1,classification
2.9715,dtw_suffix,synthetic-branch_a-22,2,classification
4.2404,dtw_suffix,synthetic-branch_a-22,3,classification
3.3446,dtw_suffix,synthetic-branch_a-22,4,classification
3.2054,dtw_suffix,synthetic-branch_a-23,0,classification
3.2413,dtw_suffix,synthetic-branch_a-23,1,classification
3.7259,dtw_suffix,synthetic-branch_a-23,2,classification
3.1893,dtw_suffix,synthetic-branch_a-23,3,classification
3.0077,dtw_suffix,synthetic-branch_a-23,4,classification
2.9772,dtw_suffix,synthetic-branch_b-00,0,classification
4.1174,dtw_suffix,synthetic-branch_b-00,1,classification
3.5542,dtw_suffix,synthetic-branch_b-00,2,classification
3.1964,dtw_suffix,synthetic-branch_b-00,3,classification
3.7131,dtw_suffix,synthetic-branch_b-00,4,classification
4.3627,dtw_suffix,synthetic-branch_b-01,0,classification
3.5235,dtw_suffix,synthetic-branch_b-01,1,classification
3.2232,dtw_suffix,synthetic-branch_b-01,2,classification
3.5603,dtw_suffix,synthetic-branch_b-01,3,classification
4.2595,dtw_suffix,synthetic-branch_b-01,4,classification
3.2874,dtw_suffix,synthetic-branch_b-02,0,classification
3.6731,dtw_suffix,synthetic-branch_b-02,1,classification
4.2725,dtw_suffix,synthetic-branch_b-02,2,classification
4.3727,dtw_suffix,synthetic-branch_b-02,3,classification
3.5584,dtw_suffix,synthetic-branch_b-02,4,classification
3.1429,dtw_suffix,synthetic-branch_b-03,0,classification
3.7623,dtw_suffix,synthetic-branch_b-03,1,classification
3.7785,dtw_suffix,synthetic-branch_b-03,2,classification
3.1898,dtw_suffix,synthetic-branch_b-03,3,classification
3.344,dtw_suffix,synthetic-branch_b-03,4,classification
3.9728,dtw_suffix,synthetic-branch_b-04,0,classification
3.275,dtw_suffix,synthetic-branch_b-04,1,classification
3.1358,dtw_suffix,synthetic-branch_b-04,2,classification
3.127,dtw_suffix,synthetic-branch_b-04,3,classification
3.1223,dtw_suffix,synthetic-branch_b-04,4,classification
3.1948,dtw_suffix,synthetic-branch_b-05,0,classification
2.9748,dtw_suffix,synthetic-branch_b-05,1,classification
2.9546,dtw_suffix,synthetic-branch_b-05,2,classification
2.9518,dtw_suffix,synthetic-branch_b-05,3,classification
3.9279,dtw_suffix,synthetic-branch_b-05,4,classification
3.3021,dtw_suffix,synthetic-branch_b-06,0,classification
3.0441,dtw_suffix,synthetic-branch_b-06,1,classification
2.9767,dtw_suffix,synthetic-branch_b-06,2,classification
3.7335,dtw_suffix,synthetic-branch_b-06,3,classification
3.4668,dtw_suffix,synthetic-branch_b-06,4,classification
3.5114,dtw_suffix,synthetic-branch_b-07,0,classification
3.1924,dtw_suffix,synthetic-branch_b-07,1,classification
4.6039,dtw_suffix,synthetic-branch_b-07,2,classification
3.2183,dtw_suffix,synthetic-branch_b-07,3,classification
3.1442,dtw_suffix,synthetic-branch_b-07,4,classification
3.3144,dtw_suffix,synthetic-branch_b-08,0,classification
3.7325,dtw_suffix,synthetic-branch_b-08,1,classification
3.1444,dtw_suffix,synthetic-branch_b-08,2,classification
3.1201,dtw_suffix,synthetic-branch_b-08,3,classification
3.1109,dtw_suffix,synthetic-branch_b-08,4,classification
3.9376,dtw_suffix,synthetic-branch_b-09,0,classification
3.1613,dtw_suffix,synthetic-branch_b-09,1,classification
3.3252,dtw_suffix,synthetic-branch_b-09,2,classification
3.1163,dtw_suffix,synthetic-branch_b-09,3,classification
3.5484,dtw_suffix,synthetic-branch_b-09,4,classification
3.1461,dtw_suffix,synthetic-branch_b-10,0,classification
3.1167,dtw_suffix,synthetic-branch_b-10,1,classification
3.2943,dtw_suffix,synthetic-branch_b-10,2,classification
3.3531,dtw_suffix,synthetic-branch_b-10,3,classification
4.213,dtw_suffix,synthetic-branch_b-10,4,classification
3.3299,dtw_suffix,synthetic-branch_b-11,0,classification
3.1588,dtw_suffix,synthetic-branch_b-11,1,classification
3.765,dtw_suffix,synthetic-branch_b-11,2,classification
3.7346,dtw_suffix,synthetic-branch_b-11,3,classification
3.2237,dtw_suffix,synthetic-branch_b-11,4,classification
3.2655,dtw_suffix,synthetic-branch_b-12,0,classification
3.9702,dtw_suffix,synthetic-branch_b-12,1,classification
3.5348,dtw_suffix,synthetic-branch_b-12,2,classification
3.1639,dtw_suffix,synthetic-branch_b-12,3,classification
3.1259,dtw_suffix,synthetic-branch_b-12,4,classification
4.1416,dtw_suffix,synthetic-branch_b-13,0,classification
3.4723,dtw_suffix,synthetic-branch_b-13,1,classification
3.2388,dtw_suffix,synthetic-branch_b-13,2,classification
3.0973,dtw_suffix,synthetic-branch_b-13,3,classification
2.9886,dtw_suffix,synthetic-branch_b-13,4,classification
3.2298,dtw_suffix,synthetic-branch_b-14,0,classification
3.1393,dtw_suffix,synthetic-branch_b-14,1,classification
3.1282,dtw_suffix,synthetic-branch_b-14,2,classification
3.1225,dtw_suffix,synthetic-branch_b-14,3,classification
3.7358,dtw_suffix,synthetic-branch_b-14,4,classification
3.1611,dtw_suffix,synthetic-branch_b-15,0,classification
3.1252,dtw_suffix,synthetic-branch_b-15,1,classification
3.1165,dtw_suffix,synthetic-branch_b-15,2,classification
4.0058,dtw_suffix,synthetic-branch_b-15,3,classification
3.4063,dtw_suffix,synthetic-branch_b-15,4,classification
3.1302,dtw_suffix,synthetic-branch_b-16,0,classification
3.2269,dtw_suffix,synthetic-branch_b-16,1,classification
3.7603,dtw_suffix,synthetic-branch_b-16,2,classification
3.3917,dtw_suffix,synthetic-branch_b-16,3,classification
3.2034,dtw_suffix,synthetic-branch_b-16,4,classification
3.4936,dtw_suffix,synthetic-branch_b-17,0,classification
3.8735,dtw_suffix,synthetic-branch_b-17,1,classification
3.2489,dtw_suffix,synthetic-branch_b-17,2,classification
3.1723,dtw_suffix,synthetic-branch_b-17,3,classification
3.1354,dtw_suffix,synthetic-branch_b-17,4,classification
3.8162,dtw_suffix,synthetic-branch_b-18,0,classification
3.2192,dtw_suffix,synthetic-branch_b-18,1,classification
3.1564,dtw_suffix,synthetic-branch_b-18,2,classification
3.1357,dtw_suffix,synthetic-branch_b-18,3,classification
3.1237,dtw_suffix,synthetic-branch_b-18,4,classification
3.2259,dtw_suffix,synthetic-branch_b-19,0,classification
3.1398,dtw_suffix,synthetic-branch_b-19,1,classification
3.1249,dtw_suffix,synthetic-branch_b-19,2,classification
3.1764,dtw_suffix,synthetic-branch_b-19,3,classification
4.1506,dtw_suffix,synthetic-branch_b-19,4,classification
3.2006,dtw_suffix,synthetic-branch_b-20,0,classification
3.0151,dtw_suffix,synthetic-branch_b-20,1,classification
2.9817,dtw_suffix,synthetic-branch_b-20,2,classification
3.81,dtw_suffix,synthetic-branch_b-20,3,classification
3.5372,dtw_suffix,synthetic-branch_b-20,4,classification
3.0305,dtw_suffix,synthetic-branch_b-21,0,classification
2.9763,dtw_suffix,synthetic-branch_b-21,1,classification
3.5139,dtw_suffix,synthetic-branch_b-21,2,classification
3.3268,dtw_suffix,synthetic-branch_b-21,3,classification
2.9959,dtw_suffix,synthetic-branch_b-21,4,classification
3.1431,dtw_suffix,synthetic-branch_b-22,0,classification
3.7335,dtw_suffix,synthetic-branch_b-22,1,classification
3.7737,dtw_suffix,synthetic-branch_b-22,2,classification
3.4393,dtw_suffix,synthetic-branch_b-22,3,classification
3.7809,dtw_suffix,synthetic-branch_b-22,4,classification
3.9285,dtw_suffix,synthetic-branch_b-23,0,classification
3.1899,dtw_suffix,synthetic-branch_b-23,1,classification
3.0931,dtw_suffix,synthetic-branch_b-23,2,classification
2.969,dtw_suffix,synthetic-branch_b-23,3,classification
2.9628,dtw_suffix,synthetic-branch_b-23,4,classification
3.2199,dtw_suffix,synthetic-unknown-00,0,classification
3.0833,dtw_suffix,synthetic-unknown-00,1,classification
2.9783,dtw_suffix,synthetic-unknown-00,2,classification
2.9776,dtw_suffix,synthetic-unknown-00,3,classification
4.0805,dtw_suffix,synthetic-unknown-00,4,classification
3.0802,dtw_suffix,synthetic-unknown-01,0,classification
2.9583,dtw_suffix,synthetic-unknown-01,1,classification
2.9501,dtw_suffix,synthetic-unknown-01,2,classification
3.2207,dtw_suffix,synthetic-unknown-01,3,classification
3.5054,dtw_suffix,synthetic-unknown-01,4,classification
2.9563,dtw_suffix,synthetic-unknown-02,0,classification
3.3259,dtw_suffix,synthetic-unknown-02,1,classification
3.4551,dtw_suffix,synthetic-unknown-02,2,classification
3.7616,dtw_suffix,synthetic-unknown-02,3,classification
3.187,dtw_suffix,synthetic-unknown-02,4,classification
3.1164,dtw_suffix,synthetic-unknown-03,0,classification
3.4306,dtw_suffix,synthetic-unknown-03,1,classification
3.7538,dtw_suffix,synthetic-unknown-03,2,classification
3.0273,dtw_suffix,synthetic-unknown-03,3,classification
3.0514,dtw_suffix,synthetic-unknown-03,4,classification
3.1508,dtw_suffix,synthetic-unknown-04,0,classification
3.7787,dtw_suffix,synthetic-unknown-04,1,classification
3.0672,dtw_suffix,synthetic-unknown-04,2,classification
2.9589,dtw_suffix,synthetic-unknown-04,3,classification
2.9556,dtw_suffix,synthetic-unknown-04,4,classification
3.8891,dtw_suffix,synthetic-unknown-05,0,classification
3.0012,dtw_suffix,synthetic-unknown-05,1,classification
3.3474,dtw_suffix,synthetic-unknown-05,2,classification
3.2257,dtw_suffix,synthetic-unknown-05,3,classification
3.0982,dtw_suffix,synthetic-unknown-05,4,classification
2.9825,dtw_suffix,synthetic-unknown-06,0,classification
2.9489,dtw_suffix,synthetic-unknown-06,1,classification
2.941,dtw_suffix,synthetic-unknown-06,2,classification
2.9358,dtw_suffix,synthetic-unknown-06,3,classification
3.8277,dtw_suffix,synthetic-unknown-06,4,classification
3.3173,dtw_suffix,synthetic-unknown-07,0,classification
3.2585,dtw_suffix,synthetic-unknown-07,1,classification
2.9715,dtw_suffix,synthetic-unknown-07,2,classification
3.7456,dtw_suffix,synthetic-unknown-07,3,classification
3.3675,dtw_suffix,synthetic-unknown-07,4,classification
3.1207,dtw_suffix,synthetic-unknown-08,0,classification
3.1061,dtw_suffix,synthetic-unknown-08,1,classification
3.7488,dtw_suffix,synthetic-unknown-08,2,classification
3.0576,dtw_suffix,synthetic-unknown-08,3,classification
2.9556,dtw_suffix,synthetic-unknown-08,4,classification
2.9424,dtw_suffix,synthetic-unknown-09,0,classification
3.2657,dtw_suffix,synthetic-unknown-09,1,classification
3.5432,dtw_suffix,synthetic-unknown-09,2,classification
3.1861,dtw_suffix,synthetic-unknown-09,3,classification
3.1405,dtw_suffix,synthetic-unknown-09,4,classification
3.5386,dtw_suffix,synthetic-unknown-10,0,classification
3.6901,dtw_suffix,synthetic-unknown-10,1,classification
3.4486,dtw_suffix,synthetic-unknown-10,2,classification
3.3539,dtw_suffix,synthetic-unknown-10,3,classification
3.2871,dtw_suffix,synthetic-unknown-10,4,classification
3.2093,dtw_suffix,synthetic-unknown-11,0,classification
3.0019,dtw_suffix,synthetic-unknown-11,1,classification
2.9863,dtw_suffix,synthetic-unknown-11,2,classification
3.4293,dtw_suffix,synthetic-unknown-11,3,classification
3.5105,dtw_suffix,synthetic-unknown-11,4,classification
3.0096,dtw_suffix,synthetic-unknown-12,0,classification
2.9737,dtw_suffix,synthetic-unknown-12,1,classification
2.9734,dtw_suffix,synthetic-unknown-12,2,classification
3.4139,dtw_suffix,synthetic-unknown-12,3,classification
3.4762,dtw_suffix,synthetic-unknown-12,4,classification
2.9764,dtw_suffix,synthetic-unknown-13,0,classification
2.9634,dtw_suffix,synthetic-unknown-13,1,classification
3.1879,dtw_suffix,synthetic-unknown-13,2,classification
3.6836,dtw_suffix,synthetic-unknown-13,3,classification
3.5023,dtw_suffix,synthetic-unknown-13,4,classification
3.1215,dtw_suffix,synthetic-unknown-14,0,classification
3.212,dtw_suffix,synthetic-unknown-14,1,classification
3.4,dtw_suffix,synthetic-unknown-14,2,classification
3.0456,dtw_suffix,synthetic-unknown-14,3,classification
2.9932,dtw_suffix,synthetic-unknown-14,4,classification
3.0506,dtw_suffix,synthetic-unknown-15,0,classification
3.3266,dtw_suffix,synthetic-unknown-15,1,classification
3.8864,dtw_suffix,synthetic-unknown-15,2,classification
3.0334,dtw_suffix,synthetic-unknown-15,3,classification
2.9734,dtw_suffix,synthetic-unknown-15,4,classification
3.2485,dtw_suffix,synthetic-unknown-16,0,classification
3.3469,dtw_suffix,synthetic-unknown-16,1,classification
3.0141,dtw_suffix,synthetic-unknown-16,2,classification
2.9786,dtw_suffix,synthetic-unknown-16,3,classification
3.0375,dtw_suffix,synthetic-unknown-16,4,classification
3.619,dtw_suffix,synthetic-unknown-17,0,classification
3.2196,dtw_suffix,synthetic-unknown-17,1,classification
2.9767,dtw_suffix,synthetic-unknown-17,2,classification
3.1817,dtw_suffix,synthetic-unknown-17,3,classification
3.4,dtw_suffix,synthetic-unknown-17,4,classification
3.0072,dtw_suffix,synthetic-unknown-18,0,classification
3.1923,dtw_suffix,synthetic-unknown-18,1,classification
3.3652,dtw_suffix,synthetic-unknown-18,2,classification
3.1438,dtw_suffix,synthetic-unknown-18,3,classification
4.0431,dtw_suffix,synthetic-unknown-18,4,classification
2.9686,dtw_suffix,synthetic-unknown-19,0,classification
3.5241,dtw_suffix,synthetic-unknown-19,1,classification
3.3956,dtw_suffix,synthetic-unknown-19,2,classification
3.7782,dtw_suffix,synthetic-unknown-19,3,classification
3.2271,dtw_suffix,synthetic-unknown-19,4,classification
3.1168,dtw_suffix,synthetic-unknown-20,0,classification
3.1061,dtw_suffix,synthetic-unknown-20,1,classification
3.941,dtw_suffix,synthetic-unknown-20,2,classification
3.4662,dtw_suffix,synthetic-unknown-20,3,classification
3.2829,dtw_suffix,synthetic-unknown-20,4,classification
3.1216,dtw_suffix,synthetic-unknown-21,0,classification
3.6669,dtw_suffix,synthetic-unknown-21,1,classification
3.1735,dtw_suffix,synthetic-unknown-21,2,classification
3.2129,dtw_suffix,synthetic-unknown-21,3,classification
3.1235,dtw_suffix,synthetic-unknown-21,4,classification
3.928,dtw_suffix,synthetic-unknown-22,0,classification
3.47,dtw_suffix,synthetic-unknown-22,1,classification
3.2164,dtw_suffix,synthetic-unknown-22,2,classification
3.1275,dtw_suffix,synthetic-unknown-22,3,classification
3.1107,dtw_suffix,synthetic-unknown-22,4,classification
3.2407,dtw_suffix,synthetic-unknown-23,0,classification
3.1349,dtw_suffix,synthetic-unknown-23,1,classification
3.1175,dtw_suffix,synthetic-unknown-23,2,classification
3.2973,dtw_suffix,synthetic-unknown-23,3,classification
3.544,dtw_suffix,synthetic-unknown-23,4,classification
3.2652,dtw_suffix,synthetic-ambiguous-00,0,classification
3.156,dtw_suffix,synthetic-ambiguous-00,1,classification
3.1384,dtw_suffix,synthetic-ambiguous-00,2,classification
3.5036,dtw_suffix,synthetic-ambiguous-00,3,classification
3.3423,dtw_suffix,synthetic-ambiguous-00,4,classification
3.1256,dtw_suffix,synthetic-ambiguous-01,0,classification
3.2139,dtw_suffix,synthetic-ambiguous-01,1,classification
3.7991,dtw_suffix,synthetic-ambiguous-01,2,classification
3.7632,dtw_suffix,synthetic-ambiguous-01,3,classification
3.1556,dtw_suffix,synthetic-ambiguous-01,4,classification
3.1136,dtw_suffix,synthetic-ambiguous-02,0,classification
3.6766,dtw_suffix,synthetic-ambiguous-02,1,classification
3.3392,dtw_suffix,synthetic-ambiguous-02,2,classification
3.3788,dtw_suffix,synthetic-ambiguous-02,3,classification
3.1541,dtw_suffix,synthetic-ambiguous-02,4,classification
3.668,dtw_suffix,synthetic-ambiguous-03,0,classification
3.6274,dtw_suffix,synthetic-ambiguous-03,1,classification
3.1883,dtw_suffix,synthetic-ambiguous-03,2,classification
3.1378,dtw_suffix,synthetic-ambiguous-03,3,classification
3.1247,dtw_suffix,synthetic-ambiguous-03,4,classification
3.2263,dtw_suffix,synthetic-ambiguous-04,0,classification
3.1955,dtw_suffix,synthetic-ambiguous-04,1,classification
3.1074,dtw_suffix,synthetic-ambiguous-04,2,classification
3.0143,dtw_suffix,synthetic-ambiguous-04,3,classification
3.3632,dtw_suffix,synthetic-ambiguous-04,4,classification
3.1423,dtw_suffix,synthetic-ambiguous-05,0,classification
3.1163,dtw_suffix,synthetic-ambiguous-05,1,classification
3.1136,dtw_suffix,synthetic-ambiguous-05,2,classification
3.4747,dtw_suffix,synthetic-ambiguous-05,3,classification
4.2245,dtw_suffix,synthetic-ambiguous-05,4,classification
3.1538,dtw_suffix,synthetic-ambiguous-06,0,classification
3.2422,dtw_suffix,synthetic-ambiguous-06,1,classification
4.2517,dtw_suffix,synthetic-ambiguous-06,2,classification
3.3112,dtw_suffix,synthetic-ambiguous-06,3,classification
3.1461,dtw_suffix,synthetic-ambiguous-06,4,classification
3.2723,dtw_suffix,synthetic-ambiguous-07,0,classification
3.424,dtw_suffix,synthetic-ambiguous-07,1,classification
3.141,dtw_suffix,synthetic-ambiguous-07,2,classification
2.9959,dtw_suffix,synthetic-ambiguous-07,3,classification
3.0066,dtw_suffix,synthetic-ambiguous-07,4,classification
3.3325,dtw_suffix,synthetic-ambiguous-08,0,classification
3.7678,dtw_suffix,synthetic-ambiguous-08,1,classification
3.1316,dtw_suffix,synthetic-ambiguous-08,2,classification
3.2082,dtw_suffix,synthetic-ambiguous-08,3,classification
3.4093,dtw_suffix,synthetic-ambiguous-08,4,classification
3.1942,dtw_suffix,synthetic-ambiguous-09,0,classification
3.171,dtw_suffix,synthetic-ambiguous-09,1,classification
3.3928,dtw_suffix,synthetic-ambiguous-09,2,classification
3.3067,dtw_suffix,synthetic-ambiguous-09,3,classification
3.3797,dtw_suffix,synthetic-ambiguous-09,4,classification
3.1697,dtw_suffix,synthetic-ambiguous-10,0,classification
3.1403,dtw_suffix,synthetic-ambiguous-10,1,classification
3.2112,dtw_suffix,synthetic-ambiguous-10,2,classification
3.4477,dtw_suffix,synthetic-ambiguous-10,3,classification
3.2303,dtw_suffix,synthetic-ambiguous-10,4,classification
3.1347,dtw_suffix,synthetic-ambiguous-11,0,classification
3.2021,dtw_suffix,synthetic-ambiguous-11,1,classification
3.5226,dtw_suffix,synthetic-ambiguous-11,2,classification
3.7383,dtw_suffix,synthetic-ambiguous-11,3,classification
3.2076,dtw_suffix,synthetic-ambiguous-11,4,classification
